g,area,r_s,sigma,ratio,r_tx,delta_a,delta_loc,delta_norm,delta_unc_a,v_step,i_cm_a,cmrr_req_db,cmrr_ok,spread_std_max_a,spread_std_loc,max_abs_skew,spread5_a,comp5_a,leak_resid_a,leak_raw_shift_a,total_err_a,limit_a,margin_left_a,margin_left_frac,budget_closes,binding_term,ok,mu_nonuniform_min,mu_uniform_min,mu_nonuniform_argmin
1,20,1.0,0.0,403.4,1016.0459,0.00012634929313090518,1,0.9993576583603958,0.00012643050470859568,0.00012634929313090518,3.204257987635287e-05,8.083093180640963,True,0.0,0,0.0,0.0,4.9999999999999996e-06,1.508111527548996e-07,4.5525649362658516e-07,5.150811152754899e-06,5.0539717252362076e-05,4.5388906099607176e-05,0.8980838945529683,True,absolute signal (comparator noise),True,10.077781219921436,10.077781219921436,0
1,20,1.0,0.05,403.4,1016.0459,0.0001262953910693007,1,0.998931320889635,0.00012643050470859568,0.0001262953910693007,3.202929434791661e-05,8.083197372112874,True,1.1481454153992074e-06,0,0.14622689910319286,5.740727076996037e-06,4.9999999999999996e-06,1.508111527548996e-07,4.5525649362658516e-07,7.763691512550098e-06,5.0518156427720284e-05,4.275446491517019e-05,0.8463187879063218,True,device spread,True,6.692312434101661,6.616069463138177,1
1,20,1.0,0.1,403.4,1016.0459,0.00012620692840589604,1,0.9982316269066951,0.00012643050470859568,0.00012620692840589604,3.200850408406145e-05,8.083643615526304,True,2.293708167954087e-06,0,0.19033560040651232,1.1468540839770436e-05,4.9999999999999996e-06,1.508111527548996e-07,4.5525649362658516e-07,1.2661903390984237e-05,5.048277136235842e-05,3.7820867971374184e-05,0.7491836709974017,True,device spread,True,4.0911843031669495,4.022986902439054,1
1,20,1.0,0.15,403.4,1016.0459,0.0001260846671994649,1,0.9972646039029275,0.00012643050470859568,0.0001260846671994649,3.1980407511141655e-05,8.084434339919076,True,3.4339267703941623e-06,0,0.2327975368664137,1.7169633851970813e-05,4.9999999999999996e-06,1.508111527548996e-07,4.5525649362658516e-07,1.8033661222325525e-05,5.0433866879785955e-05,3.240020565746043e-05,0.6424295351908963,True,device spread,True,2.8634701040221016,2.811803237817918,1
1,20,1.0,0.2,403.4,1016.0459,0.00012592973550819335,1,0.9960391742360237,0.00012643050470859568,0.00012592973550819335,3.19453027877109e-05,8.085574353237838,True,4.56612221594426e-06,0,0.2729820177050229,2.28306110797213e-05,4.9999999999999996e-06,1.508111527548996e-07,4.5525649362658516e-07,2.3522520595444218e-05,5.0371894203277345e-05,2.6849373607833127e-05,0.5330229095511406,True,device spread,True,2.1891273981255077,2.1487980232542054,1
1,20,2.0,0.0,403.4,1016.0459,0.00012626818544044698,1,0.9987161384151488,0.00012643050470859568,0.00025253637088089396,3.2022300773315324e-05,8.083171859272625,True,0.0,0,0.0,0.0,4.9999999999999996e-06,1.5080946977766925e-07,4.5525431320358805e-07,5.150809469777669e-06,5.050727417617879e-05,4.5356464706401124e-05,0.8980184626117282,True,absolute signal (comparator noise),True,10.071292941280225,10.071292941280225,0
1,20,2.0,0.05,403.4,1016.0459,0.00012621432591541123,1,0.9982901373866796,0.00012643050470859568,0.00025242865183082246,3.2009025871744374e-05,8.083276106729537,True,1.1466931475668997e-06,0,0.1462940948698054,5.7334657378344985e-06,4.9999999999999996e-06,1.5080946977766925e-07,4.5525431320358805e-07,7.758215687860289e-06,5.0485730366164495e-05,4.2727514678304206e-05,0.8463285440937219,True,device spread,True,6.69272932860116,6.616568046115633,1
1,20,2.0,0.1,403.4,1016.0459,0.00012612589635457264,1,0.9975907052279422,0.00012643050470859568,0.0002522517927091453,3.1988243854265915e-05,8.083722647624729,True,2.2908115835938886e-06,0,0.19047070393271004,1.1454057917969443e-05,4.9999999999999996e-06,1.5080946977766925e-07,4.5525431320358805e-07,1.2648626990777024e-05,5.045035854182906e-05,3.7801731551052035e-05,0.749285686834319,True,device spread,True,4.092860180583487,4.024666625795742,1
1,20,2.0,0.15,403.4,1016.0459,0.00012600365839379718,1,0.9966238660853065,0.00012643050470859568,0.00025200731678759437,3.196015304069191e-05,8.084513912806237,True,3.429601430080977e-06,0,0.23299825397982296,1.7148007150404884e-05,4.9999999999999996e-06,1.5080946977766925e-07,4.5525431320358805e-07,1.8012896392372608e-05,5.040146335751888e-05,3.2388566965146275e-05,0.6426116387812092,True,device spread,True,2.8649364517664466,2.8132577176172977,1
1,20,2.0,0.2,403.4,1016.0459,0.00012584873965212104,1,0.9953985388430148,0.00012643050470859568,0.0002516974793042421,3.1925051478269174e-05,8.085654713659823,True,4.560390776521248e-06,0,0.27324531730386864,2.2801953882606238e-05,4.9999999999999996e-06,1.5080946977766925e-07,4.5525431320358805e-07,2.3494525987601082e-05,5.0339495860848415e-05,2.6844969873247333e-05,0.5332784807272182,True,device spread,True,2.1903294319590962,2.1499869719866855,1
1,20,5.0,0.0,403.4,1016.0459,0.00012602548369452214,1,0.9967964929428459,0.00012643050470859568,0.0006301274184726107,3.1961618795699334e-05,8.08340788859227,True,0.0,0,0.0,0.0,4.9999999999999996e-06,1.5080442102819195e-07,4.552477720688074e-07,5.1508044210281915e-06,5.041019347780886e-05,4.525938905678067e-05,0.8978221652076056,True,absolute signal (comparator noise),True,10.051877811356135,10.051877811356135,0
1,20,5.0,0.05,403.4,1016.0459,0.00012597175157752445,1,0.9963714996461606,0.00012643050470859568,0.0006298587578876223,3.194837572430848e-05,8.083512303801509,True,1.142352879443201e-06,0,0.14649514739874098,5.711764397216005e-06,4.9999999999999996e-06,1.5080442102819195e-07,4.552477720688074e-07,7.741868412940282e-06,5.0388700631009785e-05,4.264683221806951e-05,0.8463570539428468,True,device spread,True,6.69394690113032,6.618030919447871,1
1,20,5.0,0.1,403.4,1016.0459,0.00012588342179051002,1,0.9956728566468463,0.00012643050470859568,0.0006294171089525501,3.192761856249589e-05,8.08395973652199,True,2.2821547992844794e-06,0,0.19087496990014194,1.1410773996422397e-05,4.9999999999999996e-06,1.5080442102819195e-07,4.552477720688074e-07,1.2608964927195607e-05,5.035336871620401e-05,3.7744403789008404e-05,0.7495904395540876,True,device spread,True,4.09787467645598,4.02969316941478,1
1,20,5.0,0.15,403.4,1016.0459,0.00012576125469040435,1,0.9947065779755142,0.00012643050470859568,0.0006288062734520218,3.1899545307892565e-05,8.084752623034177,True,3.4166746152263765e-06,0,0.23359888017868982,1.7083373076131883e-05,4.9999999999999996e-06,1.5080442102819195e-07,4.552477720688074e-07,1.7950850366426976e-05,5.030450187616174e-05,3.2353651509734766e-05,0.6431561848953818,True,device spread,True,2.8693302812395465,2.8176161796985704,1
1,20,5.0,0.2,403.4,1016.0459,0.00012560637655951402,1,0.9934815719435656,0.00012643050470859568,0.0006280318827975701,3.186445366900546e-05,8.08589578504318,True,4.543261618948407e-06,0,0.2740332511668024,2.2716308094742038e-05,4.9999999999999996e-06,1.5080442102819195e-07,4.552477720688074e-07,2.3410870058408554e-05,5.024255062380561e-05,2.6831680565397055e-05,0.5340429622353575,True,device spread,True,2.193932967302294,2.153551369273735,1
1,20,10.0,0.0,403.4,1016.0459,0.00012562303995594347,1,0.9936133708038791,0.00012643050470859568,0.0012562303995594347,3.186099695961082e-05,8.083801248927445,True,0.0,0,0.0,0.0,4.9999999999999996e-06,1.507960070531631e-07,4.552368706249566e-07,5.150796007053163e-06,5.0249215982377395e-05,4.509841997532423e-05,0.8974949975565873,True,absolute signal (comparator noise),True,10.019683995064847,10.019683995064847,0
1,20,10.0,0.05,403.4,1016.0459,0.00012556951951158205,1,0.993190051728433,0.00012643050470859568,0.0012556951951158205,3.184780677000057e-05,8.083905943051725,True,1.1351737991811053e-06,0,0.1468284620515784,5.675868995905526e-06,4.9999999999999996e-06,1.507960070531631e-07,4.552368706249566e-07,7.714888078060866e-06,5.022780780463282e-05,4.2512919726571956e-05,0.8464020546532935,True,device spread,True,6.695866290455624,6.620359896135994,1
1,20,10.0,0.1,403.4,1016.0459,0.0001254813575355227,1,0.9924927360271113,0.00012643050470859568,0.001254813575355227,3.182709141462407e-05,8.08435486009133,True,2.2678358872856034e-06,0,0.1915452836613362,1.1339179436428018e-05,4.9999999999999996e-06,1.507960070531631e-07,4.552368706249566e-07,1.254341438621388e-05,5.019254301420909e-05,3.764912862799521e-05,0.7500940651151518,True,device spread,True,4.106188294089696,4.038028564754769,1
1,20,10.0,0.15,403.4,1016.0459,0.0001253593122197891,1,0.9915274206072694,0.00012643050470859568,0.001253593122197891,3.1799048345811395e-05,8.085150445386493,True,3.3952926974856993e-06,0,0.23459486825271808,1.6976463487428496e-05,4.9999999999999996e-06,1.507960070531631e-07,4.552368706249566e-07,1.7848262281635886e-05,5.014372488791564e-05,3.2295462606279755e-05,0.6440579091096358,True,device spread,True,2.8766358905770772,2.82486363331359,1
1,20,10.0,0.2,403.4,1016.0459,0.0001252045075557448,1,0.9903029956601325,0.00012643050470859568,0.001252045075557448,3.176397469173962e-05,8.08629753784774,True,4.514928571281975e-06,0,0.27533996102888575,2.2574642856409874e-05,4.9999999999999996e-06,1.507960070531631e-07,4.552368706249566e-07,2.3272528210641574e-05,5.008180302229792e-05,2.6809274811656345e-05,0.5353096972111817,True,device spread,True,2.199930274714818,2.1594838386501007,1
1,20,20.0,0.0,403.4,1016.0459,0.00012482578610355688,1,0.9873075045556652,0.00012643050470859568,0.0024965157220711376,3.16616616953042e-05,8.084587888002595,True,0.0,0,0.0,0.0,4.9999999999999996e-06,1.5077918138058045e-07,4.5521506941499006e-07,5.15077918138058e-06,4.9930314441422754e-05,4.4779535260042174e-05,0.8968406420227261,True,absolute signal (comparator noise),True,9.955907052008435,9.955907052008435,0
1,20,20.0,0.05,403.4,1016.0459,0.0001247726864635735,1,0.9868875138255343,0.00012643050470859568,0.00249545372927147,3.164857663404631e-05,8.084693137461862,True,1.121017675597115e-06,0,0.1474885146885929,5.605088377985575e-06,4.9999999999999996e-06,1.5077918138058045e-07,4.5521506941499006e-07,7.661905310332813e-06,4.9909074585429405e-05,4.224716927509659e-05,0.8464827213492423,True,device spread,True,6.699296516286425,6.624611882398234,1
1,20,20.0,0.1,403.4,1016.0459,0.0001246848655762111,1,0.9861928959596575,0.00012643050470859568,0.002493697311524222,3.1627946258292114e-05,8.08514501550449,True,2.239600883591853e-06,0,0.19287306765453974,1.1198004417959264e-05,4.9999999999999996e-06,1.5077918138058045e-07,4.5521506941499006e-07,1.2414355451972908e-05,4.987394623048444e-05,3.745959077851153e-05,0.7510853583832737,True,device spread,True,4.122650350404592,4.0545405314058724,1
1,20,20.0,0.15,403.4,1016.0459,0.0001245630771839726,1,0.9852296126719794,0.00012643050470859568,0.002491261543679452,3.159996689984421e-05,8.085945985610648,True,3.3531300544166963e-06,0,0.23656809495359238,1.676565027208348e-05,4.9999999999999996e-06,1.5077918138058045e-07,4.5521506941499006e-07,1.7646122248774627e-05,4.9825230873589044e-05,3.2179108624814416e-05,0.6458396290517072,True,device spread,True,2.891181256141278,2.839295662900512,1
1,20,20.0,0.2,403.4,1016.0459,0.00012440844046869034,1,0.984006516112817,0.00012643050470859568,0.0024881688093738065,3.1564934469315314e-05,8.087100921124849,True,4.45905856413238e-06,0,0.27792922670178705,2.22952928206619e-05,4.9999999999999996e-06,1.5077918138058045e-07,4.5521506941499006e-07,2.2999850977824697e-05,4.976337618747614e-05,2.6763525209651443e-05,0.5378157042404806,True,device spread,True,2.211892463368236,2.171317830679516,1
1,20,50.0,0.0,403.4,1016.0459,0.00012249338126863385,1,0.9688593868304461,0.00012643050470859568,0.006124669063431692,3.107849509636224e-05,8.086947160095082,True,0.0,0,0.0,0.0,4.9999999999999996e-06,1.5072872257531483e-07,4.551496792037864e-07,5.150728722575314e-06,4.8997352507453544e-05,4.384662378487823e-05,0.8948774074723368,True,absolute signal (comparator noise),True,9.769324756975646,9.769324756975646,0
1,20,50.0,0.05,403.4,1016.0459,0.0001224415234994212,1,0.968449218656775,0.00012643050470859568,0.006122076174971061,3.1065720284688164e-05,8.08705405609475,True,1.0801061267142519e-06,0,0.14941745064174386,5.400530633571259e-06,4.9999999999999996e-06,1.5072872257531483e-07,4.551496792037864e-07,7.510465886641813e-06,4.897660939976849e-05,4.1466143513126675e-05,0.8466519839023949,True,device spread,True,6.706391385600815,6.634188095137797,1
1,20,50.0,0.1,403.4,1016.0459,0.00012235476513746893,1,0.9677630048181746,0.00012643050470859568,0.006117738256873446,3.104535466305825e-05,8.087514757543273,True,2.1579997669831525e-06,0,0.19675642977922012,1.0789998834915763e-05,4.9999999999999996e-06,1.5072872257531483e-07,4.551496792037864e-07,1.2042914175951136e-05,4.894190605498757e-05,3.6898991879036436e-05,0.7539345083450449,True,device spread,True,4.170702730300203,4.1027931765529235,1
1,20,50.0,0.15,403.4,1016.0459,0.00012223384571853106,1,0.9668065946605424,0.00012643050470859568,0.006111692285926553,3.101759098717405e-05,8.088331782484778,True,3.231274329475763e-06,0,0.24234183328685732,1.6156371647378815e-05,4.9999999999999996e-06,1.5072872257531483e-07,4.551496792037864e-07,1.706310125892355e-05,4.889353828741243e-05,3.1830437028488876e-05,0.6510152086228453,True,device spread,True,2.9342814784125695,2.8820799364535397,1
1,20,50.0,0.2,403.4,1016.0459,0.00012207986834133092,1,0.9655887131251089,0.00012643050470859568,0.0061039934170665465,3.098272110137961e-05,8.089510107722129,True,4.29758200642223e-06,0,0.285509036855405,2.148791003211115e-05,4.9999999999999996e-06,1.5072872257531483e-07,4.551496792037864e-07,2.2212693221415916e-05,4.8831947336532374e-05,2.661925411511646e-05,0.5451196515196506,True,device spread,True,2.2475149193327026,2.2065677159672408,1
1,40,1.0,0.0,403.4,505.79,0.00018791609052539482,1,0.9990441805220406,0.00018809587622761701,0.00018791609052539482,4.7435394725287276e-05,8.04277100386879,True,0.0,0,0.0,0.0,4.9999999999999996e-06,1.5167388138810222e-07,4.563719939385658e-07,5.151673881388102e-06,7.516643621015794e-05,7.001476232876984e-05,0.9314631085211419,True,absolute signal (comparator noise),True,15.00295246575397,15.00295246575397,0
1,40,1.0,0.05,403.4,505.79,0.00018784001382107877,1,0.9986397234661932,0.00018809587622761701,0.00018784001382107877,4.741656927497527e-05,8.042840336056221,True,2.510143130458282e-06,0,0.0949338217310937,1.255071565229141e-05,4.9999999999999996e-06,1.5167388138810222e-07,4.563719939385658e-07,1.3661687330110963e-05,7.51360055284315e-05,6.147431819832054e-05,0.818173893674167,True,device spread,True,5.650604414073168,5.5502780905175095,1
1,40,1.0,0.1,403.4,505.79,0.00018777330274000477,1,0.9982850581624559,0.00018809587622761701,0.00018777330274000477,4.740123193274673e-05,8.043115675354114,True,5.011135572371438e-06,0,0.0879467524266503,2.505567786185719e-05,4.9999999999999996e-06,1.5167388138810222e-07,4.563719939385658e-07,2.570137041808224e-05,7.510932109600191e-05,4.940795067791967e-05,0.657813836644433,True,device spread,True,2.993340677697232,2.9337979457783625,1
1,40,1.0,0.15,403.4,505.79,0.00018771613191886352,1,0.9979811130559079,0.00018809587622761701,0.00018771613191886352,4.7389434691683734e-05,8.043598629579806,True,7.494089923347128e-06,0,0.08127457787237705,3.747044961673564e-05,4.9999999999999996e-06,1.5167388138810222e-07,4.563719939385658e-07,3.795424779481791e-05,7.508645276754541e-05,3.71322049727275e-05,0.4945260243906094,True,device spread,True,2.023546158393346,1.982266579459973,1
1,40,1.0,0.2,403.4,505.79,0.00018766849291686747,1,0.9977278432716283,0.00018809587622761701,0.00018766849291686747,4.7381192372556537e-05,8.044292387790634,True,9.950550574901601e-06,0,0.07501705641668542,4.9752752874508004e-05,4.9999999999999996e-06,1.5167388138810222e-07,4.563719939385658e-07,5.015503795413689e-05,7.506739716674699e-05,2.4912359212610105e-05,0.3318665646188898,True,device spread,True,1.5297660054290818,1.4982136637120185,1
1,40,2.0,0.0,403.4,505.79,0.0001877366502749614,1,0.9980901976169807,0.00018809587622761701,0.0003754733005499228,4.739053247079103e-05,8.042850475073147,True,0.0,0,0.0,0.0,4.9999999999999996e-06,1.516721828083759e-07,4.563698020506728e-07,5.1516721828083755e-06,7.509466010998457e-05,6.99429879271762e-05,0.9313976230099028,True,absolute signal (comparator noise),True,14.98859758543524,14.98859758543524,0
1,40,2.0,0.05,403.4,505.79,0.00018766059721741168,1,0.9976858662776923,0.00018809587622761701,0.00037532119443482335,4.7371712924792786e-05,8.04291989323597,True,2.5054238465107593e-06,0,0.09508309697131673,1.2527119232553796e-05,4.9999999999999996e-06,1.516721828083759e-07,4.563698020506728e-07,1.3639767536364385e-05,7.506423888696468e-05,6.142447135060029e-05,0.8182920690516319,True,device spread,True,5.654310354419731,5.553976654265444,1
1,40,2.0,0.1,403.4,505.79,0.00018759365231529388,1,0.9973299578789522,0.00018809587622761701,0.00037518730463058776,4.735631709767177e-05,8.043195620881228,True,5.001712442270772e-06,0,0.08824402039243813,2.500856221135386e-05,4.9999999999999996e-06,1.516721828083759e-07,4.563698020506728e-07,2.565516574504718e-05,7.503746092611755e-05,4.938229518107037e-05,0.6581018943283882,True,device spread,True,2.9958731778334564,2.936295318151518,1
1,40,2.0,0.15,403.4,505.79,0.00018753599500719509,1,0.9970234263948221,0.00018809587622761701,0.00037507199001439017,4.734439818214438e-05,8.043679267099353,True,7.47999225906861e-06,0,0.0817144129068334,3.739996129534305e-05,4.9999999999999996e-06,1.516721828083759e-07,4.563698020506728e-07,3.788437822005355e-05,7.501439800287803e-05,3.7130019782824486e-05,0.4949719090113866,True,device spread,True,2.0253342151990874,1.9840274839067786,1
1,40,2.0,0.2,403.4,505.79,0.00018748762504684112,1,0.9967662705160009,0.00018809587622761701,0.00037497525009368225,4.7335973046043906e-05,8.044374023668441,True,9.931821392462648e-06,0,0.07559167290369649,4.965910696231324e-05,4.9999999999999996e-06,1.516721828083759e-07,4.563698020506728e-07,5.0061860564485185e-05,7.499505001873645e-05,2.4933189454251264e-05,0.33246446862855694,True,device spread,True,1.5311339802427673,1.4995611169322858,1
1,40,5.0,0.0,403.4,505.79,0.00018720039217039538,1,0.9952392148345772,0.00018809587622761701,0.0009360019608519769,4.7256461369121235e-05,8.043088874207076,True,0.0,0,0.0,0.0,4.9999999999999996e-06,1.5166708725391793e-07,4.5636322652238364e-07,5.1516670872539175e-06,7.488015686815815e-05,6.972848978090424e-05,0.9312011712752621,True,absolute signal (comparator noise),True,14.94569795618085,14.94569795618085,0
1,40,5.0,0.05,403.4,505.79,0.00018712441160407227,1,0.9948352688903761,0.00018809587622761701,0.0009356220580203614,4.7237659923797366e-05,8.043158549694972,True,2.4913462693296426e-06,0,0.09552923126832029,1.2456731346648214e-05,4.9999999999999996e-06,1.5166708725391793e-07,4.5636322652238364e-07,1.357441478817448e-05,7.484976464162892e-05,6.127534985345443e-05,0.818644522756123,True,device spread,True,5.665392013450503,5.565037741806922,1
1,40,5.0,0.1,403.4,505.79,0.00018705677503692177,1,0.9944756832976083,0.00018809587622761701,0.0009352838751846089,4.722209109152792e-05,8.043435440567487,True,4.973603769550885e-06,0,0.08913244553037074,2.4868018847754425e-05,4.9999999999999996e-06,1.5166708725391793e-07,4.5636322652238364e-07,2.5517359693848938e-05,7.482271001476871e-05,4.930535032091977e-05,0.6589623699968599,True,device spread,True,3.0034638603525354,2.9437809598031826,1
1,40,5.0,0.15,403.4,505.79,0.00018699767614667787,1,0.9941614877318724,0.00018809587622761701,0.0009349883807333894,4.720981162229707e-05,8.043921159744711,True,7.437940781725069e-06,0,0.0830288739369849,3.718970390862534e-05,4.9999999999999996e-06,1.5166708725391793e-07,4.5636322652238364e-07,3.767598022968496e-05,7.479907045867115e-05,3.712309022898619e-05,0.49630416529705235,True,device spread,True,2.0306957198960203,1.9893076546951856,1
1,40,5.0,0.2,403.4,505.79,0.00018694713900410708,1,0.9938928101638983,0.00018809587622761701,0.0009347356950205354,4.720084445850274e-05,8.044618907180514,True,9.875956645542653e-06,0,0.07730886183977721,4.9379783227713266e-05,4.9999999999999996e-06,1.5166708725391793e-07,4.5636322652238364e-07,4.9783944806656963e-05,7.477885560164283e-05,2.499491079498587e-05,0.33425104722299004,True,device spread,True,1.535236293248136,1.5036019288958493,1
1,40,10.0,0.0,403.4,505.79,0.00018631344435441483,1,0.9905238120635603,0.00018809587622761701,0.0018631344435441483,4.7034713456363565e-05,8.04348615820343,True,0.0,0,0.0,0.0,4.9999999999999996e-06,1.5165859527871493e-07,4.5635226775985393e-07,5.1516585952787145e-06,7.452537774176594e-05,6.937371914648722e-05,0.9308737674147797,True,absolute signal (comparator noise),True,14.874743829297445,14.874743829297445,0
1,40,10.0,0.05,403.4,505.79,0.00018623758964661104,1,0.9901205352383311,0.00018809587622761701,0.0018623758964661104,4.701594343878637e-05,8.043556260578935,True,2.4681481694625552e-06,0,0.09626719833921234,1.2340740847312776e-05,4.9999999999999996e-06,1.5165859527871493e-07,4.5635226775985393e-07,1.3466833571993594e-05,7.449503585864442e-05,6.102820228665083e-05,0.8192250877287027,True,device spread,True,5.683740502037759,5.583357139006799,1
1,40,10.0,0.1,403.4,505.79,0.00018616883238009338,1,0.9897549915172426,0.00018809587622761701,0.0018616883238009338,4.700009428353919e-05,8.04383508416288,True,4.927285563744963e-06,0,0.09060199002186996,2.4636427818724812e-05,4.9999999999999996e-06,1.5165859527871493e-07,4.5635226775985393e-07,2.529034542787277e-05,7.446753295203736e-05,4.917718752416459e-05,0.6603842718388209,True,device spread,True,3.0160921591516656,2.956235337655066,1
1,40,10.0,0.15,403.4,505.79,0.0001861073894164633,1,0.9894283338314794,0.00018809587622761701,0.001861073894164633,4.698722853237578e-05,8.044324248292746,True,7.368650732256263e-06,0,0.08520298065724419,3.684325366128132e-05,4.9999999999999996e-06,1.5165859527871493e-07,4.5635226775985393e-07,3.733263949075159e-05,7.444295576658532e-05,3.7110316275833724e-05,0.4985067545167406,True,device spread,True,2.0396226510675146,1.9980994417592743,1
1,40,10.0,0.2,403.4,505.79,0.00018605332447742907,1,0.9891409009535317,0.00018809587622761701,0.0018605332447742908,4.6977379032605426e-05,8.045026966593822,True,9.783912164199393e-06,0,0.08014884994132687,4.8919560820996966e-05,4.9999999999999996e-06,1.5165859527871493e-07,4.5635226775985393e-07,4.932607705568576e-05,7.442132979097163e-05,2.5095252735285868e-05,0.33720511049414603,True,device spread,True,1.5420681124432312,1.5103314593438741,1
1,40,20.0,0.0,403.4,505.79,0.0001845646673678523,1,0.9812265482338828,0.00018809587622761701,0.003691293347357046,4.6597497293889866e-05,8.044280549311832,True,0.0,0,0.0,0.0,4.9999999999999996e-06,1.5164161363646694e-07,4.563303519267869e-07,5.1516416136364665e-06,7.382586694714093e-05,6.867422533350446e-05,0.9302190163601461,True,absolute signal (comparator noise),True,14.734845066700894,14.734845066700894,0
1,40,20.0,0.05,403.4,505.79,0.00018448908233518872,1,0.9808247051197249,0.00018809587622761701,0.0036897816467037743,4.657879462134642e-05,8.044351498128409,True,2.4227215708245195e-06,0,0.09772252278504709,1.2113607854122597e-05,4.9999999999999996e-06,1.5164161363646694e-07,4.563303519267869e-07,1.3256583248129186e-05,7.379563293407549e-05,6.053904968594631e-05,0.8203608706768352,True,device spread,True,5.719980965422906,5.619558894226981,1
1,40,20.0,0.1,403.4,505.79,0.0001844181997024527,1,0.9804478620216325,0.00018809587622761701,0.003688363994049054,4.6562413828327054e-05,8.04463416499207,True,4.83659006194231e-06,0,0.09349993786077157,2.4182950309711548e-05,4.9999999999999996e-06,1.5164161363646694e-07,4.563303519267869e-07,2.4846075919406215e-05,7.376727988098109e-05,4.892120396157487e-05,0.6631829727286432,True,device spread,True,3.041262259435229,2.9810619411575114,1
1,40,20.0,0.15,403.4,505.79,0.00018435228069640366,1,0.9800974077353871,0.00018809587622761701,0.003687045613928073,4.654842853948415e-05,8.045130182204929,True,7.2329864993568045e-06,0,0.08948982915732971,3.616493249678402e-05,4.9999999999999996e-06,1.5164161363646694e-07,4.563303519267869e-07,3.666057671857954e-05,7.374091227856147e-05,3.708033555998193e-05,0.5028461733685686,True,device spread,True,2.057442912656529,2.0156509756692818,1
1,40,20.0,0.2,403.4,505.79,0.00018429146513087062,1,0.9797740855724948,0.00018809587622761701,0.0036858293026174123,4.6536890609515935e-05,8.045842790905283,True,9.603718987336344e-06,0,0.08574787969298872,4.801859493668172e-05,4.9999999999999996e-06,1.5164161363646694e-07,4.563303519267869e-07,4.842985056646647e-05,7.371658605234825e-05,2.528673548588178e-05,0.3430264047757848,True,device spread,True,1.555711628801087,1.5237712010109585,1
1,40,50.0,0.0,403.4,505.79,0.00017951088043417727,1,0.9543584050558825,0.00018809587622761701,0.008975544021708864,4.533398482650489e-05,8.046662358988279,True,0.0,0,0.0,0.0,4.9999999999999996e-06,1.5159068716695035e-07,4.5626461796057015e-07,5.15159068716695e-06,7.180435217367091e-05,6.665276148650396e-05,0.9282551749132565,True,absolute signal (comparator noise),True,14.330552297300795,14.330552297300795,0
1,40,50.0,0.05,403.4,505.79,0.00017943623083592776,1,0.9539615351204717,0.00018809587622761701,0.008971811541796389,4.531551579143057e-05,8.046735790729153,True,2.293775724029514e-06,0,0.10193035654375725,1.146887862014757e-05,4.9999999999999996e-06,1.5159068716695035e-07,4.5626461796057015e-07,1.266299255920663e-05,7.17744923343711e-05,5.9111499775164474e-05,0.8235725235057828,True,device spread,True,5.824993175801584,5.724610429728589,1
1,40,50.0,0.1,403.4,505.79,0.0001793598216234761,1,0.9535553103058501,0.00018809587622761701,0.008967991081173805,4.529775246526385e-05,8.047029817148633,True,4.57918053543302e-06,0,0.10187844803789567,2.28959026771651e-05,4.9999999999999996e-06,1.5159068716695035e-07,4.5626461796057015e-07,2.358708426853229e-05,7.174392864939044e-05,4.815684438085815e-05,0.6712323298630415,True,device spread,True,3.116063119920929,3.054867938397078,1
1,40,50.0,0.15,403.4,505.79,0.00017928203211616407,1,0.9531417472396513,0.00018809587622761701,0.008964101605808203,4.528079797065896e-05,8.047546110477956,True,6.848033841818525e-06,0,0.10188067822768175,3.4240169209092624e-05,4.9999999999999996e-06,1.5159068716695035e-07,4.5626461796057015e-07,3.475490248628951e-05,7.171281284646563e-05,3.695791036017612e-05,0.515359932112851,True,device spread,True,2.110630815959318,2.068045468443089,1
1,40,50.0,0.2,403.4,505.79,0.0001792032062938436,1,0.9527226746693144,0.00018809587622761701,0.00896016031469218,4.526475515695092e-05,8.048287995762328,True,9.092569277343485e-06,0,0.10192639577090513,4.5462846386717426e-05,4.9999999999999996e-06,1.5159068716695035e-07,4.5626461796057015e-07,4.5888560433557734e-05,7.168128251753743e-05,2.57927220839797e-05,0.35982506420235005,True,device spread,True,1.5964812041314749,1.5639359631169065,1
1,60,1.0,0.0,403.4,336.8506,0.00022416546975132366,1,0.9988558407605804,0.00022442224453594073,0.00022416546975132366,5.649811015220529e-05,8.0293041188515,True,0.0,0,0.0,0.0,4.9999999999999996e-06,1.5196128095745526e-07,4.567426143743962e-07,5.151961280957455e-06,8.966618790052946e-05,8.451422661957201e-05,0.9425428759537235,True,absolute signal (comparator noise),True,17.902845323914402,17.902845323914402,0
1,60,1.0,0.05,403.4,336.8506,0.0002240917031970639,1,0.9985271453836481,0.00022442224453594073,0.0002240917031970639,5.647986348868105e-05,8.029357218136655,True,3.553017183163893e-06,0,0.07710713266929234,1.7765085915819466e-05,4.9999999999999996e-06,1.5196128095745526e-07,4.567426143743962e-07,1.860726614423314e-05,8.963668127882557e-05,7.102941513459243e-05,0.7924146021609946,True,device spread,True,4.94415962643387,4.8487261879880545,1
1,60,1.0,0.1,403.4,336.8506,0.00022409913805716695,1,0.9985602742747631,0.00022442224453594073,0.00022409913805716695,5.648306764809633e-05,8.029561789851488,True,7.095526079291613e-06,0,0.11017598697719151,3.547763039645806e-05,4.9999999999999996e-06,1.5196128095745526e-07,4.567426143743962e-07,3.598019398294382e-05,8.963965522286678e-05,5.365946123992296e-05,0.598612981124392,True,device spread,True,2.5505524627087537,2.497686522420851,1
1,60,1.0,0.15,403.4,336.8506,0.00022418663834125054,1,0.9989501655899692,0.00022442224453594073,0.00022418663834125054,5.650744710932918e-05,8.029919247777581,True,1.061758819116647e-05,0,0.14202710268502777,5.308794095583235e-05,4.9999999999999996e-06,1.5196128095745526e-07,4.567426143743962e-07,5.3474840750561696e-05,8.967465533650022e-05,3.619981458593852e-05,0.4036794393031153,True,device spread,True,1.7152994090034344,1.6788795906375158,1
1,60,1.0,0.2,403.4,336.8506,0.0002243520235084609,1,0.999687103087196,0.00022442224453594073,0.0002243520235084609,5.655247393390282e-05,8.030432346060884,True,1.4109487680372871e-05,0,0.17225943903479726,7.054743840186436e-05,4.9999999999999996e-06,1.5196128095745526e-07,4.567426143743962e-07,7.08763634704765e-05,8.974080940338437e-05,1.886444593290787e-05,0.21021033862211233,True,device spread,True,1.2946691944023125,1.2667317834989558,1
1,60,2.0,0.0,403.4,336.8506,0.0002239092901067444,1,0.9977143333974892,0.00022442224453594073,0.0004478185802134888,5.64340630453552e-05,8.029384119182446,True,0.0,0,0.0,0.0,4.9999999999999996e-06,1.5195957716583359e-07,4.5674041866912223e-07,5.151959577165833e-06,8.956371604269776e-05,8.441175646553193e-05,0.9424771569916802,True,absolute signal (comparator noise),True,17.882351293106385,17.882351293106385,0
1,60,2.0,0.05,403.4,336.8506,0.00022383545215469539,1,0.9973853198801272,0.00022442224453594073,0.00044767090430939077,5.6415798524972024e-05,8.029437326413241,True,3.5450217642156932e-06,0,0.07691229514466448,1.7725108821078468e-05,4.9999999999999996e-06,1.5195957716583359e-07,4.5674041866912223e-07,1.856878565331353e-05,8.953418086187815e-05,7.096539520856463e-05,0.7926067399671745,True,device spread,True,4.948774140969604,4.85329127370511,1
1,60,2.0,0.1,403.4,336.8506,0.00022384215827717755,1,0.997415201599277,0.00022442224453594073,0.0004476843165543551,5.6418820470227865e-05,8.029642352878948,True,7.0795283173613644e-06,0,0.10978809647581467,3.539764158680682e-05,4.9999999999999996e-06,1.5195957716583359e-07,4.5674041866912223e-07,3.59009879542845e-05,8.953686331087102e-05,5.363587535658652e-05,0.599036791922935,True,device spread,True,2.553254370279382,2.5003449825482926,1
1,60,2.0,0.15,403.4,336.8506,0.000223928283678186,1,0.997798966591854,0.00022442224453594073,0.000447856567356372,5.6442856157747114e-05,8.030000613436606,True,1.0593572166318522e-05,0,0.1414492988794408,5.296786083159261e-05,4.9999999999999996e-06,1.5195957716583359e-07,4.5674041866912223e-07,5.3355289182322714e-05,8.957131347127441e-05,3.6216024288951696e-05,0.4043261495832168,True,device spread,True,1.7171598092486533,1.6807097329758354,1
1,60,2.0,0.2,403.4,336.8506,0.00022409166600060877,1,0.998526979640474,0.00022442224453594073,0.00044818333200121753,5.648738219340756e-05,8.030514864753075,True,1.4077431919683275e-05,0,0.171497428622333,7.038715959841637e-05,4.9999999999999996e-06,1.5195957716583359e-07,4.5674041866912223e-07,7.071648491626904e-05,8.963666640024351e-05,1.892018148397447e-05,0.21107636242843444,True,device spread,True,1.2960856332688542,1.2681259654628454,1
1,60,5.0,0.0,403.4,336.8506,0.00022314430093409746,1,0.9943056286399514,0.00022442224453594073,0.0011157215046704873,5.6242809165213384e-05,8.0296240957868,True,0.0,0,0.0,0.0,4.9999999999999996e-06,1.5195446597638068e-07,4.5673383168904247e-07,5.15195446597638e-06,8.925772037363898e-05,8.41057659076626e-05,0.9422800129287423,True,absolute signal (comparator noise),True,17.821153181532523,17.821153181532523,0
1,60,5.0,0.05,403.4,336.8506,0.00022307025490661168,1,0.993975687962106,0.00022442224453594073,0.0011153512745330583,5.62244926037374e-05,8.029677625850432,True,3.521199328524044e-06,0,0.07633040746763192,1.760599664262022e-05,4.9999999999999996e-06,1.5195446597638068e-07,4.5673383168904247e-07,1.8454170664567043e-05,8.922810196264467e-05,7.077393129807763e-05,0.7931798361877866,True,device spread,True,4.962589411538318,4.866959636479843,1
1,60,5.0,0.1,403.4,336.8506,0.00022307480366079603,1,0.99399595669346,0.00022442224453594073,0.0011153740183039802,5.622697511766047e-05,8.029884013528545,True,7.031864543506982e-06,0,0.10862978018262145,3.5159322717534905e-05,4.9999999999999996e-06,1.5195446597638068e-07,4.5673383168904247e-07,3.566502211657179e-05,8.922992146431842e-05,5.356489934774663e-05,0.6003019891614088,True,device spread,True,2.561354665583091,2.5083151890667086,1
1,60,5.0,0.15,403.4,336.8506,0.00022315685571506978,1,0.9943615713162146,0.00022442224453594073,0.0011157842785753489,5.624999230966945e-05,8.030244676903553,True,1.0522023056744499e-05,0,0.1397240690144097,5.2610115283722496e-05,4.9999999999999996e-06,1.5195446597638068e-07,4.5673383168904247e-07,5.299913253790915e-05,8.926274228602792e-05,3.626360974811877e-05,0.4062569535665613,True,device spread,True,1.7227384053901773,1.6861976565476908,1
1,60,5.0,0.2,403.4,336.8506,0.00022331430285737282,1,0.9950631378771791,0.00022442224453594073,0.0011165715142868642,5.629303431716292e-05,8.030762380197775,True,1.3981938481434662e-05,0,0.16922248354224156,6.990969240717332e-05,4.9999999999999996e-06,1.5195446597638068e-07,4.5673383168904247e-07,7.024022090527124e-05,8.932572114294914e-05,1.9085500237677898e-05,0.213661865736691,True,device spread,True,1.3003330146534822,1.2723066385756354,1
1,60,10.0,0.0,403.4,336.8506,0.0002218810265542025,1,0.9886766216646975,0.00022442224453594073,0.002218810265542025,5.592697959239205e-05,8.030023976378875,True,0.0,0,0.0,0.0,4.9999999999999996e-06,1.5194594794563107e-07,4.56722853841451e-07,5.151945947945631e-06,8.8752410621681e-05,8.360046467373537e-05,0.9419514815219331,True,absolute signal (comparator noise),True,17.720092934747075,17.720092934747075,0
1,60,10.0,0.05,403.4,336.8506,0.0002218066536412649,1,0.9883452244224528,0.00022442224453594073,0.002218066536412649,5.590858127250108e-05,8.030078041184419,True,3.4820337765835824e-06,0,0.07536925011266071,1.7410168882917912e-05,4.9999999999999996e-06,1.5194594794563107e-07,4.56722853841451e-07,1.8265862711907065e-05,8.872266145650596e-05,7.04567987445989e-05,0.7941240443867721,True,device spread,True,4.985520139879,4.889650132696663,1
1,60,10.0,0.1,403.4,336.8506,0.0002218077009858017,1,0.988349891270603,0.00022442224453594073,0.002218077009858017,5.5910188285263e-05,8.030286687520462,True,6.953507957358477e-06,0,0.10671690601612022,3.4767539786792386e-05,4.9999999999999996e-06,1.5194594794563107e-07,4.56722853841451e-07,3.527717652122716e-05,8.872308039432069e-05,5.3445903873093526e-05,0.6023900842436788,True,device spread,True,2.574837022705005,2.5215815811255586,1
1,60,10.0,0.15,403.4,336.8506,0.0002218831317342938,1,0.9886860021077799,0.00022442224453594073,0.002218831317342938,5.593154988614165e-05,8.030651338843368,True,1.0404414225222821e-05,0,0.1368756435973491,5.202207112611411e-05,4.9999999999999996e-06,1.5194594794563107e-07,4.56722853841451e-07,5.2413747335292345e-05,8.875325269371752e-05,3.633950535842518e-05,0.40944420914724966,True,device spread,True,1.7320274062644043,1.6953358742667348,1
1,60,10.0,0.2,403.4,336.8506,0.00022203092655890964,1,0.9893445590388071,0.00022442224453594073,0.0022203092655890965,5.597217842569101e-05,8.03117477194695,True,1.3824996549310134e-05,0,0.16546741649122118,6.912498274655067e-05,4.9999999999999996e-06,1.5194594794563107e-07,4.56722853841451e-07,6.945752465349377e-05,8.881237062356386e-05,1.9354845970070096e-05,0.21792961762170138,True,device spread,True,1.3074055742458006,1.2792682253228294,1
1,60,20.0,0.0,403.4,336.8506,0.00021939746513496478,1,0.9776101544151019,0.00022442224453594073,0.004387949302699296,5.530606728358431e-05,8.030823442431323,True,0.0,0,0.0,0.0,4.9999999999999996e-06,1.519289142024407e-07,4.5670089984313933e-07,5.15192891420244e-06,8.775898605398592e-05,8.260705713978348e-05,0.9412945711219456,True,absolute signal (comparator noise),True,17.521411427956696,17.521411427956696,0
1,60,20.0,0.05,403.4,336.8506,0.00021932250959654,1,0.9772761610599433,0.00022442224453594073,0.0043864501919308,5.528752323323246e-05,8.030878564547987,True,3.4056669246843037e-06,0,0.07347870376305506,1.702833462342152e-05,4.9999999999999996e-06,1.519289142024407e-07,4.5670089984313933e-07,1.7899159121962076e-05,8.7729003838616e-05,6.982984471665392e-05,0.7959721604169938,True,device spread,True,5.031022776573144,4.934689745903119,1
1,60,20.0,0.1,403.4,336.8506,0.00021931689332891832,1,0.977251135610112,0.00022442224453594073,0.004386337866578367,5.528746404551077e-05,8.03109169135507,True,6.800744370972254e-06,0,0.1029559105776678,3.400372185486127e-05,4.9999999999999996e-06,1.519289142024407e-07,4.5670089984313933e-07,3.4521291724454974e-05,8.772675733156734e-05,5.3205465607112364e-05,0.6064907358426557,True,device spread,True,2.60173338125531,2.548049229217625,1
1,60,20.0,0.15,403.4,336.8506,0.00021937968537939697,1,0.9775309298462337,0.00022442224453594073,0.004387593707587939,5.5305665442614064e-05,8.031464257063469,True,1.0175173910307108e-05,0,0.1312775895893373,5.087586955153554e-05,4.9999999999999996e-06,1.519289142024407e-07,4.5670089984313933e-07,5.127290408706921e-05,8.77518741517588e-05,3.6478970064689585e-05,0.4157058799861364,True,device spread,True,1.7505730902087453,1.7135812636855048,1
1,60,20.0,0.2,403.4,336.8506,0.00021950903908297584,1,0.9781073152390736,0.00022442224453594073,0.004390180781659517,5.53416829250076e-05,8.031999063553847,True,1.351917887970695e-05,0,0.1580909365416557,6.759589439853475e-05,4.9999999999999996e-06,1.519289142024407e-07,4.5670089984313933e-07,6.793249352927379e-05,8.780361563319034e-05,1.987112210391655e-05,0.22631325556034548,True,device spread,True,1.321526955355738,1.2931684357716036,1
1,60,50.0,0.0,403.4,336.8506,0.00021227336569529741,1,0.9458659774757858,0.00022442224453594073,0.010613668284764871,5.3524976575243576e-05,8.033219599866733,True,0.0,0,0.0,0.0,4.9999999999999996e-06,1.5187783151227952e-07,4.5663505141924424e-07,5.151877831512279e-06,8.490934627811897e-05,7.975746844660669e-05,0.9393249617699635,True,absolute signal (comparator noise),True,16.95149368932134,16.95149368932134,0
1,60,50.0,0.05,403.4,336.8506,0.00021219716783199685,1,0.9455264484622599,0.00022442224453594073,0.010609858391599843,5.35061217215258e-05,8.033277801254386,True,3.1912513738306674e-06,0,0.074709813506528,1.5956256869153336e-05,4.9999999999999996e-06,1.5187783151227952e-07,4.5663505141924424e-07,1.6873185593598445e-05,8.487886713279875e-05,6.80056815392003e-05,0.8012086381030604,True,device spread,True,5.164587306795546,5.0670073481570705,1
1,60,50.0,0.1,403.4,336.8506,0.0002121740175337483,1,0.9454232933659529,0.00022442224453594073,0.010608700876687416,5.3501678134252055e-05,8.03350408913009,True,6.3719657699125086e-06,0,0.09216377874315244,3.1859828849562546e-05,4.9999999999999996e-06,1.5187783151227952e-07,4.5663505141924424e-07,3.2401663789304586e-05,8.486960701349932e-05,5.246794322419474e-05,0.6182182888610431,True,device spread,True,2.681867592977152,2.6269237660325384,1
1,60,50.0,0.15,403.4,336.8506,0.00021220327508151865,1,0.9455536616716029,0.00022442224453594073,0.010610163754075932,5.3511494318644404e-05,8.03389993024109,True,9.532078486146697e-06,0,0.11523080851785625,4.7660392430733486e-05,4.9999999999999996e-06,1.5187783151227952e-07,4.5663505141924424e-07,4.807382485635172e-05,8.488131003260747e-05,3.6807485176255754e-05,0.43363474435203725,True,device spread,True,1.8059539885344378,1.7680715718244353,1
1,60,50.0,0.2,403.4,336.8506,0.00021228357116541706,1,0.9459114518900568,0.00022442224453594073,0.010614178558270853,5.353524506661122e-05,8.034468201663183,True,1.2661875686321166e-05,0,0.13697002438525085,6.330937843160584e-05,4.9999999999999996e-06,1.5187783151227952e-07,4.5663505141924424e-07,6.365839243746651e-05,8.491342846616683e-05,2.1255036028700326e-05,0.250314189553296,True,device spread,True,1.3637065253032221,1.334690640174221,1
1,100,1.0,0.0,403.4,202.0276,0.0002651895217644632,1,0.9986375440521933,0.00026555132374494745,0.0002651895217644632,6.675441939440151e-05,8.018473256066427,True,0.0,0,0.0,0.0,4.9999999999999996e-06,1.5219127469479434e-07,4.5703885328572734e-07,5.152191274694794e-06,0.0001060758087057853,0.0001009236174310905,0.9514291586596804,True,absolute signal (comparator noise),True,21.184723486218104,21.184723486218104,0
1,100,1.0,0.05,403.4,202.0276,0.00026513953269023324,1,0.9984492976765963,0.00026555132374494745,0.00026513953269023324,6.674211810197946e-05,8.018509972767154,True,4.948752969146754e-06,0,0.10820145596799716,2.474376484573377e-05,4.9999999999999996e-06,1.5219127469479434e-07,4.5703885328572734e-07,2.539607961902421e-05,0.0001060558130760933,8.065973345706909e-05,0.7605404278895779,True,device spread,True,4.282027634730763,4.195218278454628,1
1,100,1.0,0.1,403.4,202.0276,0.0002653080588489098,1,0.9990839251237501,0.00026555132374494745,0.0002653080588489098,6.678559910426796e-05,8.018647682453201,True,9.893080409336168e-06,0,0.17237953711400664,4.946540204668084e-05,4.9999999999999996e-06,1.5219127469479434e-07,4.5703885328572734e-07,4.9869652992282276e-05,0.00010612322353956393,5.625357054728166e-05,0.5300778535652915,True,device spread,True,2.1781132361398683,2.1314650548095466,1
1,100,1.0,0.15,403.4,202.0276,0.00026569214313451454,1,1.0005302906706741,0.00026555132374494745,0.00026569214313451454,6.688413171602173e-05,8.018887630530788,True,1.4829491274777794e-05,0,0.23520242389738227,7.414745637388898e-05,4.9999999999999996e-06,1.5219127469479434e-07,4.5703885328572734e-07,7.446803942781601e-05,0.00010627685725380582,3.180881782598981e-05,0.2993014532790084,True,device spread,True,1.4602091674248399,1.4280219982210334,1
1,100,1.0,0.2,403.4,202.0276,0.00026628672960837287,1,1.0027693549143508,0.00026555132374494745,0.00026628672960837287,6.703646936329981e-05,8.019232182746647,True,1.9753798549798385e-05,0,0.2959292007183679,9.876899274899193e-05,4.9999999999999996e-06,1.5219127469479434e-07,4.5703885328572734e-07,9.904766098211071e-05,0.00010651469184334915,7.467030861238439e-06,0.07010329497286796,True,device spread,True,1.100338926920835,1.0755042762153797,1
1,100,2.0,0.0,403.4,202.0276,0.0002648287295386615,1,0.9972788905884726,0.00026555132374494745,0.000529657459077323,6.666421913919163e-05,8.018553986842745,True,0.0,0,0.0,0.0,4.9999999999999996e-06,1.5218956672704274e-07,4.570366545262694e-07,5.152189566727042e-06,0.00010593149181546461,0.00010077930224873757,0.9513630037826496,True,absolute signal (comparator noise),True,21.155860449747514,21.155860449747514,0
1,100,2.0,0.05,403.4,202.0276,0.0002647784138661122,1,0.9970894143251283,0.00026555132374494745,0.0005295568277322244,6.6651836189751e-05,8.018590841001679,True,4.9354738936137114e-06,0,0.10792841541478249,2.4677369468068557e-05,4.9999999999999996e-06,1.5218956672704274e-07,4.570366545262694e-07,2.5331001370772967e-05,0.00010591136554644488,8.058036417567191e-05,0.7608282997761494,True,device spread,True,4.287210912163154,4.200324336302623,1
1,100,2.0,0.1,403.4,202.0276,0.0002649451062125558,1,0.9977171360931572,0.00026555132374494745,0.0005298902124251116,6.669485870912867e-05,8.01872909514,True,9.86641533519464e-06,0,0.17183053367135318,4.9332076675973196e-05,4.9999999999999996e-06,1.5218956672704274e-07,4.570366545262694e-07,4.973700366503842e-05,0.00010597804248502232,5.6241038819983895e-05,0.5306857675535226,True,device spread,True,2.1809359544171607,2.1342391787226487,1
1,100,2.0,0.15,403.4,202.0276,0.00026532586342291635,1,0.9991509727051948,0.00026555132374494745,0.0005306517268458327,6.67925594989503e-05,8.018969996326415,True,1.4789222229133485e-05,0,0.23437493516510371,7.394611114566743e-05,4.9999999999999996e-06,1.5218956672704274e-07,4.570366545262694e-07,7.42671499564311e-05,0.00010613034536916655,3.186319541273545e-05,0.30022700201249397,True,device spread,True,1.4621355405574925,1.429915839463389,1
1,100,2.0,0.2,403.4,202.0276,0.0002659156505833005,1,1.0013719639323015,0.00026555132374494745,0.000531831301166601,6.694369723987686e-05,8.01931591396034,True,1.9699607116418847e-05,0,0.29482275446960127,9.849803558209424e-05,4.9999999999999996e-06,1.5218956672704274e-07,4.570366545262694e-07,9.877704958453139e-05,0.0001063662602333202,7.589210648788802e-06,0.07134979299019684,True,device spread,True,1.1018087651921518,1.0769502805623123,1
1,100,5.0,0.0,403.4,202.0276,0.00026375236782693587,1,0.9932255810566419,0.00026555132374494745,0.0013187618391346794,6.63951221151178e-05,8.01879613632819,True,0.0,0,0.0,0.0,4.9999999999999996e-06,1.5218444301013517e-07,4.570300583838546e-07,5.152184443010135e-06,0.00010550094713077435,0.00010034876268776422,0.9511645669244684,True,absolute signal (comparator noise),True,21.069752537552844,21.069752537552844,0
1,100,5.0,0.05,403.4,202.0276,0.0002637010912921612,1,0.9930324864260013,0.00026555132374494745,0.001318505456460806,6.638249892780595e-05,8.018833401158155,True,4.8959645155557006e-06,0,0.10711385522152442,2.4479822577778503e-05,4.9999999999999996e-06,1.5218444301013517e-07,4.570300583838546e-07,2.5137414348686692e-05,0.00010548043651686448,8.034302216817779e-05,0.7616864778079709,True,device spread,True,4.302737827941835,4.2156206875616595,1
1,100,5.0,0.1,403.4,202.0276,0.0002638623601612934,1,0.9936397847322491,0.00026555132374494745,0.0013193118008064668,6.642416548830233e-05,8.018973283453914,True,9.787084365979056e-06,0,0.17019301132033574,4.893542182989528e-05,4.9999999999999996e-06,1.5218444301013517e-07,4.570300583838546e-07,4.934238173545643e-05,0.00010554494406451736,5.620256232906093e-05,0.5324988593930706,True,device spread,True,2.1893984944884415,2.1425561478219857,1
1,100,5.0,0.15,403.4,202.0276,0.00026423327340415804,1,0.9950365514198853,0.00026555132374494745,0.0013211663670207902,6.65194051268946e-05,8.019217035203102,True,1.466943312201462e-05,0,0.23190738117818024,7.33471656100731e-05,4.9999999999999996e-06,1.5218444301013517e-07,4.570300583838546e-07,7.366957492330051e-05,0.00010569330936166322,3.202373443836271e-05,0.30298733790975674,True,device spread,True,1.467911193874687,1.4355940033936336,1
1,100,5.0,0.2,403.4,202.0276,0.0002648088597723051,1,0.9972040660081384,0.00026555132374494745,0.0013240442988615255,6.666699243582482e-05,8.019567036639648,True,1.9538430485977308e-05,0,0.29152435309045654,9.769215242988654e-05,4.9999999999999996e-06,1.5218444301013517e-07,4.570300583838546e-07,9.797220614809967e-05,0.00010592354390892205,7.951337760822382e-06,0.07506676483237107,True,device spread,True,1.1062152847741926,1.0812853812769976,1
1,100,10.0,0.0,403.4,202.0276,0.00026197822400878126,1,0.9865445982879075,0.00026555132374494745,0.0026197822400878127,6.595157516746203e-05,8.019199578008768,True,0.0,0,0.0,0.0,4.9999999999999996e-06,1.5217590410246287e-07,4.570190652667392e-07,5.1521759041024624e-06,0.00010479128960351251,9.963911369941005e-05,0.9508339297703445,True,absolute signal (comparator noise),True,20.92782273988201,20.92782273988201,0
1,100,10.0,0.05,403.4,202.0276,0.00026192540750153754,1,0.9863457045053465,0.00026555132374494745,0.0026192540750153755,6.59385669498454e-05,8.019237521687781,True,4.831189931307428e-06,0,0.10577124895682485,2.415594965653714e-05,4.9999999999999996e-06,1.5217590410246287e-07,4.570190652667392e-07,2.482016941409749e-05,0.00010477016300061503,7.994999358651754e-05,0.7630988756412282,True,device spread,True,4.3285393633919105,4.241041617516368,1
1,100,10.0,0.1,403.4,202.0276,0.00026207789095689056,1,0.9869199191362608,0.00026555132374494745,0.0026207789095689057,6.597803700765598e-05,8.019380100484572,True,9.657042402283046e-06,0,0.16749497753154877,4.828521201141523e-05,4.9999999999999996e-06,1.5217590410246287e-07,4.570190652667392e-07,4.869557606300477e-05,0.00010483115638275623,5.613558031975146e-05,0.5354856538526674,True,device spread,True,2.2034840994484326,2.156399842944599,1
1,100,10.0,0.15,403.4,202.0276,0.0002624328443381858,1,0.9882565849690252,0.00026555132374494745,0.0026243284433818577,6.60692864152898e-05,8.019628574366557,True,1.4473118800973811e-05,0,0.2278437392280438,7.236559400486906e-05,4.9999999999999996e-06,1.5217590410246287e-07,4.570190652667392e-07,7.269029826522744e-05,0.00010497313773527432,3.2282839470046875e-05,0.30753429083409034,True,device spread,True,1.477525847715932,1.4450465275256155,1
1,100,10.0,0.2,403.4,202.0276,0.0002629854042581638,1,0.9903373877011884,0.00026555132374494745,0.002629854042581638,6.621111672232226e-05,8.01998534123162,True,1.92743780295754e-05,0,0.28609566752552773,9.6371890147877e-05,4.9999999999999996e-06,1.5217590410246287e-07,4.570190652667392e-07,9.665368475590474e-05,0.00010519416170326553,8.540476947360793e-06,0.08118774663038807,True,device spread,True,1.113549629516643,1.0885009680053441,1
1,100,20.0,0.0,403.4,202.0276,0.000258502279853281,1,0.9734550602412481,0.00026555132374494745,0.00517004559706562,6.508256714405336e-05,8.020005948038474,True,0.0,0,0.0,0.0,4.9999999999999996e-06,1.521588286136806e-07,4.569970807331337e-07,5.15215882861368e-06,0.0001034009119413124,9.824875311269872e-05,0.9501729846295949,True,absolute signal (comparator noise),True,20.649750622539745,20.649750622539745,0
1,100,20.0,0.05,403.4,202.0276,0.00025844660211826916,1,0.9732453917891137,0.00026555132374494745,0.005168932042365383,6.506884354513483e-05,8.020045228957745,True,4.7055360307746495e-06,0,0.10314073339617275,2.3527680153873246e-05,4.9999999999999996e-06,1.521588286136806e-07,4.569970807331337e-07,2.4205261194482434e-05,0.00010337864084730767,7.917337965282525e-05,0.7658581985979668,True,device spread,True,4.3798528508402,4.291607812103768,1
1,100,20.0,0.1,403.4,202.0276,0.0002585824220571854,1,0.9737568557765676,0.00026555132374494745,0.005171648441143708,6.510414742540895e-05,8.020193138367159,True,9.404845555936471e-06,0,0.16221248844264777,4.702422777968236e-05,4.9999999999999996e-06,1.521588286136806e-07,4.569970807331337e-07,4.7441459925959685e-05,0.00010343296882287417,5.599150889691449e-05,0.5413313524123846,True,device spread,True,2.231586055294538,2.184020647326862,1
1,100,20.0,0.15,403.4,202.0276,0.00025890705373217556,1,0.9749793376320975,0.00026555132374494745,0.005178141074643511,6.518781587543248e-05,8.020450951447877,True,1.4092564838912853e-05,0,0.21989451655655953,7.046282419456427e-05,4.9999999999999996e-06,1.521588286136806e-07,4.569970807331337e-07,7.079215878242224e-05,0.00010356282149287022,3.277066271044799e-05,0.3164326950352939,True,device spread,True,1.4967131230647064,1.463910854075265,1
1,100,20.0,0.2,403.4,202.0276,0.00025941585455599133,1,0.9768953545309794,0.00026555132374494745,0.0051883170911198265,6.531870562886205e-05,8.020821100075498,True,1.8762826102431427e-05,0,0.27548749979442294,9.381413051215713e-05,4.9999999999999996e-06,1.521588286136806e-07,4.569970807331337e-07,9.409943704225886e-05,0.00010376634182239654,9.666904780137678e-06,0.09316031200833187,True,device spread,True,1.128182297465859,1.1028971244718149,1
1,100,50.0,0.0,403.4,202.0276,0.0002486181486649263,1,0.9362338893995313,0.00026555132374494745,0.012430907433246314,6.261146840696564e-05,8.022421222382283,True,0.0,0,0.0,0.0,4.9999999999999996e-06,1.521076207524328e-07,4.5693114073409435e-07,5.152107620752432e-06,9.944725946597052e-05,9.429515184521808e-05,0.948192563089027,True,absolute signal (comparator noise),True,19.85903036904362,19.85903036904362,0
1,100,50.0,0.05,403.4,202.0276,0.00024855542685361747,1,0.9359976947143599,0.00026555132374494745,0.012427771342680874,6.259598356601388e-05,8.022464361559349,True,4.357281858306921e-06,0,0.09565848340445483,2.178640929153461e-05,4.9999999999999996e-06,1.521076207524328e-07,4.5693114073409435e-07,2.250490677026088e-05,9.9422170741447e-05,7.69172639711861e-05,0.7736429751791863,True,device spread,True,4.531429681282478,4.44105735736804,1
1,100,50.0,0.1,403.4,202.0276,0.0002486477233606138,1,0.9363452603212442,0.00026555132374494745,0.01243238616803069,6.262040569346449e-05,8.022627795334486,True,8.706324084797936e-06,0,0.1472127131342276,4.353162042398968e-05,4.9999999999999996e-06,1.521076207524328e-07,4.5693114073409435e-07,4.396993477749669e-05,9.945908934424553e-05,5.5489154566748835e-05,0.5579093367192519,True,device spread,True,2.3153474808878602,2.2663602503212705,1
1,100,50.0,0.15,403.4,202.0276,0.00024889278823903287,1,0.9372681134818424,0.00026555132374494745,0.012444639411951643,6.26841808520288e-05,8.022912839815614,True,1.3039657583092342e-05,0,0.19737068534976654,6.51982879154617e-05,4.9999999999999996e-06,1.521076207524328e-07,4.5693114073409435e-07,6.554183729680661e-05,9.955711529561315e-05,3.401527799880654e-05,0.3416659662928721,True,device spread,True,1.5539537940562183,1.5201929747579763,1
1,100,50.0,0.2,403.4,202.0276,0.00024928665817784863,1,0.9387513293561268,0.00026555132374494745,0.012464332908892432,6.278633554670994e-05,8.023322020164553,True,1.7349568536876326e-05,0,0.2455067083565034,8.674784268438163e-05,4.9999999999999996e-06,1.521076207524328e-07,4.5693114073409435e-07,8.704392662803426e-05,9.971466327113946e-05,1.2670736643105197e-05,0.12706994365163246,True,device spread,True,1.1718090126337999,1.1458219748172536,1
2,20,1.0,0.0,403.4,1016.0459,0.00012626818544044698,1,0.9987161384157908,0.00012643050470851442,0.00012626818544044698,6.406458320116592e-05,14.106481312041216,True,0.0,0,0.0,0.0,4.9999999999999996e-06,3.016189395553385e-07,9.105086264071761e-07,5.301618939555338e-06,5.050727417617879e-05,4.5205655236623455e-05,0.8950325665752165,True,absolute signal (comparator noise),True,10.041131047324692,10.041131047324692,0
2,20,1.0,0.05,403.4,1016.0459,0.00012619651718045758,2,0.998149279490766,0.00012643050470851442,0.00012619651718045758,6.404597193223577e-05,14.10888902883919,True,1.6045860189941303e-06,0,0.05697766593460365,8.022930094970651e-06,4.9999999999999996e-06,3.016189395553385e-07,9.105086264071761e-07,9.755052564899401e-06,5.0478606872183034e-05,4.0723554307283636e-05,0.806748775979492,True,device spread,True,5.371872265042183,5.308836896552573,1
2,20,1.0,0.1,403.4,1016.0459,0.0001260905870022502,2,0.9973114264864488,0.00012643050470851442,0.0001260905870022502,6.401302851388358e-05,14.11171415998277,True,3.206326164454417e-06,0,0.08932066471129708,1.6031630822272083e-05,4.9999999999999996e-06,3.016189395553385e-07,9.105086264071761e-07,1.70948671906122e-05,5.043623480090008e-05,3.334136761028788e-05,0.6610598063456725,True,device spread,True,3.0316040483825564,2.986561037101996,1
2,20,1.0,0.15,403.4,1016.0459,0.0001259511221174735,2,0.9962083312714275,0.00012643050470851442,0.0001259511221174735,6.39661261395034e-05,14.114960182116276,True,4.8011537401587714e-06,0,0.12089805795627265,2.4005768700793856e-05,4.9999999999999996e-06,3.016189395553385e-07,9.105086264071761e-07,2.48225677571687e-05,5.0380448846989404e-05,2.5557881089820705e-05,0.5072976060106692,True,device spread,True,2.0758684914233796,2.043473762650445,1
2,20,1.0,0.2,403.4,1016.0459,0.00012577921067435783,2,0.9948486005362539,0.00012643050470851442,0.00012577921067435783,6.390582192226807e-05,14.118631197764106,True,6.3850264986862306e-06,0,0.15130428047316127,3.1925132493431154e-05,4.9999999999999996e-06,3.016189395553385e-07,9.105086264071761e-07,3.2615920490465174e-05,5.0311684269743135e-05,1.769576377927796e-05,0.35172274663680836,True,device spread,True,1.573760226937544,1.548810638741255,1
2,20,2.0,0.0,403.4,1016.0459,0.000126106280921583,1,0.9974355572835929,0.00012643050470851442,0.000252212561843166,6.400352675248036e-05,14.109343750222298,True,0.0,0,0.0,0.0,4.9999999999999996e-06,3.016122078286173e-07,9.104999048493848e-07,5.301612207828617e-06,5.04425123686332e-05,4.5140900160804584e-05,0.8948979351170199,True,absolute signal (comparator noise),True,10.028180032160918,10.028180032160918,0
2,20,2.0,0.05,403.4,1016.0459,0.0001260347085538061,2,0.9968694568164476,0.00012643050470851442,0.0002520694171076122,6.398493452896444e-05,14.111751369109962,True,1.60053314425225e-06,0,0.057086321752926224,8.00266572126125e-06,4.9999999999999996e-06,3.016122078286173e-07,9.104999048493848e-07,9.737853972760768e-06,5.041388342152244e-05,4.067602944876167e-05,0.806841819914164,True,device spread,True,5.372292811866696,5.31165059207587,1
2,20,2.0,0.1,403.4,1016.0459,0.00012592890007256298,2,0.99603256637227,0.00012643050470851442,0.00025185780014512596,6.395201366056156e-05,14.114576273158907,True,3.198238032748954e-06,0,0.08952690429391777,1.599119016374477e-05,4.9999999999999996e-06,3.016122078286173e-07,9.104999048493848e-07,1.7056258215818384e-05,5.03715600290252e-05,3.3315301813206814e-05,0.6613911062911255,True,device spread,True,3.0329645865683594,2.989582218313777,1
2,20,2.0,0.15,403.4,1016.0459,0.00012578958156134708,2,0.9949306288965231,0.00012643050470851442,0.00025157916312269416,6.390513693648928e-05,14.117821946948554,True,4.789065247153431e-06,0,0.12119911055440719,2.3945326235767156e-05,4.9999999999999996e-06,3.016122078286173e-07,9.104999048493848e-07,2.4763391549023706e-05,5.031583262453884e-05,2.555244107551513e-05,0.5078409666036869,True,device spread,True,2.0769836147501834,2.0457754139729585,1
2,20,2.0,0.2,403.4,1016.0459,0.0001256178396156283,2,0.9935722387982259,0.00012643050470851442,0.0002512356792312566,6.384486095615807e-05,14.121492507497207,True,6.368988915263569e-06,0,0.15169685017732748,3.184494457631784e-05,4.9999999999999996e-06,3.016122078286173e-07,9.104999048493848e-07,3.2536693952238e-05,5.024713584625133e-05,1.771044189401333e-05,0.3524666947824571,True,device spread,True,1.5746516884671444,1.5506148449212043,1
2,20,5.0,0.0,403.4,1016.0459,0.00012562303995594347,1,0.9936133708045178,0.00012643050470851442,0.0006281151997797173,6.382113443042684e-05,14.117904417514758,True,0.0,0,0.0,0.0,4.9999999999999996e-06,3.015920141063262e-07,9.104737412499132e-07,5.301592014106326e-06,5.0249215982377395e-05,4.494762396827107e-05,0.8944940351713027,True,absolute signal (comparator noise),True,9.989524793654216,9.989524793654212,0
2,20,5.0,0.05,403.4,1016.0459,0.00012555175432743656,2,0.993049538296918,0.00012643050470851442,0.0006277587716371828,6.380259923172159e-05,14.120311723781217,True,1.5884664248399368e-06,0,0.057410829771076866,7.942332124199683e-06,4.9999999999999996e-06,3.015920141063262e-07,9.104737412499132e-07,9.686720653133829e-06,5.022070173097463e-05,4.05339810778408e-05,0.8071169792683452,True,device spread,True,5.373500637884041,5.319996697891197,1
2,20,5.0,0.1,403.4,1016.0459,0.00012544631057101729,2,0.9922155326377428,0.00012643050470851442,0.0006272315528550864,6.376974621001113e-05,14.123135910739839,True,3.1741569244871554e-06,0,0.09014265827807336,1.5870784622435778e-05,4.9999999999999996e-06,3.015920141063262e-07,9.104737412499132e-07,1.694135777362782e-05,5.017852422840692e-05,3.32371664547791e-05,0.6623783175345553,True,device spread,True,3.03702783144542,2.9986222826600266,1
2,20,5.0,0.15,403.4,1016.0459,0.00012530743138400503,2,0.9911170699895675,0.00012643050470851442,0.0006265371569200251,6.372294693973622e-05,14.12638048695839,True,4.753073480994329e-06,0,0.12209784024609142,2.3765367404971647e-05,4.9999999999999996e-06,3.015920141063262e-07,9.104737412499132e-07,2.4587239789969517e-05,5.0122972553602016e-05,2.55357327636325e-05,0.5094616592486474,True,device spread,True,2.080320090924109,2.052671958134822,1
2,20,5.0,0.2,403.4,1016.0459,0.00012513619869507686,2,0.9897627078494894,0.00012643050470851442,0.0006256809934753843,6.366275647308215e-05,14.130049613297702,True,6.321238948152627e-06,0,0.1528687293408306,3.1606194740763136e-05,4.9999999999999996e-06,3.015920141063262e-07,9.104737412499132e-07,3.2300834911260054e-05,5.0054479478030744e-05,1.775364456677069e-05,0.3546864287054046,True,device spread,True,1.5773204902624958,1.5560234014389607,1
2,20,10.0,0.0,403.4,1016.0459,0.00012482578610355688,1,0.9873075045562998,0.00012643050470851442,0.0012482578610355688,6.351971068104323e-05,14.13208403104422,True,0.0,0,0.0,0.0,4.9999999999999996e-06,3.015583627611609e-07,9.104301388299801e-07,5.3015583627611605e-06,4.9930314441422754e-05,4.462875607866159e-05,0.8938208496767862,True,absolute signal (comparator noise),True,9.925751215732319,9.925751215732319,0
2,20,10.0,0.05,403.4,1016.0459,0.00012475497525177032,2,0.98674742728737,0.00012643050470851442,0.0012475497525177032,6.350127014808832e-05,14.134490754430209,True,1.5686569660570522e-06,0,0.05794686773023455,7.84328483028526e-06,4.9999999999999996e-06,3.015583627611609e-07,9.104301388299801e-07,9.603016147914136e-06,4.9901990100708135e-05,4.0298973952794e-05,0.8075624613660876,True,device spread,True,5.375335476003836,5.333590564164519,1
2,20,10.0,0.1,403.4,1016.0459,0.00012465013806825314,2,0.9859182193065992,0.00012643050470851442,0.0012465013806825314,6.346853082768043e-05,14.137313629560113,True,3.134623508675606e-06,0,0.09115914472406203,1.567311754337803e-05,4.9999999999999996e-06,3.015583627611609e-07,9.104301388299801e-07,1.6752899144853792e-05,4.986005522730126e-05,3.310715608244747e-05,0.6640015926881563,True,device spread,True,3.0437388289447975,3.0136102413914303,1
2,20,10.0,0.15,403.4,1016.0459,0.00012451199160264329,2,0.9848255521063191,0.00012643050470851442,0.001245119916026433,6.34218622626957e-05,14.140556205563076,True,4.6939858515221966e-06,0,0.12358113057610995,2.3469929257610983e-05,4.9999999999999996e-06,3.015583627611609e-07,9.104301388299801e-07,2.4298174360798552e-05,4.980479664105732e-05,2.5506622280258768e-05,0.5121318427235984,True,device spread,True,2.085851361906226,2.064137934988823,1
2,20,10.0,0.2,403.4,1016.0459,0.00012434160998013415,2,0.9834779214621011,0.00012643050470851442,0.0012434160998013415,6.336181690778827e-05,14.144222717522254,True,6.242846742934223e-06,0,0.1548026497782968,3.1214233714671114e-05,4.9999999999999996e-06,3.015583627611609e-07,9.104301388299801e-07,3.1913714037344806e-05,4.973664399205366e-05,1.7822929954708854e-05,0.3583460508022293,True,device spread,True,1.5817499948988918,1.565024018746098,1
2,20,20.0,0.0,403.4,1016.0459,0.0001232611428162657,1,0.9749319841793269,0.00012643050470851442,0.002465222856325314,6.292628095357199e-05,14.160117500260066,True,0.0,0,0.0,0.0,4.9999999999999996e-06,3.0149107828491184e-07,9.103429474095553e-07,5.301491078284911e-06,4.9304457126506286e-05,4.4002966048221375e-05,0.8924744052108261,True,absolute signal (comparator noise),True,9.800593209644276,9.800593209644276,0
2,20,20.0,0.05,403.4,1016.0459,0.0001231912698361296,2,0.9743793249908091,0.00012643050470851442,0.002463825396722592,6.290802831494153e-05,14.162522834143651,True,1.5301360245637652e-06,0,0.05900132137844617,7.650680122818827e-06,4.9999999999999996e-06,3.0149107828491184e-07,9.103429474095553e-07,9.441124897081762e-06,4.9276507934451844e-05,3.983538303737008e-05,0.8084051550560268,True,device spread,True,5.378345727278506,5.359594817018667,1
2,20,20.0,0.1,403.4,1016.0459,0.00012308764034239754,2,0.9735596692125539,0.00012643050470851442,0.0024617528068479506,6.287551850150949e-05,14.165342667505755,True,3.0577463903134203e-06,0,0.09315630199438604,1.5288731951567102e-05,4.9999999999999996e-06,3.0149107828491184e-07,9.103429474095553e-07,1.6387053694708027e-05,4.923505613695902e-05,3.284800244225099e-05,0.667166954189642,True,device spread,True,3.0569329151916036,3.0432864896036853,1
2,20,20.0,0.15,403.4,1016.0459,0.00012295096008571666,2,0.9724785989677107,0.00012643050470851442,0.0024590192017143334,6.282911697098352e-05,14.16858063256506,True,4.579080594322845e-06,0,0.12649421802289956,2.2895402971614228e-05,4.9999999999999996e-06,3.0149107828491184e-07,9.103429474095553e-07,2.3736496459820493e-05,4.918038403428667e-05,2.5443887574466178e-05,0.5173584565083444,True,device spread,True,2.096804089122612,2.086962159060303,1
2,20,20.0,0.2,403.4,1016.0459,0.00012278228750912625,2,0.9711444859941109,0.00012643050470851442,0.002455645750182525,6.276937091931675e-05,14.172241116797155,True,6.090396364779559e-06,0,0.15860006949435784,3.0451981823897795e-05,4.9999999999999996e-06,3.0149107828491184e-07,9.103429474095553e-07,3.1161225312445156e-05,4.9112915003650505e-05,1.795168969120535e-05,0.3655187172227717,True,device spread,True,1.590540443383303,1.5829733043595264,1
2,20,50.0,0.0,403.4,1016.0459,0.00011879313883973416,1,0.9395923801270254,0.00012643050470851442,0.005939656941986708,6.121764512180097e-05,14.241705234195031,True,0.0,0,0.0,0.0,4.9999999999999996e-06,3.012893704549619e-07,9.10081480450008e-07,5.3012893704549615e-06,4.7517255535893666e-05,4.2215966165438705e-05,0.8884344369078626,True,absolute signal (comparator noise),True,9.44319323308774,9.443193233087742,0
2,20,50.0,0.05,403.4,1016.0459,0.00011872598685556864,2,0.9390612426114366,0.00012643050470851442,0.005936299342778432,6.119994420919445e-05,14.24410476185116,True,1.4599727663172031e-06,1,0.062031443670481565,7.2998638315860155e-06,4.9999999999999996e-06,3.012893704549619e-07,9.10081480450008e-07,9.149340679059453e-06,4.749039474222746e-05,3.834105406316801e-05,0.8073433432440171,True,device spread,True,5.381679911630097,5.33218688875498,0
2,20,50.0,0.1,403.4,1016.0459,0.00011862592700022494,2,0.9382698208293723,0.00012643050470851442,0.0059312963500112465,6.116813559636386e-05,14.246912483531602,True,2.9189300354921345e-06,1,0.0988767493395886,1.4594650177460673e-05,4.9999999999999996e-06,3.012893704549619e-07,9.10081480450008e-07,1.5728661596548843e-05,4.7450370800089975e-05,3.172170920354113e-05,0.6685239476248936,True,device spread,True,3.094250707077297,3.0549453519688674,0
2,20,50.0,0.15,403.4,1016.0459,0.00011849363129864294,2,0.9372234301510545,0.00012643050470851442,0.005924681564932147,6.112257237945548e-05,14.250132292639204,True,4.37356145389249e-06,1,0.1348286699789013,2.1867807269462448e-05,4.9999999999999996e-06,3.012893704549619e-07,9.10081480450008e-07,2.2733431371930317e-05,4.7397452519457175e-05,2.4664021147526858e-05,0.5203659656054723,True,device spread,True,2.128456563605086,2.098202989022687,0
2,20,50.0,0.2,403.4,1016.0459,0.00011833011090179769,2,0.9359300682585093,0.00012643050470851442,0.0059165055450898845,6.106378559288596e-05,14.253769058694424,True,5.8205336361671705e-06,1,0.16945947895675031,2.9102668180835853e-05,4.9999999999999996e-06,3.012893704549619e-07,9.10081480450008e-07,2.9830347859405056e-05,4.733204436071908e-05,1.7501696501314022e-05,0.3697642207873595,True,device spread,True,1.6161069948214117,1.591384941303569,0
2,40,1.0,0.0,403.4,505.79,0.0001877366502749614,1,0.9980901976179356,0.00018809587622743706,0.0001877366502749614,9.482548364406161e-05,14.06752003634267,True,0.0,0,0.0,0.0,4.9999999999999996e-06,3.033443656167518e-07,9.127396041013456e-07,5.303344365616751e-06,7.509466010998457e-05,6.979131574436782e-05,0.9293778764315678,True,absolute signal (comparator noise),True,14.958263148873566,14.958263148873561,0
2,40,1.0,0.05,403.4,505.79,0.00018762086864972317,2,0.9974746518252238,0.00018809587622743706,0.00018762086864972317,9.480442294799863e-05,14.07094913575872,True,3.5048466507278574e-06,0,0.059220444618299735,1.7524233253639287e-05,4.9999999999999996e-06,3.033443656167518e-07,9.127396041013456e-07,1.8526921158550596e-05,7.504834745988927e-05,5.652142630133868e-05,0.7531335227807303,True,device spread,True,4.165704088069931,4.102742599313501,1
2,40,1.0,0.1,403.4,505.79,0.0001875142604173958,2,0.99690787580405,0.00018809587622743706,0.0001875142604173958,9.47901418342196e-05,14.074577435680713,True,6.996294640303713e-06,0,0.060220222201373706,3.498147320151857e-05,4.9999999999999996e-06,3.033443656167518e-07,9.127396041013456e-07,3.5640342927302234e-05,7.500570416695832e-05,3.936536123965609e-05,0.5248315668369847,True,device spread,True,2.1502063552935446,2.1152238020010414,1
2,40,1.0,0.15,403.4,505.79,0.0001874169151894547,2,0.996390345968237,0.00018809587622743706,0.0001874169151894547,9.478274686283812e-05,14.078410107762235,True,1.0461846750396764e-05,0,0.06129337897923406,5.230923375198382e-05,4.9999999999999996e-06,3.033443656167518e-07,9.127396041013456e-07,5.285099831628978e-05,7.496676607578189e-05,2.2115767759492105e-05,0.29500762694146193,True,device spread,True,1.4460630589866514,1.4221071967377859,1
2,40,1.0,0.2,403.4,505.79,0.0001873287320683856,2,0.99592152590244,0.00018809587622743706,0.0001873287320683856,9.478226727877287e-05,14.082453991893757,True,1.3889681665198677e-05,0,0.06239647540499423,6.944840832599338e-05,4.9999999999999996e-06,3.033443656167518e-07,9.127396041013456e-07,6.99315097802958e-05,7.493149282735425e-05,4.999983047058453e-06,0.06672739135971378,True,device spread,True,1.0906818478630647,1.0730544073346573,1
2,40,2.0,0.0,403.4,505.79,0.00018737880209999244,1,0.9961877201040943,0.00018809587622743706,0.0003747576041999849,9.469071273097542e-05,14.071738545275874,True,0.0,0,0.0,0.0,4.9999999999999996e-06,3.0333757148262174e-07,9.127308366851635e-07,5.303337571482621e-06,7.495152083999698e-05,6.964818326851436e-05,0.9292430959099024,True,absolute signal (comparator noise),True,14.929636653702874,14.92963665370287,0
2,40,2.0,0.05,403.4,505.79,0.00018726314381981675,2,0.9955728300677181,0.00018809587622743706,0.0003745262876396335,9.466964046865956e-05,14.07516835253931,True,3.4917044299031733e-06,0,0.05920213663405786,1.7458522149515866e-05,4.9999999999999996e-06,3.0333757148262174e-07,9.127308366851635e-07,1.8463733923025617e-05,7.49052575279267e-05,5.644152360490109e-05,0.7535055010505526,True,device spread,True,4.168648431242241,4.109136983506189,1
2,40,2.0,0.1,403.4,505.79,0.0001871563703120815,2,0.9950051753701418,0.00018809587622743706,0.000374312740624163,9.465521448725689e-05,14.078798599602964,True,6.97006849099696e-06,0,0.060184259778271104,3.48503424549848e-05,4.9999999999999996e-06,3.0333757148262174e-07,9.127308366851635e-07,3.5510529581492676e-05,7.486254812483261e-05,3.935201854333993e-05,0.5256569476865897,True,device spread,True,2.152068419482385,2.1189563658111643,1
2,40,2.0,0.15,403.4,505.79,0.00018705857651011825,2,0.9944852607185042,0.00018809587622743706,0.0003741171530202365,9.464754364492078e-05,14.082634444999862,True,1.042263473039009e-05,0,0.06124070930237513,5.211317365195045e-05,4.9999999999999996e-06,3.0333757148262174e-07,9.127308366851635e-07,5.265582431355002e-05,7.48234306040473e-05,2.2167606290497285e-05,0.2962655696422747,True,device spread,True,1.4473522138725867,1.424670843682039,1
2,40,2.0,0.2,403.4,505.79,0.00018696967071857513,2,0.9940125986201835,0.00018809587622743706,0.00037393934143715025,9.464666118680363e-05,14.086682699092641,True,1.3837619307847316e-05,0,0.0623283679393572,6.918809653923658e-05,4.9999999999999996e-06,3.0333757148262174e-07,9.127308366851635e-07,6.967186575770495e-05,7.478786828743006e-05,5.11600252972511e-06,0.06840685056114883,True,device spread,True,1.0916615259361362,1.0750003043087724,1
2,40,5.0,0.0,403.4,505.79,0.00018631344435441483,1,0.990523812064508,0.00018809587622743706,0.0009315672217720741,9.428897022104812e-05,14.084333958908434,True,0.0,0,0.0,0.0,4.9999999999999996e-06,3.0331719055742986e-07,9.127045355197079e-07,5.303317190557429e-06,7.452537774176594e-05,6.92220605512085e-05,0.9288387747736928,True,absolute signal (comparator noise),True,14.844412110241702,14.844412110241702,0
2,40,5.0,0.05,403.4,505.79,0.00018619815898302216,2,0.9899109045744295,0.00018809587622743706,0.0009309907949151108,9.426786515941196e-05,14.08776578613952,True,3.4527218422465004e-06,0,0.05914741020414885,1.72636092112325e-05,4.9999999999999996e-06,3.0331719055742986e-07,9.127045355197079e-07,1.827641383521362e-05,7.447926359320887e-05,5.620284975799525e-05,0.7546107070145617,True,device spread,True,4.177430125987589,4.128257190448515,1
2,40,5.0,0.1,403.4,505.79,0.00018609090996298764,2,0.9893407218453577,0.00018809587622743706,0.0009304545498149382,9.425301278456295e-05,14.091401634468909,True,6.8922770608716345e-06,0,0.06007674872455198,3.446138530435817e-05,4.9999999999999996e-06,3.0331719055742986e-07,9.127045355197079e-07,3.512553821529153e-05,7.443636398519506e-05,3.931082576990353e-05,0.5281131917959105,True,device spread,True,2.1576384930405546,2.1301431311903194,1
2,40,5.0,0.15,403.4,505.79,0.00018599180785304177,2,0.988813851655891,0.00018809587622743706,0.0009299590392652089,9.424452872829638e-05,14.095246625231324,True,1.0306327439498895e-05,0,0.06108323698617995,5.1531637197494474e-05,4.9999999999999996e-06,3.0331719055742986e-07,9.127045355197079e-07,5.207695558167493e-05,7.439672314121672e-05,2.2319767559541785e-05,0.30001008938492285,True,device spread,True,1.4512102860940617,1.432357335282368,1
2,40,5.0,0.2,403.4,505.79,0.00018590078800726295,2,0.988329950320017,0.00018809587622743706,0.0009295039400363148,9.424245804085256e-05,14.099307484244628,True,1.3683201465809807e-05,0,0.06212472479322978,6.841600732904903e-05,4.9999999999999996e-06,3.0331719055742986e-07,9.127045355197079e-07,6.890178699017097e-05,7.436031520290519e-05,5.458528212734214e-06,0.07340646953740931,True,device spread,True,1.0945937528996004,1.0808352177597975,1
2,40,10.0,0.0,403.4,505.79,0.0001845646673678523,1,0.9812265482348216,0.00018809587622743706,0.001845646673678523,9.362783403612734e-05,14.105128246376148,True,0.0,0,0.0,0.0,4.9999999999999996e-06,3.032832272729339e-07,9.126607038535738e-07,5.3032832272729334e-06,7.382586694714093e-05,6.852258371986799e-05,0.9281649718916262,True,absolute signal (comparator noise),True,14.704516743973599,14.704516743973599,0
2,40,10.0,0.05,403.4,505.79,0.00018445001248002427,2,0.9806169926713099,0.00018809587622743706,0.0018445001248002426,9.36066804261798e-05,14.10856310365309,True,3.389197755734583e-06,0,0.05905685241142637,1.6945988778672917e-05,4.9999999999999996e-06,3.032832272729339e-07,9.126607038535738e-07,1.7971518444376776e-05,7.378000499200971e-05,5.580848654763293e-05,0.7564174948710959,True,device spread,True,4.191895945748848,4.159912276314416,1
2,40,10.0,0.1,403.4,505.79,0.0001843420361867352,2,0.9800429434393187,0.00018809587622743706,0.0018434203618673522,9.359114397435352e-05,14.112207509377985,True,6.7655146390447675e-06,0,0.059898807365427284,3.3827573195223836e-05,4.9999999999999996e-06,3.032832272729339e-07,9.126607038535738e-07,3.449838095016629e-05,7.37368144746941e-05,3.9238433524527806e-05,0.5321416961671721,True,device spread,True,2.1668687734155547,2.1487510052085423,1
2,40,10.0,0.15,403.4,505.79,0.00018424087398584307,2,0.9795051209047629,0.00018809587622743706,0.0018424087398584308,9.358135120949105e-05,14.116066529919369,True,1.0116810802174338e-05,0,0.0608225574000432,5.058405401087169e-05,4.9999999999999996e-06,3.032832272729339e-07,9.126607038535738e-07,5.113385001709719e-05,7.369634959433724e-05,2.256249957724005e-05,0.30615491406882017,True,device spread,True,1.4576095271054277,1.4451532834780774,1
2,40,10.0,0.2,403.4,505.79,0.000184146504506378,2,0.9790034114502134,0.00018809587622743706,0.00184146504506378,9.357736621959076e-05,14.12014676331961,True,1.3431601475131388e-05,0,0.0617875646975286,6.715800737565694e-05,4.9999999999999996e-06,3.032832272729339e-07,9.126607038535738e-07,6.764716160288175e-05,7.36586018025512e-05,6.011440199669448e-06,0.08161219535206055,True,device spread,True,1.0994584563904506,1.090550845447537,1
2,40,20.0,0.0,403.4,505.79,0.00018116428818839732,1,0.9631486443080848,0.00018809587622743706,0.0036232857637679464,9.23362299524934e-05,14.145990931419503,True,0.0,0,0.0,0.0,4.9999999999999996e-06,3.0321531916275494e-07,9.125730540550489e-07,5.3032153191627545e-06,7.246571527535893e-05,6.716249995619617e-05,0.9268175950653171,True,absolute signal (comparator noise),True,14.432499991239235,14.432499991239233,0
2,40,20.0,0.05,403.4,505.79,0.00018105092363569636,2,0.9625459487308363,0.00018809587622743706,0.003621018472713927,9.231500066882051e-05,14.149430649006021,True,3.273248180296766e-06,1,0.058878144904372064,1.6366240901483832e-05,4.9999999999999996e-06,3.0321531916275494e-07,9.125730540550489e-07,1.7416188212421316e-05,7.242036945427855e-05,5.500418124185723e-05,0.7595125743812071,True,device spread,True,4.220165049104322,4.21292339438274,0
2,40,20.0,0.1,403.4,505.79,0.00018094172007326995,2,0.9619653747989848,0.00018809587622743706,0.0036188344014653987,9.229819014907791e-05,14.15308941280941,True,6.534613225005251e-06,1,0.0595475126510781,3.2673066125026255e-05,4.9999999999999996e-06,3.0321531916275494e-07,9.125730540550489e-07,3.335664554978085e-05,7.237668802930798e-05,3.902004247952713e-05,0.5391244548759468,True,device spread,True,2.1851170474265165,2.1792103144011072,0
2,40,20.0,0.15,403.4,505.79,0.0001808368589617185,2,0.9614078872365002,0.00018809587622743706,0.0036167371792343705,9.228594531179797e-05,14.15697220430223,True,9.772962059748173e-06,1,0.0603077430402925,4.8864810298740864e-05,4.9999999999999996e-06,3.0321531916275494e-07,9.125730540550489e-07,4.942316732984708e-05,7.233474358468741e-05,2.2911576254840332e-05,0.3167437267267855,True,device spread,True,1.4702629046768199,1.4651230669734447,2
2,40,20.0,0.2,403.4,505.79,0.00018073639905893675,2,0.9608737984260667,0.00018809587622743706,0.003614727981178735,9.227836603657185e-05,14.161085412797895,True,1.2977754408114005e-05,1,0.06112152393590457,6.488877204057003e-05,4.9999999999999996e-06,3.0321531916275494e-07,9.125730540550489e-07,6.538433959443217e-05,7.22945596235747e-05,6.9102200291425294e-06,0.09558423296473278,True,device spread,True,1.1090819764424282,1.104849874396457,2
2,40,50.0,0.0,403.4,505.79,0.00017167847217020504,1,0.9127178947964769,0.00018809587622743706,0.008583923608510253,8.868910011153446e-05,14.263088172721483,True,0.0,0,0.0,0.0,4.9999999999999996e-06,3.030117423878241e-07,9.123102128751298e-07,5.303011742387824e-06,6.867138886808202e-05,6.336837712569419e-05,0.922776984275432,True,absolute signal (comparator noise),True,13.673675425138839,13.673675425138839,0
2,40,50.0,0.05,403.4,505.79,0.0001715691417152066,2,0.9121366462481767,0.00018809587622743706,0.00857845708576033,8.866778884566304e-05,14.266533993732153,True,3.09838750932904e-06,1,0.058360515630003926,1.54919375466452e-05,4.9999999999999996e-06,3.030117423878241e-07,9.123102128751298e-07,1.6581836299128868e-05,6.862765668608265e-05,5.204582038695378e-05,0.7583796810230943,True,device spread,True,4.299214746775203,4.195846243517102,0
2,40,50.0,0.1,403.4,505.79,0.0001714577748049826,2,0.9115445710126232,0.00018809587622743706,0.00857288874024913,8.864781092921446e-05,14.27021664959883,True,6.185883507537047e-06,1,0.058528881349557436,3.0929417537685235e-05,4.9999999999999996e-06,3.030117423878241e-07,9.123102128751298e-07,3.163396878523079e-05,6.858310992199303e-05,3.6949141136762245e-05,0.5387498639065579,True,device spread,True,2.237925936163777,2.17795897595932,0
2,40,50.0,0.15,403.4,505.79,0.00017134466347520528,2,0.9109432216792622,0.00018809587622743706,0.008567233173760264,8.862936444028587e-05,14.2741410421998,True,9.251876642392214e-06,1,0.05881358425498121,4.625938321196107e-05,4.9999999999999996e-06,3.030117423878241e-07,9.123102128751298e-07,4.683182577359934e-05,6.853786539008212e-05,2.1706039616482775e-05,0.3167014247225707,True,device spread,True,1.5071339097951186,1.4651305653577735,2
2,40,50.0,0.2,403.4,505.79,0.0001712300619709784,2,0.9103339499263382,0.00018809587622743706,0.00856150309854892,8.861264031100234e-05,14.278313263474258,True,1.2286309045270058e-05,1,0.0591869729381342,6.143154522635029e-05,4.9999999999999996e-06,3.030117423878241e-07,9.123102128751298e-07,6.193769961291347e-05,6.849202478839136e-05,6.5543251754778854e-06,0.0956947206003577,True,device spread,True,1.13716356000973,1.1049509576417496,2
2,60,1.0,0.0,403.4,336.8506,0.0002239092901067444,1,0.9977143333986318,0.0002244222445356837,0.0002239092901067444,0.00011293164278941715,14.054870654378725,True,0.0,0,0.0,0.0,4.9999999999999996e-06,3.0391915433166717e-07,9.134808373382445e-07,5.303919154331667e-06,8.956371604269776e-05,8.42597968883661e-05,0.9407804924953859,True,absolute signal (comparator noise),True,17.85195937767322,17.85195937767322,0
2,60,1.0,0.05,403.4,336.8506,0.00022377881968172885,2,0.9971329720220646,0.0002244222445356837,0.00022377881968172885,0.00011291795178564933,14.058880261146484,True,4.958215917835272e-06,0,0.06239816420314567,2.479107958917636e-05,4.9999999999999996e-06,3.0391915433166717e-07,9.134808373382445e-07,2.559418659453239e-05,8.951152787269154e-05,6.391734127815915e-05,0.7140682635767996,True,device spread,True,3.5848807439250425,3.528566368845644,1
2,60,1.0,0.1,403.4,336.8506,0.0002237285712166733,2,0.9969090705761117,0.0002244222445356837,0.0002237285712166733,0.00011294551983539439,14.062951189533575,True,9.899103941478178e-06,0,0.06690733224032953,4.949551970739089e-05,4.9999999999999996e-06,3.0391915433166717e-07,9.134808373382445e-07,5.005134593305782e-05,8.949142848666932e-05,3.9440082553611505e-05,0.44071352106628303,True,device spread,True,1.8243357452249882,1.7940465268351435,1
2,60,1.0,0.15,403.4,336.8506,0.00022375732227969397,2,0.9970371820433157,0.0002244222445356837,0.00022375732227969397,0.00011301385125305246,14.067088375502937,True,1.4809137217700728e-05,0,0.07269717345866902,7.404568608850364e-05,4.9999999999999996e-06,3.0391915433166717e-07,9.134808373382445e-07,7.451822793853595e-05,8.950292891187759e-05,1.4984700973341646e-05,0.16742134760858182,True,device spread,True,1.223446279525267,1.2031607346354039,1
2,60,1.0,0.2,403.4,336.8506,0.00022386280674750248,2,0.9975072088360106,0.0002244222445356837,0.00022386280674750248,0.00011312197487473167,14.07130067683805,True,1.9675357020403256e-05,0,0.0954131164757964,9.837678510201628e-05,4.9999999999999996e-06,3.0391915433166717e-07,9.134808373382445e-07,9.880768480320568e-05,8.9545122699001e-05,-9.262562104204688e-06,-0.1034401631827573,False,device spread,False,0.9221828056667527,0.907225343086297,1
2,60,2.0,0.0,403.4,336.8506,0.0002233987077959793,1,0.9954392366860868,0.0002244222445356837,0.0004467974155919586,0.0001127394172022763,14.059902574773329,True,0.0,0,0.0,0.0,4.9999999999999996e-06,3.0391233935060614e-07,9.134720546528365e-07,5.303912339350606e-06,8.935948311839172e-05,8.405557077904112e-05,0.9406452213658902,True,absolute signal (comparator noise),True,17.811114155808227,17.811114155808223,0
2,60,2.0,0.05,403.4,336.8506,0.00022326826402554643,2,0.9948579940793089,0.0002244222445356837,0.00044653652805109285,0.00011272563526560668,14.063913916501347,True,4.935980928351151e-06,0,0.062372645506048575,2.4679904641755758e-05,4.9999999999999996e-06,3.0391233935060614e-07,9.134720546528365e-07,2.5485208833497953e-05,8.930730561021857e-05,6.382209677672062e-05,0.7146346689180383,True,device spread,True,3.5883635964429095,3.535725875756034,1
2,60,2.0,0.1,403.4,336.8506,0.0002232171919146138,2,0.9946304225609941,0.0002244222445356837,0.0004464343838292276,0.00011275274532777853,14.067989691808267,True,9.854681714436953e-06,0,0.06685758041455006,4.9273408572184766e-05,4.9999999999999996e-06,3.0391233935060614e-07,9.134720546528365e-07,4.983035772281671e-05,8.928687676584553e-05,3.9456519043028816e-05,0.4419072597477385,True,device spread,True,1.8262924524715014,1.7979210117940074,1
2,60,2.0,0.15,403.4,336.8506,0.00022324428320575132,2,0.9947511382734385,0.0002244222445356837,0.00044648856641150265,0.0001128202576127017,14.07213481352543,True,1.4742578449827623e-05,0,0.07186923905031703,7.371289224913811e-05,4.9999999999999996e-06,3.0391233935060614e-07,9.134720546528365e-07,7.418618682879122e-05,8.929771328230053e-05,1.5111526453509311e-05,0.16922635415911066,True,device spread,True,1.2247777682343228,1.2057900835146922,1
2,60,2.0,0.2,403.4,336.8506,0.00022334729509997095,2,0.9952101475594064,0.0002244222445356837,0.0004466945901999419,0.00011292721061948677,14.076358073674209,True,1.9586717961409578e-05,0,0.09432055339919909,9.793358980704789e-05,4.9999999999999996e-06,3.0391233935060614e-07,9.134720546528365e-07,9.836505659381622e-05,8.933891803998838e-05,-9.02613855382784e-06,-0.10103254832107673,False,device spread,False,0.9231926091622934,0.9092173662124478,1
2,60,5.0,0.0,403.4,336.8506,0.0002218810265542025,1,0.9886766216658298,0.0002244222445356837,0.0011094051327710124,0.00011216715559350821,14.074910807579835,True,0.0,0,0.0,0.0,4.9999999999999996e-06,3.0389189589126214e-07,9.13445707682902e-07,5.303891895891262e-06,8.8752410621681e-05,8.344851872578974e-05,0.9402394610046164,True,absolute signal (comparator noise),True,17.68970374515795,17.689703745157946,0
2,60,5.0,0.05,403.4,336.8506,0.0002217506771743383,2,0.9880957996526917,0.0002244222445356837,0.0011087533858716915,0.00011215310755718544,14.078927137029524,True,4.870179379280095e-06,0,0.06229642176601611,2.4350896896400477e-05,4.9999999999999996e-06,3.0389189589126214e-07,9.13445707682902e-07,2.5162817449082946e-05,8.870027086973532e-05,6.353745342065238e-05,0.7163163403859623,True,device spread,True,3.5987638874079373,3.5571575564819775,1
2,60,5.0,0.1,403.4,336.8506,0.00022169720117385348,2,0.9878575166759064,0.0002244222445356837,0.0011084860058692674,0.00011217886884921378,14.083016922534895,True,9.723224126580401e-06,0,0.06670895750555583,4.861612063290201e-05,4.9999999999999996e-06,3.0389189589126214e-07,9.13445707682902e-07,4.917645255514954e-05,8.86788804695414e-05,3.950242791439186e-05,0.4454547430598178,True,device spread,True,1.8321449540781571,1.8095349588552965,1
2,60,5.0,0.15,403.4,336.8506,0.00022171943214914576,2,0.9879565753736672,0.0002244222445356837,0.0011085971607457288,0.00011224396719441835,14.087185010491414,True,1.4545624206317737e-05,0,0.07099142136987713,7.272812103158868e-05,4.9999999999999996e-06,3.0389189589126214e-07,9.13445707682902e-07,7.320368331387415e-05,8.868777285965831e-05,1.548408954578416e-05,0.1745910292536781,True,device spread,True,1.2287611161232361,1.2136732774385004,1
2,60,5.0,0.2,403.4,336.8506,0.00022181519620672818,2,0.988383289123815,0.0002244222445356837,0.001109075981033641,0.00011234746972743407,14.09144000187698,True,1.9324447626241873e-05,0,0.09107222842189405,9.662223813120937e-05,4.9999999999999996e-06,3.0389189589126214e-07,9.13445707682902e-07,9.705541333862687e-05,8.872607848269128e-05,-8.32933485593559e-06,-0.09387696377858602,False,device spread,False,0.926213580654388,0.9151898354187432,1
2,60,10.0,0.0,403.4,336.8506,0.00021939746513496478,1,0.9776101544162216,0.0002244222445356837,0.002193974651349648,0.00011122782705606023,14.09963694808197,True,0.0,0,0.0,0.0,4.9999999999999996e-06,3.038578284048814e-07,9.134017996862787e-07,5.303857828404881e-06,8.775898605398592e-05,8.245512822558104e-05,0.9395633647687981,True,absolute signal (comparator noise),True,17.49102564511621,17.491025645116206,0
2,60,10.0,0.05,403.4,336.8506,0.00021926731878567308,2,0.9770302370842255,0.0002244222445356837,0.002192673187856731,0.00011121335706541071,14.10366088844071,True,4.7634394327386745e-06,0,0.0621704785238564,2.381719716369337e-05,4.9999999999999996e-06,3.038578284048814e-07,9.134017996862787e-07,2.4640227334439333e-05,8.770692751426924e-05,6.306670017982991e-05,0.7190617887004359,True,device spread,True,3.615938321305568,3.5927193151912684,1
2,60,10.0,0.1,403.4,336.8506,0.00021921005108869692,2,0.9767750587390724,0.0002244222445356837,0.0021921005108869692,0.00011123695167139115,14.107772314056962,True,9.50999345235979e-06,0,0.06646333932583963,4.754996726179895e-05,4.9999999999999996e-06,3.038578284048814e-07,9.134017996862787e-07,4.811598376522296e-05,8.768402043547877e-05,3.956803667025581e-05,0.4512570987705961,True,device spread,True,1.8418413730314986,1.828859850456902,1
2,60,10.0,0.15,403.4,336.8506,0.00021922456319754135,2,0.9768397230457434,0.0002244222445356837,0.0021922456319754136,0.00011129816701673737,14.111975970419309,True,1.422619079490612e-05,0,0.07063371941785004,7.11309539745306e-05,4.9999999999999996e-06,3.038578284048814e-07,9.134017996862787e-07,7.161032747406039e-05,8.768982527901655e-05,1.6079497804956158e-05,0.18336788508579513,True,device spread,True,1.2353636953858536,1.226795914774986,1
2,60,10.0,0.2,403.4,336.8506,0.0002193087925519198,2,0.977215039470159,0.0002244222445356837,0.002193087925519198,0.00011139611679514555,14.11628016072991,True,1.8899148782942113e-05,0,0.0857541092251441,9.449574391471056e-05,4.9999999999999996e-06,3.038578284048814e-07,9.134017996862787e-07,9.493179037474428e-05,8.772351702076793e-05,-7.208273353976352e-06,-0.08217036433080817,False,device spread,False,0.9312209930125324,0.9251321333623873,1
2,60,20.0,0.0,403.4,336.8506,0.0002145954805373238,1,0.9562130571383826,0.0002244222445356837,0.004291909610746476,0.00010940133648683066,14.148041124232329,True,0.0,0,0.0,0.0,4.9999999999999996e-06,3.037897119731426e-07,9.133139972647766e-07,5.303789711973142e-06,8.583819221492952e-05,8.053440250295638e-05,0.9382117729286163,True,absolute signal (comparator noise),True,17.106880500591277,17.10688050059127,0
2,60,20.0,0.05,403.4,336.8506,0.00021446589515570583,2,0.9556356394145467,0.0002244222445356837,0.004289317903114116,0.00010938609786922759,14.152077809686435,True,4.5993793788716e-06,1,0.06192261895160541,2.2996896894358002e-05,4.9999999999999996e-06,3.037897119731426e-07,9.133139972647766e-07,2.383796203159664e-05,8.578635806228233e-05,6.194839603068569e-05,0.7221240932702856,True,device spread,True,3.6495946840590823,3.6309769861263774,0
2,60,20.0,0.1,403.4,336.8506,0.00021440178865153006,2,0.955349988122232,0.0002244222445356837,0.004288035773030601,0.00010940564476157901,14.156226515248418,True,9.180907310908129e-06,1,0.06597976771739705,4.5904536554540645e-05,4.9999999999999996e-06,3.037897119731426e-07,9.133139972647766e-07,4.6479827613542375e-05,8.576071546061203e-05,3.928088784706965e-05,0.45802891960609265,True,device spread,True,1.8609699924597167,1.8493502092485112,0
2,60,20.0,0.15,403.4,336.8506,0.00021440218930456555,2,0.9553517733865953,0.0002244222445356837,0.004288043786091311,0.0001094595873973119,14.160491820883747,True,1.373198032335151e-05,1,0.06992932631441594,6.865990161675754e-05,4.9999999999999996e-06,3.037897119731426e-07,9.133139972647766e-07,6.91455073693851e-05,8.576087572182622e-05,1.6615368352441122e-05,0.19374065636100418,True,device spread,True,1.2483873340451386,1.2400169874506615,2
2,60,20.0,0.2,403.4,336.8506,0.0002144652444544649,2,0.9556327399638158,0.0002244222445356837,0.004289304889089298,0.0001095471283082741,14.16488150995075,True,1.8240601849616305e-05,1,0.07546179548861891,9.120300924808152e-05,4.9999999999999996e-06,3.037897119731426e-07,9.133139972647766e-07,9.164375301339802e-05,8.578609778178596e-05,-5.857655231612059e-06,-0.06828210377994082,False,device spread,False,0.9410992396707684,0.9345198125310585,2
2,60,50.0,0.0,403.4,336.8506,0.00020138490751616533,1,0.8973482460832648,0.0002244222445356837,0.010069245375808267,0.00010430336326271896,14.285427851590871,True,0.0,0,0.0,0.0,4.9999999999999996e-06,3.0358551088917633e-07,9.130506985210475e-07,5.303585510889176e-06,8.055396300646614e-05,7.525037749557697e-05,0.9341610851540172,True,absolute signal (comparator noise),True,16.050075499115394,16.05007549911539,0
2,60,50.0,0.05,403.4,336.8506,0.00020125796981260543,2,0.8967826261117574,0.0002244222445356837,0.010062898490630271,0.0001042863270205712,14.289485687554702,True,4.309038727875698e-06,1,0.06120966605951293,2.1545193639378493e-05,4.9999999999999996e-06,3.0358551088917633e-07,9.130506985210475e-07,2.242134690209501e-05,8.050318792504217e-05,5.808184102294716e-05,0.7214849811541391,True,device spread,True,3.7455518754765516,3.6246731569117943,0
2,60,50.0,0.1,403.4,336.8506,0.00020117827741613717,2,0.8964275258558397,0.0002244222445356837,0.010058913870806858,0.00010429568865554496,14.293705417344958,True,8.601230224918334e-06,1,0.06458735184223648,4.300615112459167e-05,4.9999999999999996e-06,3.0358551088917633e-07,9.130506985210475e-07,4.3599417117999084e-05,8.047131096645488e-05,3.6871893848455796e-05,0.45819924399922035,True,device spread,True,1.9165333204558195,1.8502366544107904,0
2,60,50.0,0.15,403.4,336.8506,0.0002011451816783932,2,0.896280055012152,0.0002244222445356837,0.01005725908391966,0.00010433120023690505,14.298091396633726,True,1.286386580504211e-05,1,0.06789981657244487,6.431932902521055e-05,4.9999999999999996e-06,3.0358551088917633e-07,9.130506985210475e-07,6.481696463687585e-05,8.045807267135729e-05,1.5641108034481434e-05,0.19440072966164398,True,device spread,True,1.2863573459975612,1.2410412579501768,2
2,60,50.0,0.2,403.4,336.8506,0.00020115736615665264,2,0.896334347661638,0.0002244222445356837,0.010057868307832632,0.0001043922987851572,14.302650411173833,True,1.7084885936645176e-05,1,0.07106625877591367,8.542442968322588e-05,4.9999999999999996e-06,3.0358551088917633e-07,9.130506985210475e-07,8.58742182461004e-05,8.046294646266107e-05,-5.411271783439334e-06,-0.06725172295238332,False,device spread,False,0.9699048902424124,0.9353423547427151,2
2,100,1.0,0.0,403.4,202.0276,0.0002648287295386615,1,0.9972788905898338,0.000265551323744585,0.0002648287295386615,0.00013341800868099372,14.044987144913598,True,0.0,0,0.0,0.0,4.9999999999999996e-06,3.043791334540855e-07,9.140733090525388e-07,5.304379133454085e-06,0.00010593149181546461,0.00010062711268201053,0.949926324622196,True,absolute signal (comparator noise),True,21.12542253640211,21.12542253640211,0
2,100,1.0,0.05,403.4,202.0276,0.00026469905886146764,2,0.9967905831870862,0.000265551323744585,0.00026469905886146764,0.00013342408644354564,14.049636813949334,True,6.901495268225017e-06,0,0.06612804263745951,3.4507476341125086e-05,4.9999999999999996e-06,3.043791334540855e-07,9.140733090525388e-07,3.5172214217286116e-05,0.00010587962354458706,7.070740932730095e-05,0.6678094137492403,True,device spread,True,3.0783705053630577,3.029103420147601,1
2,100,1.0,0.1,403.4,202.0276,0.00026478539818399106,2,0.9971157155242403,0.000265551323744585,0.00026478539818399106,0.0001335372915448661,14.054170631366096,True,1.3790395911218769e-05,0,0.09196338217906384,6.895197955609384e-05,4.9999999999999996e-06,3.043791334540855e-07,9.140733090525388e-07,6.943740658563488e-05,0.00010591415927359643,3.6476752687961554e-05,0.3443992091155174,True,device spread,True,1.5550545602103178,1.5288813755410906,1
2,100,1.0,0.15,403.4,202.0276,0.00026508476049330506,2,0.9982430392562128,0.000265551323744585,0.00026508476049330506,0.00013375628903878822,14.05858899788074,True,2.066292567294718e-05,0,0.13619210450440938,0.00010331462836473589,4.9999999999999996e-06,3.043791334540855e-07,9.140733090525388e-07,0.00010373992637976342,0.00010603390419732203,2.293977817558612e-06,0.02163438038921657,True,device spread,True,1.0407334612383177,1.0234362016149665,1
2,100,1.0,0.2,403.4,202.0276,0.00026559208036806625,2,1.0001534792706228,0.000265551323744585,0.00026559208036806625,0.00013407879288273789,14.062899411485112,True,2.7514766910577416e-05,0,0.1799592645658186,0.00013757383455288708,4.9999999999999996e-06,3.043791334540855e-07,9.140733090525388e-07,0.00013796904400278483,0.00010623683214722651,-3.1732211855558325e-05,-0.29869312943728193,False,device spread,False,0.7836105209736197,0.7707621946676467,1
2,100,2.0,0.0,403.4,202.0276,0.00026411015690031735,1,0.9945729253993333,0.000265551323744585,0.0005282203138006347,0.00013314753371199026,14.05096046415451,True,0.0,0,0.0,0.0,4.9999999999999996e-06,3.043723017694534e-07,9.140645141506119e-07,5.304372301769453e-06,0.00010564406276012695,0.0001003396904583575,0.9497901522983507,True,absolute signal (comparator noise),True,21.0679380916715,21.067938091671497,0
2,100,2.0,0.05,403.4,202.0276,0.00026398019144747693,2,0.9940835079450809,0.000265551323744585,0.0005279603828949539,0.00013315332762078798,14.055613696529852,True,6.864629186141692e-06,0,0.06609278164899852,3.432314593070846e-05,4.9999999999999996e-06,3.043723017694534e-07,9.140645141506119e-07,3.498979210001766e-05,0.00010559207657899078,7.060228447897312e-05,0.6686324084758133,True,device spread,True,3.082182127731419,3.036743405283864,1
2,100,2.0,0.1,403.4,202.0276,0.0002640641481349086,2,0.9943996678732174,0.000265551323744585,0.0005281282962698172,0.00013326537452285785,14.060157658053852,True,1.3716573989546864e-05,0,0.0911868528002002,6.858286994773432e-05,4.9999999999999996e-06,3.043723017694534e-07,9.140645141506119e-07,6.906926196406616e-05,0.00010562565925396344,3.6556397289897277e-05,0.3460939088863065,True,device spread,True,1.5570796635865842,1.532870499443247,1
2,100,2.0,0.15,403.4,202.0276,0.0002643590593394273,2,0.9955102298555872,0.000265551323744585,0.0005287181186788546,0.00013348234747546394,14.06459275733259,True,2.0551869947596657e-05,0,0.13503386045336793,0.00010275934973798328,4.9999999999999996e-06,3.043723017694534e-07,9.140645141506119e-07,0.00010318529355820633,0.00010574362373577093,2.558330177564595e-06,0.02419370631705677,True,device spread,True,1.0421083775441113,1.0261315872553283,1
2,100,2.0,0.2,403.4,202.0276,0.0002648598900582696,2,0.9973962333285883,0.000265551323744585,0.0005297197801165392,0.00013380197256732807,14.06892643193511,True,2.7366027731146964e-05,0,0.17816908196351078,0.00013683013865573482,4.9999999999999996e-06,3.043723017694534e-07,9.140645141506119e-07,0.00013722583462432727,0.00010594395602330784,-3.128187860101943e-05,-0.2952681755072216,False,device spread,False,0.7846569033559727,0.7728064768921212,1
2,100,5.0,0.0,403.4,202.0276,0.00026197822400878126,1,0.986544598289254,0.000265551323744585,0.0013098911200439063,0.00013234357481951592,14.06875335633372,True,0.0,0,0.0,0.0,4.9999999999999996e-06,3.0435180820492574e-07,9.140381305334784e-07,5.304351808204925e-06,0.00010479128960351251,9.948693779530759e-05,0.9493817489194528,True,absolute signal (comparator noise),True,20.897387559061517,20.897387559061514,0
2,100,5.0,0.05,403.4,202.0276,0.0002618474223129988,2,0.9860520317528196,0.000265551323744585,0.001309237111564994,0.00013234853691991197,14.073416833682373,True,6.755831741606995e-06,0,0.0659875627931933,3.377915870803498e-05,4.9999999999999996e-06,3.0435180820492574e-07,9.140381305334784e-07,3.4451556130412845e-05,0.00010473896892519953,7.028741279478667e-05,0.671072223796505,True,device spread,True,3.0935665302040807,3.0596230364583947,1
2,100,5.0,0.1,403.4,202.0276,0.0002619244230970538,2,0.9863419974851276,0.000265551323744585,0.0013096221154852688,0.00013245717876086602,14.077990092687,True,1.3498729673978318e-05,0,0.08888274763546417,6.749364836989159e-05,4.9999999999999996e-06,3.0435180820492574e-07,9.140381305334784e-07,6.798294938734046e-05,0.00010476976923882151,3.678681985148105e-05,0.35112055814140347,True,device spread,True,1.5631337529606208,1.5448264955464635,1
2,100,5.0,0.15,403.4,202.0276,0.00026220631696330414,2,0.9874035394208835,0.000265551323744585,0.0013110315848165208,0.00013266819746427,14.082473563794641,True,2.0224191714853406e-05,0,0.13159757405453537,0.00010112095857426704,4.9999999999999996e-06,3.0435180820492574e-07,9.140381305334784e-07,0.0001015488492536396,0.00010488252678532167,3.3336775316820613e-06,0.03178487050093277,True,device spread,True,1.0462189274492668,1.034210613542609,1
2,100,5.0,0.2,403.4,202.0276,0.0002626881604184093,2,0.9892180415981298,0.000265551323744585,0.0013134408020920466,0.00013297935569294052,14.086874503813887,True,2.6927239075893202e-05,0,0.17286436735100644,0.000134636195379466,4.9999999999999996e-06,3.0435180820492574e-07,9.140381305334784e-07,0.0001350333579882319,0.00010507526416736373,-2.9958093820868162e-05,-0.2851108113623293,False,device spread,False,0.7877848726029044,0.7789334869609003,1
2,100,10.0,0.0,403.4,202.0276,0.000258502279853281,1,0.9734550602425767,0.000265551323744585,0.00258502279853281,0.00013102796321448368,14.097992248355132,True,0.0,0,0.0,0.0,4.9999999999999996e-06,3.043176572273612e-07,9.139941614662674e-07,5.304317657227361e-06,0.0001034009119413124,9.809659428408504e-05,0.9487014422054812,True,absolute signal (comparator noise),True,20.61931885681701,20.619318856817003,0
2,100,10.0,0.05,403.4,202.0276,0.0002583702365318882,2,0.9729578180540205,0.000265551323744585,0.002583702365318882,0.00013103160219719696,14.102671372401893,True,6.5803067138230564e-06,0,0.06581405325744383,3.2901533569115285e-05,4.9999999999999996e-06,3.043176572273612e-07,9.139941614662674e-07,3.358360417601589e-05,0.0001033480946127553,6.97644904367394e-05,0.675043799289639,True,device spread,True,3.1123752684414656,3.0976211098715236,1
2,100,10.0,0.1,403.4,202.0276,0.00025843625572082756,2,0.9732064298402785,0.000265551323744585,0.002584362557208276,0.00013113479199138977,14.107289828725477,True,1.314732546086188e-05,0,0.08512522438119755,6.57366273043094e-05,4.9999999999999996e-06,3.043176572273612e-07,9.139941614662674e-07,6.623082347503692e-05,0.00010337450228833103,3.7143678813294115e-05,0.3593118031145956,True,device spread,True,1.5731549003199115,1.5647158455807237,1
2,100,10.0,0.15,403.4,202.0276,0.0002586975249671097,2,0.9741903046054198,0.000265551323744585,0.002586975249671097,0.0001313362699125801,14.111848079836173,True,1.9695742451694302e-05,0,0.12599504780736132,9.847871225847151e-05,4.9999999999999996e-06,3.043176572273612e-07,9.139941614662674e-07,9.890987920467167e-05,0.00010347900998684389,4.569130782172218e-06,0.044155145886621144,True,device spread,True,1.0530237753874043,1.0476524561756793,1
2,100,10.0,0.2,403.4,202.0276,0.0002591492536372443,2,0.9758914020195267,0.000265551323744585,0.002591492536372443,0.00013163386001087375,14.116353085589914,True,2.621984290149087e-05,0,0.16540809805556728,0.00013109921450745436,4.9999999999999996e-06,3.043176572273612e-07,9.139941614662674e-07,0.00013149884515159936,0.00010365970145489773,-2.7839143696701635e-05,-0.2685628388464386,False,device spread,False,0.7929619329801075,0.7891262391848819,1
2,100,20.0,0.0,403.4,202.0276,0.0002518259440590082,1,0.948313646145563,0.000265551323744585,0.005036518881180165,0.0001284839039698157,14.15496506787675,True,0.0,0,0.0,0.0,4.9999999999999996e-06,3.042493738787677e-07,9.139062369345171e-07,5.304249373878767e-06,0.00010073037762360329,9.542612824972452e-05,0.9473421077234613,True,absolute signal (comparator noise),True,20.085225649944906,20.085225649944903,0
2,100,20.0,0.05,403.4,202.0276,0.00025169193183354,2,0.9478089895557237,0.000265551323744585,0.0050338386366708,0.0001284851157031426,14.159670515916613,True,6.3519263604705785e-06,1,0.06547380861091584,3.175963180235289e-05,4.9999999999999996e-06,3.042493738787677e-07,9.139062369345171e-07,3.245505359742853e-05,0.000100676772733416,6.822171913598748e-05,0.6776311683791564,True,device spread,True,3.1492425369570163,3.1206046127242475,0
2,100,20.0,0.1,403.4,202.0276,0.00025173808521888907,2,0.9479827916844357,0.000265551323744585,0.005034761704377781,0.00012857817717266704,14.164366800766564,True,1.2684523913738914e-05,1,0.07790399367646046,6.342261956869457e-05,4.9999999999999996e-06,3.042493738787677e-07,9.139062369345171e-07,6.392365421984821e-05,0.00010069523408755564,3.677157986770743e-05,0.365176963943836,True,device spread,True,1.5928593991796427,1.5766482931458012,2
2,100,20.0,0.15,403.4,202.0276,0.0002519617835097784,2,0.9488251836097891,0.000265551323744585,0.005039235670195569,0.00012876190579763698,14.169054443795659,True,1.899175467137886e-05,1,0.11523246824696107,9.49587733568943e-05,4.9999999999999996e-06,3.042493738787677e-07,9.139062369345171e-07,9.539456768991985e-05,0.00010078471340391137,5.390145713991519e-06,0.05348177845572295,True,device spread,True,1.06640997063835,1.0553283663503483,2
2,100,20.0,0.2,403.4,202.0276,0.0002523585399573405,2,0.9503192693555024,0.000265551323744585,0.00504717079914681,0.0001290342489287232,14.173739843306185,True,2.5267429113735153e-05,1,0.1511647688831558,0.00012633714556867576,4.9999999999999996e-06,3.042493738787677e-07,9.139062369345171e-07,0.00012674029783491208,0.0001009434159829362,-2.5796881851975877e-05,-0.25555784496471434,False,device spread,False,0.8031436125750591,0.7946025010669359,2
2,100,50.0,0.0,403.4,202.0276,0.00023375207869171503,1,0.8802519806549508,0.000265551323744585,0.011687603934585752,0.00012147783316807684,14.314831101401717,True,0.0,0,0.0,0.0,4.9999999999999996e-06,3.040446725708886e-07,9.1364257210388e-07,5.304044672570888e-06,9.350083147668601e-05,8.819678680411513e-05,0.9432727539552049,True,absolute signal (comparator noise),True,18.639357360823027,18.639357360823023,0
2,100,50.0,0.05,403.4,202.0276,0.000233615367450804,2,0.879737160246665,0.000265551323744585,0.0116807683725402,0.0001214732143036068,14.319582316146972,True,5.880995455003786e-06,1,0.06450388983803118,2.9404977275018927e-05,4.9999999999999996e-06,3.040446725708886e-07,9.1364257210388e-07,3.0131090931702543e-05,9.34461469803216e-05,6.331505604861906e-05,0.677556625870859,True,device spread,True,3.2551159732148323,3.1213481823195366,0
2,100,50.0,0.1,403.4,202.0276,0.00023361549654982177,2,0.8797376464013411,0.000265551323744585,0.01168077482749109,0.00012154108540343822,14.324429254552502,True,1.174218989115865e-05,1,0.07132178117065124,5.871094945579325e-05,4.9999999999999996e-06,3.040446725708886e-07,9.1364257210388e-07,5.922751695654877e-05,9.344619861992872e-05,3.421868166337995e-05,0.3661859141275152,True,device spread,True,1.650099673953053,1.5793135503639661,2
2,100,50.0,0.15,403.4,202.0276,0.00023375038138338824,2,0.8802455890154633,0.000265551323744585,0.011687519069169412,0.00012168049387956866,14.32937271279625,True,1.757470321979531e-05,1,0.08605859372322328,8.787351609897655e-05,4.9999999999999996e-06,3.040446725708886e-07,9.1364257210388e-07,8.831969573303338e-05,9.35001525533553e-05,5.180456820321928e-06,0.05540586489808914,True,device spread,True,1.1053306097479225,1.0574265044167628,2
2,100,50.0,0.2,403.4,202.0276,0.00023401639292513078,2,0.881247322081567,0.000265551323744585,0.011700819646256539,0.00012188974650093873,14.334417857607626,True,2.3369779997385134e-05,1,0.11260860167369052,0.00011684889998692567,4.9999999999999996e-06,3.040446725708886e-07,9.1364257210388e-07,0.00011725987149686622,9.360655717005232e-05,-2.3653314326813898e-05,-0.25268864748271436,False,device spread,False,0.8327221308979504,0.7963133239170633,2
4,20,1.0,0.0,403.4,1016.0459,0.00012610612909393952,3,0.9974343564066231,0.0001264305047083519,0.00012610612909393952,0.00012806688280939194,20.13401287649186,True,0.0,0,0.0,0.0,4.9999999999999996e-06,6.032244156572346e-07,1.8209998096987696e-06,5.603224415657234e-06,5.044245163757581e-05,4.4839227221918576e-05,0.8889184757331807,True,absolute signal (comparator noise),True,9.967845444383716,9.967833298172238,2
4,20,1.0,0.05,403.4,1016.0459,0.00012605200560237323,4,0.997006267539216,0.00012643050470835193,0.00012605200560237323,0.00012799211157425358,20.132668877847752,True,2.2231335812597055e-06,0,0.18809387050192947,1.1115667906298527e-05,4.9999999999999996e-06,6.032244156572346e-07,1.8209998096987696e-06,1.2791664553883089e-05,5.042080224094929e-05,3.7629137687066204e-05,0.7463018439739476,True,device spread,True,4.103465815496281,4.089285198034736,1
4,20,1.0,0.1,403.4,1016.0459,0.00012596347534160076,4,0.9963060388960046,0.00012643050470835193,0.00012596347534160076,0.00012796753892008612,20.137103666057328,True,4.439241579592922e-06,0,0.20964223641600424,2.219620789796461e-05,4.9999999999999996e-06,6.032244156572346e-07,1.8209998096987696e-06,2.33556230815049e-05,5.0385390136640305e-05,2.7029767055135407e-05,0.5364604100877912,True,device spread,True,2.199699822703263,2.1901532801528343,1
4,20,1.0,0.15,403.4,1016.0459,0.0001258413866763967,4,0.9953403806042364,0.00012643050470835193,0.0001258413866763967,0.00012791391884234152,20.14188618382958,True,6.643357366664347e-06,0,0.23028645730807973,3.321678683332173e-05,4.9999999999999996e-06,6.032244156572346e-07,1.8209998096987696e-06,3.419421915428229e-05,5.0336554670558684e-05,1.6142335516276392e-05,0.3206881285762268,True,device spread,True,1.4900342794777834,1.4827533436483427,1
4,20,1.0,0.2,403.4,1016.0459,0.00012568664385513012,4,0.9941164448015316,0.00012643050470835193,0.00012568664385513012,0.00012783216075008748,20.14702000445765,True,8.830666602670095e-06,0,0.24976363082433564,4.415333301335048e-05,4.9999999999999996e-06,6.032244156572346e-07,1.8209998096987696e-06,4.5038759927090254e-05,5.027465754205205e-05,5.235897614961797e-06,0.10414586336231628,True,device spread,True,1.1261034207159384,1.1200512176872996,1
4,20,2.0,0.0,403.4,1016.0459,0.0001257831055802349,2,0.994879407231582,0.00012643050470835193,0.0002515662111604698,0.00012788280372684496,20.143796720379793,True,0.0,0,0.0,0.0,4.9999999999999996e-06,6.031974902082765e-07,1.8209649245415067e-06,5.603197490208276e-06,5.0313242232093966e-05,4.471004474188569e-05,0.8886337424974355,True,absolute signal (comparator noise),True,9.942008948377138,9.941960613862472,1
4,20,2.0,0.05,403.4,1016.0459,0.00012573007253441161,4,0.9944599432268655,0.00012643050470835193,0.00025146014506882323,0.00012772883950948723,20.136996005519762,True,2.211920185772081e-06,0,0.18821695745480732,1.1059600928860404e-05,4.9999999999999996e-06,6.031974902082765e-07,1.8209649245415067e-06,1.2740527209122973e-05,5.029202901376465e-05,3.7551501804641676e-05,0.7466690555349047,True,device spread,True,4.10691208518659,4.09587452424869,1
4,20,2.0,0.1,403.4,1016.0459,0.0001256418351983157,4,0.9937620314665713,0.00012643050470835193,0.0002512836703966314,0.00012770431138944867,20.14142576545,True,4.416856425509394e-06,0,0.20990723524607707,2.2084282127546972e-05,4.9999999999999996e-06,6.031974902082765e-07,1.8209649245415067e-06,2.324641981144804e-05,5.0256734079326285e-05,2.7010314267878245e-05,0.537446667848424,True,device spread,True,2.202644282441316,2.1950157493725557,1
4,20,2.0,0.15,403.4,1016.0459,0.00012552014401936342,4,0.9927995170857815,0.00012643050470835193,0.00025104028803872683,0.00012765081369241245,20.146203172377433,True,6.609879643500681e-06,0,0.2306936100730835,3.304939821750341e-05,4.9999999999999996e-06,6.031974902082765e-07,1.8209649245415067e-06,3.402867762945411e-05,5.020805760774537e-05,1.617937997829126e-05,0.32224668209023366,True,device spread,True,1.492186996636013,1.4862377217677079,1
4,20,2.0,0.2,403.4,1016.0459,0.00012536589926812126,4,0.9915795207597526,0.00012643050470835193,0.0002507317985362425,0.00012756925323221247,20.15133185949103,True,8.786211325159659e-06,0,0.25031245190420065,4.39310566257983e-05,4.9999999999999996e-06,6.031974902082765e-07,1.8209649245415067e-06,4.481787532754072e-05,5.014635970724851e-05,5.328484379707792e-06,0.10625864790216417,True,device spread,True,1.127770015809148,1.122731873743447,1
4,20,5.0,0.0,403.4,1016.0459,0.00012482206779608859,2,0.9872780946657322,0.00012643050470835193,0.0006241103389804429,0.0001273340052420021,20.173060541059407,True,0.0,0,0.0,0.0,4.9999999999999996e-06,6.031167255223218e-07,1.8208602776599602e-06,5.603116725522321e-06,4.9928827118435436e-05,4.4325710392913114e-05,0.8877779221163908,True,absolute signal (comparator noise),True,9.865142078582624,9.86484461398516,1
4,20,5.0,0.05,403.4,1016.0459,0.00012477581431536615,4,0.9869122535198068,0.00012643050470835193,0.0006238790715768308,0.00012694609442595215,20.14977862457018,True,2.1789951453771764e-06,1,0.1885817226596996,1.0894975726885882e-05,4.9999999999999996e-06,6.031167255223218e-07,1.8208602776599602e-06,1.2590630900255654e-05,4.991032572614646e-05,3.7319694825890806e-05,0.7477349482882694,True,device spread,True,4.117131801675812,4.111358595160574,0
4,20,5.0,0.1,403.4,1016.0459,0.00012468844570942946,4,0.9862212129664354,0.00012643050470835193,0.0006234422285471472,0.0001269217001592149,20.154193393376826,True,4.350914895953452e-06,1,0.21069358201982505,2.175457447976726e-05,4.9999999999999996e-06,6.031167255223218e-07,1.8208602776599602e-06,2.2924888850417354e-05,4.9875378283771785e-05,2.695048943335443e-05,0.5403565919844553,True,device spread,True,2.2114546390590113,2.205575875338354,0
4,20,5.0,0.15,403.4,1016.0459,0.00012456793291391093,4,0.9852680189900567,0.00012643050470835193,0.0006228396645695547,0.00012686856825400855,20.158955619171422,True,6.510953959154993e-06,0,0.2319023523068541,3.255476979577496e-05,4.9999999999999996e-06,6.031167255223218e-07,1.8208602776599602e-06,3.3539616789370966e-05,4.9827173165564376e-05,1.628755637619341e-05,0.3268810037060212,True,device spread,True,1.498638069962827,1.4927919181600717,1
4,20,5.0,0.2,403.4,1016.0459,0.00012441516442664464,4,0.984059699149693,0.00012643050470835193,0.0006220758221332232,0.0001267875977911122,20.16406911212155,True,8.654846672380432e-06,0,0.25194225429045103,4.3274233361902155e-05,4.9999999999999996e-06,6.031167255223218e-07,1.8208602776599602e-06,4.416524790686336e-05,4.976606577065786e-05,5.600817863794498e-06,0.11254291005452048,True,device spread,True,1.1327666443450595,1.1269520710232883,1
4,20,10.0,0.0,403.4,1016.0459,0.00012324664414564007,2,0.9748173071834496,0.00012643050470835193,0.0012324664414564007,0.00012643063431458482,20.221544280685173,True,0.0,0,0.0,0.0,4.9999999999999996e-06,6.029821565698237e-07,1.8206858948191106e-06,5.602982156569823e-06,4.9298657658256034e-05,4.369567550168621e-05,0.8863461517469636,True,absolute signal (comparator noise),True,9.739135100337244,9.737975206687196,1
4,20,10.0,0.05,403.4,1016.0459,0.0001232228508984936,4,0.9746291148860182,0.00012643050470835193,0.001232228508984936,0.00012566460040877456,20.170434042687546,True,2.145209878388084e-06,1,0.18917497853848517,1.072604939194042e-05,4.9999999999999996e-06,6.029821565698237e-07,1.8206858948191106e-06,1.2437175646552377e-05,4.928914035939744e-05,3.6851964712845067e-05,0.747669049290264,True,device spread,True,4.123097136491532,4.111056162135493,2
4,20,10.0,0.1,403.4,1016.0459,0.0001231368972496806,4,0.9739492659127718,0.00012643050470835193,0.001231368972496806,0.00012564042986760416,20.174824148008955,True,4.2834779855554755e-06,1,0.21197591964891788,2.141738992777738e-05,4.9999999999999996e-06,6.029821565698237e-07,1.8206858948191106e-06,2.2596267298141102e-05,4.925475889987224e-05,2.6658491601731136e-05,0.5412368712620028,True,device spread,True,2.218136413956546,2.20972278521082,2
4,20,10.0,0.15,403.4,1016.0459,0.000123018302285041,4,0.973011240988224,0.00012643050470835193,0.00123018302285041,0.0001255879029301553,20.179561587885008,True,6.410034168943216e-06,1,0.23387540972291776,3.205017084471608e-05,4.9999999999999996e-06,6.029821565698237e-07,1.8206858948191106e-06,3.3040821960963224e-05,4.920732091401641e-05,1.6166498953053184e-05,0.3285384908741954,True,device spread,True,1.502839602390103,1.4962231083316708,2
4,20,10.0,0.2,403.4,1016.0459,0.00012286793540820969,4,0.9718219166461423,0.00012643050470835193,0.0012286793540820969,0.00012550790596484656,20.184650458376836,True,8.520269904933491e-06,1,0.25460419828517117,4.2601349524667456e-05,4.9999999999999996e-06,6.029821565698237e-07,1.8206858948191106e-06,4.349674605440099e-05,4.9147174163283874e-05,5.650428108882886e-06,0.11496954209636172,True,device spread,True,1.1353419037518437,1.1296979428181422,2
4,20,20.0,0.0,403.4,1016.0459,0.00012019104684087592,2,0.9506491104985375,0.00012643050470835193,0.0024038209368175186,0.0001246650127976013,20.317449362719668,True,0.0,0,0.0,0.0,4.9999999999999996e-06,6.027131642889001e-07,1.8203372364509834e-06,5.6027131642889e-06,4.807641873635037e-05,4.247370557206147e-05,0.8834623436696895,True,absolute signal (comparator noise),True,9.494741114412294,9.490328831267737,1
4,20,20.0,0.05,403.4,1016.0459,0.00012017352119416892,2,0.9505104916838185,0.00012643050470835193,0.0024034704238833785,0.00012469258124463205,20.32063657438764,True,2.0810542136469855e-06,2,0.1903085607351458,1.0405271068234927e-05,4.9999999999999996e-06,6.027131642889001e-07,1.8203372364509834e-06,1.2146961342643644e-05,4.8069408477667574e-05,3.592244713502393e-05,0.7473037067163628,True,device spread,True,4.112240366448454,4.1081749209928065,1
4,20,20.0,0.1,403.4,1016.0459,0.00012012387303509937,2,0.950117800385274,0.00012643050470835193,0.0024024774607019875,0.00012469139519063292,20.32414316143301,True,4.1564721286792675e-06,2,0.21443893418031093,2.0782360643396337e-05,4.9999999999999996e-06,6.027131642889001e-07,1.8203372364509834e-06,2.19780848315182e-05,4.804954921403975e-05,2.6071464382521554e-05,0.5425954001438092,True,device spread,True,2.2202864932071162,2.2169612189824757,1
4,20,20.0,0.15,403.4,1016.0459,0.00012004273113500249,2,0.9494760098594508,0.00012643050470835193,0.00240085462270005,0.00012466186827628435,20.327955272275382,True,6.22164525227336e-06,2,0.23767211149077652,3.11082262613668e-05,4.9999999999999996e-06,6.027131642889001e-07,1.8203372364509834e-06,3.2110200228927855e-05,4.8017092454000996e-05,1.590689222507314e-05,0.33127562316088777,True,device spread,True,1.5054488123337089,1.5024102926851075,1
4,20,20.0,0.2,403.4,1016.0459,0.00011990634580243564,4,0.9483972723120411,0.00012643050470835193,0.0023981269160487126,0.0001230315126320514,20.223483913561875,True,8.272050985126428e-06,2,0.25973229998061914,4.136025492563214e-05,4.9999999999999996e-06,6.027131642889001e-07,1.8203372364509834e-06,4.226409441255379e-05,4.7962538320974256e-05,5.698443908420465e-06,0.11881030712522792,True,device spread,True,1.1375905840709806,1.1346919489178897,1
4,20,50.0,0.0,403.4,1016.0459,0.0001117241386804025,2,0.8836802394969959,0.00012643050470835193,0.005586206934020125,0.00011967441816529921,20.597086189594908,True,0.0,0,0.0,0.0,4.9999999999999996e-06,6.019073506177393e-07,1.8192921190017487e-06,5.601907350617739e-06,4.4689655472161003e-05,3.9087748121543265e-05,0.8746486789519469,True,absolute signal (comparator noise),True,8.817549624308654,8.79369131399533,1
4,20,50.0,0.05,403.4,1016.0459,0.00011170486206689549,2,0.883527771439137,0.00012643050470835193,0.005585243103344775,0.00011969958355401888,20.600411256507382,True,1.9338752654799557e-06,2,0.1933241505036329,9.66937632739978e-06,4.9999999999999996e-06,6.019073506177393e-07,1.8192921190017487e-06,1.1487532668479788e-05,4.46819448267582e-05,3.3194412158278414e-05,0.7429043719332384,True,device spread,True,4.0724536151634325,4.059473526162645,1
4,20,50.0,0.1,403.4,1016.0459,0.00011165653984621488,2,0.8831455676284974,0.00012643050470835193,0.005582826992310744,0.00011969710219866642,20.603989424891516,True,3.862725910109936e-06,2,0.22109049935026773,1.931362955054968e-05,4.9999999999999996e-06,6.019073506177393e-07,1.8192921190017487e-06,2.0552252871832803e-05,4.466261593848595e-05,2.411036306665315e-05,0.5398332041244622,True,device spread,True,2.2237781759151725,2.2135739325146817,1
4,20,50.0,0.15,403.4,1016.0459,0.00011157973594038678,2,0.8825380883970788,0.00012643050470835193,0.005578986797019339,0.00011966737390307856,20.607808625221256,True,5.782502118111944e-06,2,0.24797890119454766,2.891251059055972e-05,4.9999999999999996e-06,6.019073506177393e-07,1.8192921190017487e-06,2.9943571731651545e-05,4.4631894376154713e-05,1.4688322644503168e-05,0.3290992428130192,True,device spread,True,1.5115311015707336,1.5037348271450854,1
4,20,50.0,0.2,403.4,1016.0459,0.00011147528794526885,2,0.8817119586955573,0.00012643050470835193,0.005573764397263443,0.0001196111438285632,20.611860813797783,True,7.689212412247499e-06,2,0.27369685098472113,3.8446062061237494e-05,4.9999999999999996e-06,6.019073506177393e-07,1.8192921190017487e-06,3.9371736960980034e-05,4.459011517810754e-05,5.218378217127508e-06,0.11702993356898932,True,device spread,True,1.1431063527440897,1.1367511924312657,1
4,40,1.0,0.0,403.4,505.79,0.00018737829427398163,2,0.9961850202806718,0.0001880958762270772,0.00018737829427398163,0.0001895142965513345,20.098453931658575,True,0.0,0,0.0,0.0,4.9999999999999996e-06,6.066751429652435e-07,1.825461673370327e-06,5.606675142965243e-06,7.495131770959265e-05,6.934464256662741e-05,0.9251957762145164,True,absolute signal (comparator noise),True,14.868928513325482,14.86888788724462,1
4,40,1.0,0.05,403.4,505.79,0.0001873013154428093,4,0.9957757671236313,0.0001880958762270771,0.0001873013154428093,0.00018938639487618407,20.096158989639115,True,4.857121811688262e-06,0,0.16426429081036725,2.428560905844131e-05,4.9999999999999996e-06,6.066751429652435e-07,1.825461673370327e-06,2.540165058839464e-05,7.492052617712373e-05,4.9518875588729094e-05,0.6609520530015873,True,device spread,True,3.01055709769463,2.999297261746395,1
4,40,1.0,0.1,403.4,505.79,0.00018723193389517256,4,0.99540690445089,0.0001880958762270771,0.00018723193389517256,0.00018944854599639484,20.1022270669749,True,9.698962946513292e-06,0,0.16038412333380384,4.849481473256646e-05,4.9999999999999996e-06,6.066751429652435e-07,1.825461673370327e-06,4.9358567987714815e-05,7.489277355806903e-05,2.5534205570354213e-05,0.3409435164069061,True,device spread,True,1.5328385191622593,1.5259606259266632,1
4,40,1.0,0.15,403.4,505.79,0.00018717079350193756,4,0.9950818553617691,0.0001880958762270771,0.00018717079350193756,0.0001895231136728949,20.10848202533336,True,1.450968128082702e-05,0,0.1562471903062872,7.25484064041351e-05,4.9999999999999996e-06,6.066751429652435e-07,1.825461673370327e-06,7.332717618482793e-05,7.486831740077503e-05,1.5411412159471028e-06,0.020584691488353776,True,device spread,True,1.0287170617367936,1.0234049102109108,1
4,40,1.0,0.2,403.4,505.79,0.00018711735808777795,4,0.9947977693135716,0.0001880958762270771,0.00018711735808777795,0.00018960949617737502,20.114920144033327,True,1.9274181311017224e-05,0,0.15191209524349444,9.637090655508613e-05,4.9999999999999996e-06,6.066751429652435e-07,1.825461673370327e-06,9.71072017231303e-05,7.484694323511119e-05,-2.226025848801911e-05,-0.29741038879964143,False,device spread,False,0.7760722027261711,0.7715435493129335,1
4,40,2.0,0.0,403.4,505.79,0.0001866651915568635,3,0.9923938541401807,0.00018809587622707716,0.000373330383113727,0.00018910912932004515,20.11298309556183,True,0.0,0,0.0,0.0,4.9999999999999996e-06,6.066479679058944e-07,1.8254266047887705e-06,5.606647967905894e-06,7.46660766227454e-05,6.90594286548395e-05,0.9249103713292208,True,absolute signal (comparator noise),True,14.811885730967903,14.811724490266231,2
4,40,2.0,0.05,403.4,505.79,0.000186591512079109,4,0.992002141789903,0.0001880958762270771,0.000373183024158218,0.00018880571991902783,20.102465262553967,True,4.8208177791762115e-06,0,0.16455521442855914,2.410408889588106e-05,4.9999999999999996e-06,6.066479679058944e-07,1.8254266047887705e-06,2.5223859457035538e-05,7.46366048316436e-05,4.941274537460806e-05,0.6620443880863481,True,device spread,True,3.016690900871244,3.009385239146814,1
4,40,2.0,0.1,403.4,505.79,0.00018652211336662026,4,0.9916331878612962,0.0001880958762270771,0.00037304422673324053,0.0001888671986994698,20.108524226554295,True,9.626423591593614e-06,0,0.16097553158648492,4.8132117957968066e-05,4.9999999999999996e-06,6.066479679058944e-07,1.8254266047887705e-06,4.899777090507023e-05,7.460884534664811e-05,2.5611074441577884e-05,0.3432712880434423,True,device spread,True,1.5362486193233316,1.5314441535290615,1
4,40,2.0,0.15,403.4,505.79,0.00018646066121682348,4,0.9913064813378496,0.0001880958762270771,0.00037292132243364696,0.00018894081565684723,20.114771318251833,True,1.4401083259955528e-05,0,0.15713501091255788,7.200541629977764e-05,4.9999999999999996e-06,6.066479679058944e-07,1.8254266047887705e-06,7.278545355863511e-05,7.45842644867294e-05,1.798810928094286e-06,0.024117834243902,True,device spread,True,1.0310422551852727,1.0271283538465001,1
4,40,2.0,0.2,403.4,505.79,0.0001864066300690321,4,0.991019228108937,0.0001880958762270771,0.0003728132601380642,0.00018902598018207876,20.121202871304988,True,1.9129805282504883e-05,0,0.15309068421040511,9.564902641252441e-05,4.9999999999999996e-06,6.066479679058944e-07,1.8254266047887705e-06,9.63862713418981e-05,7.456265202761285e-05,-2.182361931428525e-05,-0.29268834625414464,False,device spread,False,0.7778353373093555,0.7735918714776135,1
4,40,5.0,0.0,403.4,505.79,0.00018455236011938341,2,0.9811611175174522,0.0001880958762270772,0.0009227618005969171,0.00018790494201761633,20.156371979846817,True,0.0,0,0.0,0.0,4.9999999999999996e-06,6.065664545458677e-07,1.8253214077071475e-06,5.606566454545867e-06,7.382094404775338e-05,6.821437759320751e-05,0.9240518185337878,True,absolute signal (comparator noise),True,14.642875518641503,14.641890938763991,1
4,40,5.0,0.05,403.4,505.79,0.00018450011425611218,4,0.980883355642396,0.0001880958762270771,0.0009225005712805609,0.0001870870030522567,20.120939572723874,True,4.7359749033694124e-06,1,0.165414599633632,2.3679874516847062e-05,4.9999999999999996e-06,6.065664545458677e-07,1.8253214077071475e-06,2.4808559288476358e-05,7.380004570244487e-05,4.899148641396852e-05,0.6638408682224639,True,device spread,True,3.034926609759873,3.022040253149392,0
4,40,5.0,0.1,403.4,505.79,0.00018443069567247397,4,0.9805142960700617,0.0001880958762270771,0.0009221534783623699,0.00018714651829376954,20.126970948379636,True,9.456413743164243e-06,1,0.16272361356816206,4.728206871582121e-05,4.9999999999999996e-06,6.065664545458677e-07,1.8253214077071475e-06,4.815227101392367e-05,7.37722782689896e-05,2.5620007255065928e-05,0.34728502163983427,True,device spread,True,1.545175916318868,1.5368913982388932,2
4,40,5.0,0.15,403.4,505.79,0.00018436837252947867,4,0.9801829589655733,0.0001880958762270771,0.0009218418626473934,0.0001872173628114189,20.133194026183254,True,1.4145417825362987e-05,1,0.15975997392897787,7.072708912681493e-05,4.9999999999999996e-06,6.065664545458677e-07,1.8253214077071475e-06,7.151017099163849e-05,7.374734901179147e-05,2.23717802015298e-06,0.030335707657712242,True,device spread,True,1.0362976160691884,1.0296952142339313,2
4,40,5.0,0.2,403.4,505.79,0.00018431264988965707,4,0.9798867130247302,0.0001880958762270771,0.0009215632494482854,0.0001872989783777992,20.139605308855188,True,1.87878345820912e-05,1,0.15657602878166105,9.3939172910456e-05,4.9999999999999996e-06,6.065664545458677e-07,1.8253214077071475e-06,9.467871008431838e-05,7.372505995586283e-05,-2.0953650128455547e-05,-0.2842134023492137,False,device spread,False,0.7812076890973115,0.7754576964812141,2
4,40,10.0,0.0,403.4,505.79,0.00018111690768328129,2,0.962896748808195,0.0001880958762270772,0.0018111690768328127,0.00018593484138018868,20.22803566037569,True,0.0,0,0.0,0.0,4.9999999999999996e-06,6.064306383255099e-07,1.8251461081100978e-06,5.6064306383255094e-06,7.244676307331252e-05,6.684033243498701e-05,0.9226130968384042,True,absolute signal (comparator noise),True,14.368066486997403,14.364276046588117,1
4,40,10.0,0.05,403.4,505.79,0.00018111863889095007,2,0.962905952665842,0.0001880958762270772,0.0018111863889095007,0.00018603314106398005,20.23254346305682,True,4.6283993283945595e-06,1,0.16680370785195786,2.31419966419728e-05,4.9999999999999996e-06,6.064306383255099e-07,1.8251461081100978e-06,2.4282410207861388e-05,7.244745555638003e-05,4.8165045348518645e-05,0.6648272872887255,True,device spread,True,3.0379254713603023,3.0305834560108225,2
4,40,10.0,0.1,403.4,505.79,0.00018106686006933925,4,0.962630673788658,0.0001880958762270771,0.0018106686006933925,0.00018435416423243458,20.156279631138545,True,9.241501362335932e-06,1,0.16555272432129514,4.620750681167966e-05,4.9999999999999996e-06,6.064306383255099e-07,1.8251461081100978e-06,4.708366900025297e-05,7.24267440277357e-05,2.5343075027482732e-05,0.3499132173852471,True,device spread,True,1.5477088735576054,1.542377283796584,2
4,40,10.0,0.15,403.4,505.79,0.0001810032815116817,4,0.9622926623503806,0.0001880958762270771,0.001810032815116817,0.0001844206400546047,20.162461528975747,True,1.3823733960457116e-05,1,0.16401068403611357,6.911866980228559e-05,4.9999999999999996e-06,6.064306383255099e-07,1.8251461081100978e-06,6.990571285132817e-05,7.240131260467268e-05,2.4955997533445177e-06,0.03446898493361645,True,device spread,True,1.0381150694458645,1.0335127170617997,2
4,40,10.0,0.2,403.4,505.79,0.00018094503332572432,4,0.9619829895009501,0.0001880958762270771,0.0018094503332572432,0.00018449667232649225,20.168837411002695,True,1.8360260744225633e-05,1,0.1622222417556432,9.180130372112816e-05,4.9999999999999996e-06,6.064306383255099e-07,1.8251461081100978e-06,9.254379717064914e-05,7.237801333028973e-05,-2.0165783840359408e-05,-0.27861753746037343,False,device spread,False,0.78259827577543,0.7783649712360834,2
4,40,20.0,0.0,403.4,505.79,0.0001745517724142234,2,0.9279936164230268,0.0001880958762270772,0.003491035448284468,0.00018212696233497637,20.368999621817807,True,0.0,0,0.0,0.0,4.9999999999999996e-06,6.06159153466177e-07,1.8247956171436614e-06,5.606159153466177e-06,6.982070896568937e-05,6.42145498122232e-05,0.9197063559434623,True,absolute signal (comparator noise),True,13.84290996244464,13.828840079553448,1
4,40,20.0,0.05,403.4,505.79,0.00017454839218629292,2,0.927975645651959,0.0001880958762270772,0.0034909678437258585,0.00018222070429577814,20.373637362443368,True,4.449964784470652e-06,2,0.16942982488965333,2.224982392235326e-05,4.9999999999999996e-06,6.06159153466177e-07,1.8247956171436614e-06,2.3410866224062885e-05,6.981935687451716e-05,4.640849065045428e-05,0.6646937572607828,True,device spread,True,3.042751091576519,3.036983794436306,1
4,40,20.0,0.1,403.4,505.79,0.00017454933897745111,2,0.9279806792081282,0.0001880958762270772,0.0034909867795490223,0.00018232229001162014,20.378431171592176,True,8.884845717434894e-06,2,0.17091403438198038,4.4424228587174464e-05,4.9999999999999996e-06,6.06159153466177e-07,1.8247956171436614e-06,4.531088021920518e-05,6.981973559098045e-05,2.450885537177527e-05,0.3510304810570123,True,device spread,True,1.5523043235959608,1.548636837134796,1
4,40,20.0,0.15,403.4,505.79,0.00017455480031863542,2,0.9280097140880728,0.0001880958762270772,0.0034910960063727083,0.00018243113117504607,20.38334308886732,True,1.3289747318823018e-05,2,0.17207488136317622,6.644873659411509e-05,4.9999999999999996e-06,6.06159153466177e-07,1.8247956171436614e-06,6.724274516261051e-05,6.982192012745416e-05,2.579174964843656e-06,0.03693933022946926,True,device spread,True,1.0414459533859248,1.0385597144179004,1
4,40,20.0,0.2,403.4,505.79,0.00017456483050732867,2,0.928063038960975,0.0001880958762270772,0.0034912966101465735,0.0001825465847613581,20.388339222506772,True,1.7650485367635734e-05,2,0.17294210754519934,8.825242683817866e-05,4.9999999999999996e-06,6.06159153466177e-07,1.8247956171436614e-06,8.900011167753921e-05,6.982593220293147e-05,-1.9174179474607745e-05,-0.2745996919723582,False,device spread,False,0.7851530585880057,0.7826464980853245,1
4,40,50.0,0.0,403.4,505.79,0.00015701419292794822,3,0.8347561683829483,0.00018809587622707716,0.00785070964639741,0.00017165592241988225,20.774397614103314,True,0.0,0,0.0,0.0,4.9999999999999996e-06,6.0534587768428e-07,1.823745009201438e-06,5.60534587768428e-06,6.280567717117928e-05,5.7200331293495005e-05,0.9107509682220813,True,absolute signal (comparator noise),True,12.440066258699002,12.368872163822122,2
4,40,50.0,0.05,403.4,505.79,0.00015699893961244464,2,0.8346750750819703,0.0001880958762270772,0.007849946980622233,0.00017173785155550806,20.779386128294306,True,4.000470169855519e-06,2,0.17625847784384052,2.0002350849277595e-05,4.9999999999999996e-06,6.0534587768428e-07,1.823745009201438e-06,2.122315467245188e-05,6.279957584497785e-05,4.1576421172525976e-05,0.6620493946512997,True,device spread,True,3.050044374141853,3.032978415636476,1
4,40,50.0,0.1,403.4,505.79,0.0001569833366913901,2,0.8345921231248752,0.0001880958762270772,0.007849166834569505,0.00017182191729957414,20.784500101202816,True,7.98721763616013e-06,2,0.18495080938016936,3.9936088180800645e-05,4.9999999999999996e-06,6.0534587768428e-07,1.823745009201438e-06,4.085321711561045e-05,6.279333467655605e-05,2.1940117560945594e-05,0.3494020133499449,True,device spread,True,1.563105720071022,1.553122276759765,1
4,40,50.0,0.15,403.4,505.79,0.00015696769393493942,2,0.83450895938538,0.0001880958762270772,0.00784838469674697,0.0001719076931800657,20.789700692628102,True,1.1946821783208355e-05,2,0.19325301142429863,5.9734108916041775e-05,4.9999999999999996e-06,6.0534587768428e-07,1.823745009201438e-06,6.054835020674291e-05,6.278707757397577e-05,2.2387273672328656e-06,0.035655861902398556,True,device spread,True,1.0495326252044987,1.0424146910743708,1
4,40,50.0,0.2,403.4,505.79,0.0001569522516631167,2,0.834426861509911,0.0001880958762270772,0.007847612583155835,0.00017199476669243937,20.794953644623476,True,1.5866506684673283e-05,2,0.20115443581567052,7.933253342336642e-05,4.9999999999999996e-06,6.0534587768428e-07,1.823745009201438e-06,8.009528775317914e-05,6.278090066524668e-05,-1.7314387087932458e-05,-0.2757906768533682,False,device spread,False,0.7914055384406817,0.7857580735465217,1
4,60,1.0,0.0,403.4,336.8506,0.00022339783162516388,3,0.9954353325708534,0.00022442224453516954,0.00022339783162516388,0.00022566872123730392,20.087848291366768,True,0.0,0,0.0,0.0,4.9999999999999996e-06,6.078246787012123e-07,1.826944109305673e-06,5.607824678701212e-06,8.935913265006556e-05,8.375130797136434e-05,0.9372439669858736,True,absolute signal (comparator noise),True,17.75026159427287,17.750191500607645,2
4,60,1.0,0.05,403.4,336.8506,0.00022332244566954055,4,0.9950994213256042,0.00022442224453516962,0.00022332244566954055,0.00022551741975563412,20.08495437292998,True,6.870861247660753e-06,0,0.14991605778364317,3.435430623830376e-05,4.9999999999999996e-06,6.078246787012123e-07,1.826944109305673e-06,3.532407961950894e-05,8.932897826781622e-05,5.4004898648307285e-05,0.6045619203926837,True,device spread,True,2.56720189445185,2.5577928545081514,1
4,60,1.0,0.1,403.4,336.8506,0.00022332408693668206,4,0.9951067346253394,0.00022442224453516962,0.00022332408693668206,0.00022570207752671193,20.091999792272,True,1.3729535833825773e-05,0,0.13148219861750926,6.864767916912886e-05,4.9999999999999996e-06,6.078246787012123e-07,1.826944109305673e-06,6.943735217459246e-05,8.932963477467283e-05,1.9892282600080373e-05,0.22268402473890253,True,device spread,True,1.2970017946206915,1.2912088753310287,1
4,60,1.0,0.15,403.4,336.8506,0.00022340277152198713,4,0.9954573441893246,0.00022442224453516962,0.00022340277152198713,0.00022596767604753554,20.099155250198258,True,2.055830195035644e-05,0,0.11324477041124553,0.0001027915097517822,4.9999999999999996e-06,6.078246787012123e-07,1.826944109305673e-06,0.00010352086795821334,8.936110860879485e-05,-1.4159759349418493e-05,-0.158455502285755,False,device spread,False,0.8691603675875131,0.8646117180443906,1
4,60,1.0,0.2,403.4,336.8506,0.0002235557576175724,4,0.9961390328334345,0.00022442224453516962,0.0002235557576175724,0.00022631142876373617,20.106412539320722,True,2.733981892127708e-05,0,0.09544053180552756,0.0001366990946063854,4.9999999999999996e-06,6.078246787012123e-07,1.826944109305673e-06,0.0001373983304391724,8.942230304702896e-05,-4.7976027392143434e-05,-0.5365107557888762,False,device spread,False,0.6554039477800546,0.6514737855232492,1
4,60,2.0,0.0,403.4,336.8506,0.0002223811209532968,3,0.9909049854389417,0.00022442224453516954,0.0004447622419065936,0.0002250914995423754,20.105223587480687,True,0.0,0,0.0,0.0,4.9999999999999996e-06,6.07797420260753e-07,1.826908979650412e-06,5.607797420260753e-06,8.895244838131873e-05,8.334465096105797e-05,0.9369573573037426,True,absolute signal (comparator noise),True,17.668930192211597,17.668652463613782,2
4,60,2.0,0.05,403.4,336.8506,0.0002223110948492652,4,0.9905929570828548,0.00022442224453516962,0.0004446221896985304,0.0002246896066155995,20.092436927378166,True,6.809507785519879e-06,0,0.15033086586482725,3.4047538927599394e-05,4.9999999999999996e-06,6.07797420260753e-07,1.826908979650412e-06,3.5020511742534084e-05,8.892443793970608e-05,5.3903926197172e-05,0.6061767433798206,True,device spread,True,2.5738399325974526,2.568552806495923,1
4,60,2.0,0.1,403.4,336.8506,0.00022231177015850977,4,0.9905959661840512,0.00022442224453516962,0.00044462354031701954,0.00022487233352747803,20.09947139767761,True,1.3606768231547324e-05,0,0.1323159810367354,6.803384115773662e-05,4.9999999999999996e-06,6.07797420260753e-07,1.826908979650412e-06,6.882512324498169e-05,8.892470806340391e-05,2.0099584818422217e-05,0.2260292471704386,True,device spread,True,1.3005084414569872,1.2964258074630683,1
4,60,2.0,0.15,403.4,336.8506,0.0002223883751517775,4,0.9909373093224125,0.00022442224453516962,0.000444776750303555,0.00022513500827776953,20.106619017663743,True,2.037412119668436e-05,0,0.11448998822506457,0.0001018706059834218,4.9999999999999996e-06,6.07797420260753e-07,1.826908979650412e-06,0.00010260103427167936,8.8955350060711e-05,-1.3645684210968355e-05,-0.15339925256497033,False,device spread,False,0.8715325953456062,0.8669215665305232,1
4,60,2.0,0.2,403.4,336.8506,0.00022253820133433456,4,0.991604917753419,0.00022442224453516962,0.0004450764026686691,0.0002254748740197826,20.113871588065876,True,2.7094293020459224e-05,0,0.09708816242060987,0.0001354714651022961,4.9999999999999996e-06,6.07797420260753e-07,1.826908979650412e-06,0.0001361715014747112,8.901528053373383e-05,-4.715622094097738e-05,-0.5297542248727368,False,device spread,False,0.6572008148862915,0.6523401034221706,1
4,60,5.0,0.0,403.4,336.8506,0.0002193763711907618,2,0.9775161622019295,0.00022442224453516946,0.001096881855953809,0.00022337922360939609,20.157058576199933,True,0.0,0,0.0,0.0,4.9999999999999996e-06,6.077156568097628e-07,1.8268035993725573e-06,5.607715656809762e-06,8.775054847630473e-05,8.214283281949497e-05,0.9360948079051151,True,absolute signal (comparator noise),True,17.428566563898993,17.42687904836276,1
4,60,5.0,0.05,403.4,336.8506,0.0002193421234324495,4,0.9773635580855979,0.00022442224453516962,0.0010967106171622476,0.0002222461176154156,20.114242791204433,True,6.6789069084524644e-06,1,0.15155288374270143,3.339453454226232e-05,4.9999999999999996e-06,6.077156568097628e-07,1.8268035993725573e-06,3.4374488337869335e-05,8.773684937297982e-05,5.336236103511048e-05,0.6082092235642144,True,device spread,True,2.5887272875801703,2.577919146581804,2
4,60,5.0,0.1,403.4,336.8506,0.00021934005642060373,4,0.9773543477158769,0.00022442224453516962,0.0010967002821030186,0.0002224232208140066,20.121243488828753,True,1.3345000967695293e-05,1,0.13477348612335022,6.672500483847647e-05,4.9999999999999996e-06,6.077156568097628e-07,1.8268035993725573e-06,6.751979431750232e-05,8.77360225682415e-05,2.0216228250739175e-05,0.23042107060432215,True,device spread,True,1.3072591499571284,1.3000891384816653,2
4,60,5.0,0.15,403.4,336.8506,0.00021941070463984535,4,0.9776691481465916,0.00022442224453516962,0.0010970535231992267,0.00022267738639103135,20.12836606177619,True,1.9980250524646477e-05,1,0.1181610078302883,9.990125262323238e-05,4.9999999999999996e-06,6.077156568097628e-07,1.8268035993725573e-06,0.00010063401357736112,8.776428185593815e-05,-1.286973172142297e-05,-0.14663974283465525,False,device spread,False,0.8753239388356399,0.8694211784965992,2
4,60,5.0,0.2,403.4,336.8506,0.00021955145610050297,4,0.9782963206488057,0.00022442224453516962,0.0010977572805025149,0.00022300594436768187,20.13560235684151,True,2.6566972592503285e-05,1,0.10194620432819555,0.00013283486296251644,4.9999999999999996e-06,6.077156568097628e-07,1.8268035993725573e-06,0.0001335366471136996,8.78205824402012e-05,-4.5716064673498416e-05,-0.5205620755775265,False,device spread,False,0.6595013135035537,0.6542382224152027,2
4,60,10.0,0.0,403.4,336.8506,0.0002145149193898594,2,0.955854085829012,0.00022442224453516946,0.002145149193898594,0.00022058832793280892,20.24250052465641,True,0.0,0,0.0,0.0,4.9999999999999996e-06,6.075794239462852e-07,1.8266279945295533e-06,5.607579423946285e-06,8.580596775594376e-05,8.019838833199748e-05,0.9346481419579602,True,absolute signal (comparator noise),True,17.0396776663995,17.033232774602347,1
4,60,10.0,0.05,403.4,336.8506,0.0002145468686938019,2,0.9559964482940551,0.00022442224453516946,0.002145468686938019,0.00022075679606944188,20.247838039076672,True,6.498859364086194e-06,1,0.15351785869661033,3.249429682043097e-05,4.9999999999999996e-06,6.075794239462852e-07,1.8266279945295533e-06,3.348430866902585e-05,8.581874747752077e-05,5.2334438808494915e-05,0.6098252461934768,True,device spread,True,2.5930507010111774,2.5878602643877318,2
4,60,10.0,0.1,403.4,336.8506,0.00021459440853679608,4,0.9562082804281311,0.00022442224453516962,0.002145944085367961,0.00021847006653538559,20.15547078253387,True,1.2984769335609543e-05,1,0.13872900401812563,6.492384667804772e-05,4.9999999999999996e-06,6.075794239462852e-07,1.8266279945295533e-06,6.57236747266796e-05,8.583776341471844e-05,2.0114088688038837e-05,0.2343268031211297,True,device spread,True,1.3099796910854908,1.3057087851091456,2
4,60,10.0,0.15,403.4,336.8506,0.00021465599252688605,4,0.9564826916845443,0.00022442224453516962,0.0021465599252688604,0.0002187108732443874,20.162547149128613,True,1.9439839644165646e-05,1,0.12407252420663917,9.719919822082822e-05,4.9999999999999996e-06,6.075794239462852e-07,1.8266279945295533e-06,9.793529456599539e-05,8.586239701075443e-05,-1.2072897555240962e-05,-0.14060750661001006,False,device spread,False,0.877209478439361,0.8732625773464034,2
4,60,10.0,0.2,403.4,336.8506,0.00021478286228424014,4,0.9570480088954868,0.00022442224453516962,0.0021478286228424014,0.00021902169317441578,20.169750126790007,True,2.5846555386814825e-05,1,0.10977145770133681,0.00012923277693407414,4.9999999999999996e-06,6.075794239462852e-07,1.8266279945295533e-06,0.00012993704487591575,8.591314491369606e-05,-4.402389996221969e-05,-0.5124233318014821,False,device spread,False,0.6609368865323371,0.6571561890774492,2
4,60,20.0,0.0,403.4,336.8506,0.00020530753580884505,3,0.9148270316700758,0.00022442224453516954,0.004106150716176901,0.00021523016375848871,20.409964913740325,True,0.0,0,0.0,0.0,4.9999999999999996e-06,6.073071064565468e-07,1.826276893376411e-06,5.607307106456546e-06,8.212301432353803e-05,7.651570721708148e-05,0.9317206369901916,True,absolute signal (comparator noise),True,16.303141443416298,16.279576877916174,2
4,60,20.0,0.05,403.4,336.8506,0.00020532842148149717,2,0.9149200958522626,0.00022442224453516946,0.004106568429629943,0.00021538936060960535,20.41550357277492,True,6.214494604553515e-06,2,0.1571991622238087,3.107247302276757e-05,4.9999999999999996e-06,6.073071064565468e-07,1.826276893376411e-06,3.207949450661383e-05,8.213136859259887e-05,5.005187408598504e-05,0.6094123955764129,True,device spread,True,2.600531800016457,2.5929678801488136,1
4,60,20.0,0.1,403.4,336.8506,0.0002054104678722892,2,0.9152856852391881,0.00022442224453516946,0.004108209357445784,0.0002156159115329289,20.421164699497982,True,1.2413525302235736e-05,2,0.14615364982879442,6.206762651117867e-05,4.9999999999999996e-06,6.073071064565468e-07,1.826276893376411e-06,6.287600117282644e-05,8.216418714891569e-05,1.9288185976089247e-05,0.23475174093952916,True,device spread,True,1.3148870963605426,1.310481569694812,1
4,60,20.0,0.15,403.4,336.8506,0.00020555290104905488,2,0.9159203512771322,0.00022442224453516946,0.004111058020981098,0.0002159079955269527,20.426902298819144,True,1.857985630913106e-05,2,0.1351787005792068,9.28992815456553e-05,4.9999999999999996e-06,6.073071064565468e-07,1.826276893376411e-06,9.364104567316648e-05,8.222116041962196e-05,-1.1419885253544521e-05,-0.138892289956287,False,device spread,False,0.880629773668074,0.8773104157605793,1
4,60,20.0,0.2,403.4,336.8506,0.00020575414756320275,2,0.9168170828581068,0.00022442224453516946,0.004115082951264055,0.0002162630262839095,20.432673551831122,True,2.4696788409160056e-05,2,0.12448150492113154,0.00012348394204580028,4.9999999999999996e-06,6.073071064565468e-07,1.826276893376411e-06,0.00012419243543171485,8.230165902528111e-05,-4.189077640643374e-05,-0.50899066802002,False,device spread,False,0.6635445128863449,0.6607403812100111,1
4,60,50.0,0.0,403.4,336.8506,0.00018123554735195922,2,0.8075649886103763,0.00022442224453516946,0.00906177736759796,0.00020073273104140944,20.887496192173742,True,0.0,0,0.0,0.0,4.9999999999999996e-06,6.0649133801872e-07,1.8252244573111398e-06,5.60649133801872e-06,7.249421894078369e-05,6.688772760276497e-05,0.9226629182307856,True,absolute signal (comparator noise),True,14.377545520552996,14.262912423089706,1
4,60,50.0,0.05,403.4,336.8506,0.00018123147926851,2,0.8075468616931555,0.00022442224453516946,0.0090615739634255,0.00020086851353765835,20.893564608260075,True,5.480638502890152e-06,2,0.16658255682978446,2.740319251445076e-05,4.9999999999999996e-06,6.0649133801872e-07,1.8252244573111398e-06,2.8462100467672484e-05,7.2492591707404e-05,4.403049123973152e-05,0.6073791845854848,True,device spread,True,2.6156610158082945,2.600498920104481,1
4,60,50.0,0.1,403.4,336.8506,0.00018126874100117264,2,0.8077128957364377,0.00022442224453516946,0.009063437050058631,0.00020105392817620015,20.899792887184358,True,1.094622164890595e-05,2,0.16518104263608183,5.473110824452975e-05,4.9999999999999996e-06,6.0649133801872e-07,1.8252244573111398e-06,5.556551434311254e-05,7.250749640046906e-05,1.6941982057356516e-05,0.23365835118321526,True,device spread,True,1.3263548704363908,1.3179163161374612,1
4,60,50.0,0.15,403.4,336.8506,0.00018134698529141512,2,0.808061543395695,0.00022442224453516946,0.009067349264570757,0.00020128750708505908,20.9061296190334,True,1.6380436103447102e-05,2,0.16371369598676294,8.190218051723551e-05,4.9999999999999996e-06,6.0649133801872e-07,1.8252244573111398e-06,8.266115100752093e-05,7.253879411656605e-05,-1.0122356890954881e-05,-0.13954404693699185,False,device spread,False,0.8887595993372683,0.8828127955271773,1
4,60,50.0,0.2,403.4,336.8506,0.00018146528743357904,2,0.8085886842876728,0.00022442224453516946,0.009073264371678953,0.0002015672112039275,20.912526523752334,True,2.1767558908336323e-05,2,0.1623404984076142,0.00010883779454168161,4.9999999999999996e-06,6.0649133801872e-07,1.8252244573111398e-06,0.00010955907515638119,7.258611497343161e-05,-3.697296018294957e-05,-0.5093668423565944,False,device spread,False,0.6697659493074708,0.6650607896271962,1
4,100,1.0,0.0,403.4,202.0276,0.0002641086691942039,2,0.9945673230721759,0.0002655513237438603,0.0002641086691942039,0.00026656265378055533,20.080332930401596,True,0.0,0,0.0,0.0,4.9999999999999996e-06,6.087446035389068e-07,1.8281290283012237e-06,5.608744603538906e-06,0.00010564346767768157,0.00010003472307414266,0.9469087419522123,True,absolute signal (comparator noise),True,21.006944614828534,21.00682559833946,1
4,100,1.0,0.05,403.4,202.0276,0.0002640558783536541,4,0.9943685259439757,0.00026555132374386054,0.0002640558783536541,0.00026639821984254027,20.076709566288052,True,9.562152090730163e-06,0,0.13369162133336748,4.781076045365081e-05,4.9999999999999996e-06,6.087446035389068e-07,1.8281290283012237e-06,4.8680241513416594e-05,0.00010562235134146165,5.694210982804505e-05,0.5391104165439332,True,device spread,True,2.194430202279067,2.1867201017058724,1
4,100,1.0,0.1,403.4,202.0276,0.0002642131882712232,4,0.9949609158268478,0.00026555132374386054,0.0002642131882712232,0.00026680726123889253,20.08486306230303,True,1.913322969954729e-05,0,0.098983659971048,9.566614849773645e-05,4.9999999999999996e-06,6.087446035389068e-07,1.8281290283012237e-06,9.640546672069155e-05,0.00010568527530848929,9.279808587797742e-06,0.08780606911143024,True,device spread,True,1.1039164244062138,1.099061455378654,1
4,100,1.0,0.15,403.4,202.0276,0.0002645803054957405,4,0.9963433876569313,0.00026555132374386054,0.0002645803054957405,0.00026742973471341415,20.093043598845274,True,2.8706756954196714e-05,0,0.07899151831566983,0.00014353378477098357,4.9999999999999996e-06,6.087446035389068e-07,1.8281290283012237e-06,0.00014422959048143727,0.00010583212219829621,-3.8397468283141056e-05,-0.36281487591448125,False,device spread,False,0.7387095239066217,0.734828882359435,1
4,100,1.0,0.2,403.4,202.0276,0.0002651519112257955,4,0.9984959121557597,0.00026555132374386054,0.0002651519112257955,0.00026826040573966125,20.101236304751247,True,3.827508485631157e-05,0,0.10263094407487434,0.00019137542428155783,4.9999999999999996e-06,6.087446035389068e-07,1.8281290283012237e-06,0.00019204947438418478,0.0001060607644903182,-8.598870989386658e-05,-0.8107494822151324,False,device spread,False,0.5563954573062535,0.5521618294615409,1
4,100,2.0,0.0,403.4,202.0276,0.0002626790556230099,2,0.9891837552140359,0.0002655513237438603,0.0005253581112460198,0.0002657513722601801,20.10100139026484,True,0.0,0,0.0,0.0,4.9999999999999996e-06,6.087172782897471e-07,1.8280938497821633e-06,5.608717278289747e-06,0.00010507162224920397,9.946290497091422e-05,0.9466200563175159,True,absolute signal (comparator noise),True,20.892580994182847,20.89211039082176,1
4,100,2.0,0.05,403.4,202.0276,0.00026263475537900103,4,0.9890169315530405,0.00026555132374386054,0.0005252695107580021,0.0002652340838801834,20.08554270038962,True,9.460575629300672e-06,0,0.13427310175610893,4.7302878146503365e-05,4.9999999999999996e-06,6.087172782897471e-07,1.8280938497821633e-06,4.817511593262288e-05,0.00010505390215160041,5.687878621897753e-05,0.5414247834116367,True,device spread,True,2.201399586752337,2.1969795516043216,1
4,100,2.0,0.1,403.4,202.0276,0.0002627887217890316,4,0.9895967306211073,0.00026555132374386054,0.0005255774435780632,0.0002656384442785947,20.09368411237152,True,1.8929486624645925e-05,0,0.10014401940130596,9.464743312322963e-05,4.9999999999999996e-06,6.087172782897471e-07,1.8280938497821633e-06,9.538812747278413e-05,0.00010511548871561266,9.727361242828521e-06,0.09253975186421533,True,device spread,True,1.1075107794522405,1.1024159679869125,1
4,100,2.0,0.15,403.4,202.0276,0.00026314948613711603,4,0.9909552791043089,0.00026555132374386054,0.0005262989722742321,0.0002662535955878153,20.10185910143312,True,2.8399971580284122e-05,0,0.07762710432604561,0.0001419998579014206,4.9999999999999996e-06,6.087172782897471e-07,1.8280938497821633e-06,0.00014269657616856806,0.00010525979445484642,-3.743678171372164e-05,-0.3556607905954158,False,device spread,False,0.7411338038902976,0.7358302579761997,1
4,100,2.0,0.2,403.4,202.0276,0.00026371178196333905,4,0.9930727448291847,0.00026555132374386054,0.0005274235639266781,0.00026707434299407884,20.110052706238122,True,3.786412597077404e-05,0,0.1008211451240705,0.00018932062985387021,4.9999999999999996e-06,6.087172782897471e-07,1.8280938497821633e-06,0.00018999536117977013,0.00010548471278533562,-8.451064839443451e-05,-0.8011648907497723,False,device spread,False,0.5582329286945136,0.5528398658084093,1
4,100,5.0,0.0,403.4,202.0276,0.0002584667523395165,2,0.9733212724965463,0.0002655513237438603,0.0012923337616975823,0.00026335023284011294,20.162580415364783,True,0.0,0,0.0,0.0,4.9999999999999996e-06,6.086353144547224e-07,1.8279883229325349e-06,5.608635314454722e-06,0.00010338670093580659,9.777806562135187e-05,0.9457509015793322,True,absolute signal (comparator noise),True,20.555613124270376,20.55277092316921,1
4,100,5.0,0.05,403.4,202.0276,0.0002584809655933364,4,0.9733747960626101,0.00026555132374386054,0.001292404827966682,0.00026180905366518124,20.111121870114328,True,9.261996801548277e-06,1,0.13597972887739315,4.6309984007741385e-05,4.9999999999999996e-06,6.086353144547224e-07,1.8279883229325349e-06,4.7187757448703484e-05,0.00010339238623733457,5.6204628788631087e-05,0.543605103180565,True,device spread,True,2.212998389353497,2.2040606887764755,2
4,100,5.0,0.1,403.4,202.0276,0.00025862541420954146,4,0.9739187534949006,0.00026555132374386054,0.0012931270710477072,0.0002621998422403266,20.119224536338407,True,1.8531316619349275e-05,1,0.10355101872547263,9.265658309674637e-05,4.9999999999999996e-06,6.086353144547224e-07,1.8279883229325349e-06,9.340002710897554e-05,0.0001034501656838166,1.0050138574841056e-05,0.09714956480164696,True,device spread,True,1.1124262942149175,1.1061719517566835,2
4,100,5.0,0.15,403.4,202.0276,0.00025896802123859003,4,0.9752089260469269,0.00026555132374386054,0.00129484010619295,0.0002627937763106106,20.1273787465396,True,2.7800473269027173e-05,1,0.0736209557080136,0.00013900236634513586,4.9999999999999996e-06,6.086353144547224e-07,1.8279883229325349e-06,0.00013970089911639072,0.00010358720849543601,-3.611369062095471e-05,-0.3486307927927786,False,device spread,False,0.7437131422268908,0.7383795503565362,2
4,100,5.0,0.2,403.4,202.0276,0.0002595036732864313,4,0.9772260579530662,0.00026555132374386054,0.0012975183664321564,0.00026358577906890264,20.13556931784553,True,3.7060728882255626e-05,1,0.09550746147097232,0.00018530364441127813,4.9999999999999996e-06,6.086353144547224e-07,1.8279883229325349e-06,0.00018597972430111793,0.00010380146931457252,-8.217825498654541e-05,-0.7916868183965922,False,device spread,False,0.5596467492650194,0.55478092297472,2
4,100,10.0,0.0,403.4,202.0276,0.00025169156673753376,2,0.9478076146978838,0.0002655513237438603,0.0025169156673753375,0.000259453815041032,20.26382793645787,True,0.0,0,0.0,0.0,4.9999999999999996e-06,6.084987477575354e-07,1.8278124738690341e-06,5.608498747757535e-06,0.00010067662669501351,9.506812794725597e-05,0.9442919480730345,True,absolute signal (comparator noise),True,20.013625589451195,20.002875403733245,1
4,100,10.0,0.05,403.4,202.0276,0.0002517801134290721,2,0.9481410594357594,0.0002655513237438603,0.002517801134290721,0.0002597334379364209,20.27012878386739,True,8.973851845587889e-06,2,0.13870444116348898,4.486925922793944e-05,4.9999999999999996e-06,6.084987477575354e-07,1.8278124738690341e-06,4.575548562023917e-05,0.00010071204537162884,5.495655975138967e-05,0.5456801075640874,True,device spread,True,2.2180793206748786,2.214678819182897,1
4,100,10.0,0.1,403.4,202.0276,0.0002520326765078635,4,0.9490921489473103,0.00026555132374386054,0.0025203267650786352,0.000256684720824804,20.158863330177557,True,1.7946535177634682e-05,2,0.10899494539261213,8.97326758881734e-05,4.9999999999999996e-06,6.084987477575354e-07,1.8278124738690341e-06,9.04803693305599e-05,0.00010081307060314541,1.0332701272585515e-05,0.10249366685060707,True,device spread,True,1.115279712193954,1.1118452571697859,1
4,100,10.0,0.15,403.4,202.0276,0.00025234775474041745,4,0.9502786549232995,0.00026555132374386054,0.0025234775474041746,0.00025724562085418547,20.16697090904648,True,2.6910426689161442e-05,2,0.07977095955008016,0.00013455213344580722,4.9999999999999996e-06,6.084987477575354e-07,1.8278124738690341e-06,0.0001352535009380294,0.00010093910189616699,-3.43143990418624e-05,-0.33995149944132247,False,device spread,False,0.745671100591757,0.7422342475103202,1
4,100,10.0,0.2,403.4,202.0276,0.0002528429043886829,4,0.9521432649025857,0.00026555132374386054,0.002528429043886829,0.00025799290235069543,20.175139756928843,True,3.586759293157598e-05,1,0.08701698684984387,0.0001793379646578799,4.9999999999999996e-06,6.084987477575354e-07,1.8278124738690341e-06,0.00018001615066826784,0.00010113716175547317,-7.887898891279467e-05,-0.7799209266274079,False,device spread,False,0.5611452305884972,0.5577164654279082,2
4,100,20.0,0.0,403.4,202.0276,0.00023899341777073612,2,0.89998955531948,0.0002655513237438603,0.0047798683554147224,0.0002520318927146038,20.46139121817868,True,0.0,0,0.0,0.0,4.9999999999999996e-06,6.082257631274089e-07,1.8274608845185187e-06,5.6082257631274085e-06,9.559736710829445e-05,8.998914134516704e-05,0.9413349349174616,True,absolute signal (comparator noise),True,18.99782826903341,18.959224339936494,1
4,100,20.0,0.05,403.4,202.0276,0.000239059473945748,2,0.9002383063860557,0.0002655513237438603,0.00478118947891496,0.0002522933834034729,20.46799802896309,True,8.521026262887942e-06,2,0.14374761796215157,4.260513131443971e-05,4.9999999999999996e-06,6.082257631274089e-07,1.8274608845185187e-06,4.3505745671866326e-05,9.56237895782992e-05,5.2118043906432877e-05,0.5450321947736373,True,device spread,True,2.2269781831385655,2.218341607813443,1
4,100,20.0,0.1,403.4,202.0276,0.0002392904906097219,2,0.9011082574776824,0.0002655513237438603,0.004785809812194438,0.0002527337512037717,20.474756066317873,True,1.7038651966538145e-05,2,0.1190871763277134,8.519325983269072e-05,4.9999999999999996e-06,6.082257631274089e-07,1.8274608845185187e-06,8.594808468567516e-05,9.571619624388876e-05,9.7681115582136e-06,0.10205285982451762,True,device spread,True,1.1203784491092341,1.1155750246204137,1
4,100,20.0,0.15,403.4,202.0276,0.00023968434020832686,2,0.9025913967558163,0.0002655513237438603,0.004793686804166537,0.00025334988757807055,20.481621112185838,True,2.5543607728911597e-05,2,0.09481609429172817,0.00012771803864455798,4.9999999999999996e-06,6.082257631274089e-07,1.8274608845185187e-06,0.00012842409878057704,9.587373608333074e-05,-3.255036269724629e-05,-0.33951282204079786,False,device spread,False,0.7491777023565444,0.745649396026411,1
4,100,20.0,0.2,403.4,202.0276,0.00024023726198193785,2,0.9046735621384462,0.0002655513237438603,0.004804745239638757,0.0002541369693412997,20.488549540458905,True,3.402596974282578e-05,2,0.07128204197443712,0.0001701298487141289,4.9999999999999996e-06,6.082257631274089e-07,1.8274608845185187e-06,0.00017081153191048868,9.609490479277515e-05,-7.471662711771353e-05,-0.7775295399775564,False,device spread,False,0.5638318987813069,0.5609045448328687,1
4,100,50.0,0.0,403.4,202.0276,0.00020660149860979584,2,0.7780096732226234,0.0002655513237438603,0.010330074930489791,0.0002323191401334158,21.019030483896906,True,0.0,0,0.0,0.0,4.9999999999999996e-06,6.074079974688882e-07,1.8264069858135593e-06,5.607407997468888e-06,8.264059944391834e-05,7.703319144644945e-05,0.932147055621563,True,absolute signal (comparator noise),True,16.40663828928989,16.227192023171433,1
4,100,50.0,0.05,403.4,202.0276,0.00020661869156163206,2,0.7780744175876442,0.0002655513237438603,0.010330934578081603,0.00023253618992928647,21.02641890686953,True,7.354063563796068e-06,2,0.156276764285329,3.6770317818980343e-05,4.9999999999999996e-06,6.074079974688882e-07,1.8264069858135593e-06,3.771611684739822e-05,8.264747662465283e-05,4.4931359777254606e-05,0.5436507152095201,True,device spread,True,2.245801156379419,2.2343266927193497,1
4,100,50.0,0.1,403.4,202.0276,0.00020674889921494492,2,0.7785647471084205,0.0002655513237438603,0.010337444960747245,0.00023288916466769553,21.03412154429202,True,1.4700424485423845e-05,2,0.14427311508835122,7.350212242711923e-05,4.9999999999999996e-06,6.074079974688882e-07,1.8264069858135593e-06,7.427939725587851e-05,8.269955968597797e-05,8.420162430099458e-06,0.10181629094607053,True,device spread,True,1.1319915836912597,1.1257831001097724,1
4,100,50.0,0.15,403.4,202.0276,0.00020699080714259654,2,0.7794757119804502,0.0002655513237438603,0.010349540357129827,0.0002333753910788205,21.042080013792287,True,2.202691945099312e-05,2,0.13244022323112256,0.0001101345972549656,4.9999999999999996e-06,6.074079974688882e-07,1.8264069858135593e-06,0.00011085544431791079,8.279632285703863e-05,-2.805912146087216e-05,-0.3388933287450557,False,device spread,False,0.7572493230476015,0.7529060136522225,1
4,100,50.0,0.2,403.4,202.0276,0.00020734186278577535,2,0.780797699904402,0.0002655513237438603,0.010367093139288767,0.0002339907926352465,21.05023545210813,True,2.93211362187247e-05,2,0.12108478374493324,0.0001466056810936235,4.9999999999999996e-06,6.074079974688882e-07,1.8264069858135593e-06,0.00014729832703789633,8.293674511431014e-05,-6.436158192358618e-05,-0.7760321656568248,False,device spread,False,0.5700313110775537,0.5665964097595355,1
8,20,1.0,0.0,403.4,1016.0459,0.00012578295453579726,4,0.9948782125506411,0.00012643050470802694,0.00012578295453579726,0.00025582520614277093,26.166430820546477,True,0.0,0,0.0,0.0,4.9999999999999996e-06,1.206394980416553e-06,3.6419298490830134e-06,6.206394980416553e-06,5.031318181431891e-05,4.4106786833902355e-05,0.8766447527941824,True,absolute signal (comparator noise),True,9.821357366780472,9.821224446791481,3
8,20,1.0,0.05,403.4,1016.0459,0.00012575175872107637,8,0.9946314697665888,0.00012643050470802686,0.00012575175872107637,0.0002553658779126319,26.152975970859348,True,3.266272982866485e-06,3,0.1279771431341476,1.6331364914332424e-05,4.9999999999999996e-06,1.206394980416553e-06,3.6419298490830134e-06,1.828601675506625e-05,5.030070348843055e-05,3.20146867333643e-05,0.6364659838351537,True,device spread,True,2.8907841040222575,2.874552361056092,4
8,20,1.0,0.1,403.4,1016.0459,0.00012568404903307527,8,0.9940959211016723,0.00012643050470802686,0.00012568404903307527,0.0002553241772862897,26.156235554216472,True,6.520902356554828e-06,3,0.11541248099563536,3.260451178277414e-05,4.9999999999999996e-06,1.206394980416553e-06,3.6419298490830134e-06,3.4192061391648235e-05,5.0273619613230113e-05,1.6081558221581878e-05,0.3198806520258951,True,device spread,True,1.4971829443537863,1.4876040355753446,4
8,20,1.0,0.15,403.4,1016.0459,0.0001255822031190793,8,0.9932903725180359,0.00012643050470802686,0.0001255822031190793,0.0002552244115917821,26.15988227039765,True,9.755362941835754e-06,3,0.12482419284666375,4.877681470917877e-05,4.9999999999999996e-06,1.206394980416553e-06,3.6419298490830134e-06,5.023880929149814e-05,5.0232881247631715e-05,-5.928043866422798e-09,-0.00011801122530080398,False,device spread,False,1.006862565497498,0.9999155171892286,4
8,20,1.0,0.2,403.4,1016.0459,0.00012544716247094235,8,0.9922222707300314,0.00012643050470802686,0.00012544716247094235,0.0002550684755033868,26.163918883202236,True,1.2961497427917421e-05,3,0.13392379952913208,6.480748713958711e-05,4.9999999999999996e-06,1.206394980416553e-06,3.6419298490830134e-06,6.620647489842703e-05,5.017886498837694e-05,-1.602760991005009e-05,-0.3194095744047341,False,device spread,False,0.7590098554346127,0.7534298014409171,4
8,20,2.0,0.0,403.4,1016.0459,0.00012514048487753232,4,0.9897966093430242,0.00012643050470802694,0.00025028096975506463,0.00025515101833920397,26.187989452078643,True,0.0,0,0.0,0.0,4.9999999999999996e-06,1.2062872902820739e-06,3.641790317044421e-06,6.2062872902820734e-06,5.005619395101293e-05,4.3849906660730854e-05,0.876013599908219,True,absolute signal (comparator noise),True,9.769981332146171,9.76945509894366,3
8,20,2.0,0.05,403.4,1016.0459,0.0001251149139705702,8,0.9895943566744843,0.00012643050470802686,0.0002502298279411404,0.00025422202629889114,26.158081887043316,True,3.248814122811449e-06,3,0.12782232748344738,1.6244070614057244e-05,4.9999999999999996e-06,1.2062872902820739e-06,3.641790317044421e-06,1.820245833303397e-05,5.004596558822808e-05,3.184350725519411e-05,0.6362852006333235,True,device spread,True,2.889419293825002,2.8737178789140745,4
8,20,2.0,0.1,403.4,1016.0459,0.00012504773063718843,8,0.9890629712027825,0.00012643050470802686,0.00025009546127437686,0.0002541806068463299,26.16133195303597,True,6.486073493490007e-06,3,0.11532709031295782,3.2430367467450036e-05,4.9999999999999996e-06,1.2062872902820739e-06,3.641790317044421e-06,3.401983226905329e-05,5.001909225487537e-05,1.5999259985822083e-05,0.3198630615745057,True,device spread,True,1.496969025275648,1.4876717626421216,4
8,20,2.0,0.15,403.4,1016.0459,0.00012494667000669647,8,0.9882636338061206,0.00012643050470802686,0.00024989334001339293,0.00025408157512949895,26.164969739660556,True,9.703319519026036e-06,3,0.12474576959683169,4.851659759513018e-05,4.9999999999999996e-06,1.2062872902820739e-06,3.641790317044421e-06,4.9979848183534384e-05,4.997866800267859e-05,-1.1801808557927295e-09,-2.3613691659999385e-05,False,device spread,False,1.0067810637866481,1.0000252112538701,4
8,20,2.0,0.2,403.4,1016.0459,0.00012481266433171661,8,0.9872037181212998,0.00012643050470802686,0.00024962532866343323,0.0002539268120047238,26.16899812424908,True,1.2892457175060919e-05,3,0.13385471465944002,6.44622858753046e-05,4.9999999999999996e-06,1.2062872902820739e-06,3.641790317044421e-06,6.586219421509053e-05,4.992506573268665e-05,-1.593712848240388e-05,-0.3192209814552055,False,device spread,False,0.7589618354093779,0.7535268188513501,4
8,20,5.0,0.0,403.4,1016.0459,0.00012324302001867526,4,0.974788642213264,0.00012643050470802694,0.0006162151000933763,0.0002531502620629673,26.252320986557336,True,0.0,0,0.0,0.0,4.9999999999999996e-06,1.2059643131396474e-06,3.641371789638221e-06,6.205964313139647e-06,4.929720800747011e-05,4.309124369433046e-05,0.8741112415088651,True,absolute signal (comparator noise),True,9.618248738866093,9.615058988073136,3
8,20,5.0,0.05,403.4,1016.0459,0.00012322739209781565,3,0.9746650334299609,0.00012643050470802667,0.0006161369604890782,0.00025281049840771014,26.241756947582253,True,3.197337477514744e-06,3,0.12736724019096224,1.598668738757372e-05,4.9999999999999996e-06,1.2059643131396474e-06,3.641371789638221e-06,1.79563127760227e-05,4.929095683912626e-05,3.133464406310356e-05,0.6357077661399888,True,device spread,True,2.885246035922134,2.8712918636251623,4
8,20,5.0,0.1,403.4,1016.0459,0.00012316972138143024,3,0.9742088878461196,0.00012643050470802667,0.0006158486069071513,0.00025279581855727203,26.245318541502463,True,6.383381393884104e-06,3,0.11503697869946454,3.191690696942052e-05,4.9999999999999996e-06,1.2059643131396474e-06,3.641371789638221e-06,3.351213942711196e-05,4.92678885525721e-05,1.5755749125460138e-05,0.3197975311778931,True,device spread,True,1.4963036814709867,1.488147942955867,4
8,20,5.0,0.15,403.4,1016.0459,0.00012307794309593652,3,0.9734829690047319,0.00012643050470802667,0.0006153897154796826,0.0002527218957920975,26.249252823010313,True,9.549868959893219e-06,3,0.12446484465091932,4.774934479946609e-05,4.9999999999999996e-06,1.2059643131396474e-06,3.641371789638221e-06,4.9216379108039094e-05,4.9231177238374615e-05,1.4798130335520808e-08,0.00030058453129952766,True,device spread,True,1.0065236356436411,1.0005407234341293,4
8,20,5.0,0.2,403.4,1016.0459,0.00012295314512360427,3,0.9724958814927389,0.00012643050470802667,0.0006147657256180214,0.00025259055025614373,26.253549131805627,True,1.2688888337341548e-05,3,0.1335904418517016,6.344444168670774e-05,4.9999999999999996e-06,1.2059643131396474e-06,3.641371789638221e-06,6.48471238008333e-05,4.918125804944171e-05,-1.566586575139159e-05,-0.3185332456449724,False,device spread,False,0.7588089436796901,0.7539590936313879,4
8,20,10.0,0.0,403.4,1016.0459,0.00012017726647064745,4,0.9505401148890417,0.00012643050470802694,0.0012017726647064746,0.00024988656936339286,26.358411866959116,True,0.0,0,0.0,0.0,4.9999999999999996e-06,1.2054263285778003e-06,3.6406744729019667e-06,6.2054263285778e-06,4.8070906588258985e-05,4.1865480259681185e-05,0.8709109777826941,True,absolute signal (comparator noise),True,9.373096051936237,9.36096163212084,3
8,20,10.0,0.05,403.4,1016.0459,0.00012018199992989314,3,0.9505775541071867,0.00012643050470802667,0.0012018199992989314,0.0002491887508153136,26.333780124213217,True,3.1144358955437385e-06,3,0.12663860023325324,1.5572179477718694e-05,4.9999999999999996e-06,1.2054263285778003e-06,3.6406744729019667e-06,1.7560632646025564e-05,4.807279997195726e-05,3.0512167325931694e-05,0.6347075132659349,True,device spread,True,2.8780307376168444,2.8644257165856537,4
8,20,10.0,0.1,403.4,1016.0459,0.00012012571916601288,3,0.9501324023298507,0.00012643050470802667,0.0012012571916601288,0.0002491739850923436,26.33733394615502,True,6.217996285538047e-06,3,0.11444466031649046,3.1089981427690235e-05,4.9999999999999996e-06,1.2054263285778003e-06,3.6406744729019667e-06,3.269489988997803e-05,4.805028766640516e-05,1.535538777642713e-05,0.3195691123231923,True,device spread,True,1.495117458003297,1.4877146875119174,4
8,20,10.0,0.15,403.4,1016.0459,0.00012003664476979355,3,0.9494278698562595,0.00012643050470802667,0.0012003664476979354,0.000249101218473243,26.34124008474722,True,9.302732018677826e-06,3,0.12385026972498932,4.651366009338913e-05,4.9999999999999996e-06,1.2054263285778003e-06,3.6406744729019667e-06,4.798705279969721e-05,4.801465790791742e-05,2.7605108220208935e-08,0.0005749308528481043,True,device spread,True,1.006052453208846,1.0011407215191623,4
8,20,10.0,0.2,403.4,1016.0459,0.00011991582004059269,3,0.9484722086455423,0.00012643050470802667,0.001199158200405927,0.0002489722340562177,26.34548869182858,True,1.2361024770516488e-05,3,0.13296717543652709,6.180512385258244e-05,4.9999999999999996e-06,1.2054263285778003e-06,3.6406744729019667e-06,6.321246894821139e-05,4.796632801623708e-05,-1.5246140931974311e-05,-0.3178509083875118,False,device spread,False,0.758525413903788,0.7549323903625984,4
8,20,20.0,0.0,403.4,1016.0459,0.00011438633630949058,4,0.9047368479122136,0.00012643050470802694,0.0022877267261898118,0.00024361233881356627,26.56650262210863,True,0.0,0,0.0,0.0,4.9999999999999996e-06,1.2043515230302317e-06,3.6392806972741776e-06,6.204351523030231e-06,4.5754534523796233e-05,3.9550183000766e-05,0.8643991991700092,True,absolute signal (comparator noise),True,8.910036600153202,8.866001167540214,3
8,20,20.0,0.05,403.4,1016.0459,0.00011440081766409105,5,0.9048513879485277,0.00012643050470802694,0.002288016353281821,0.00024361563201891564,26.565520471687556,True,2.9587351007282463e-06,3,0.12528387482789505,1.4793675503641232e-05,4.9999999999999996e-06,1.2043515230302317e-06,3.6392806972741776e-06,1.6820139524506005e-05,4.5760327065636424e-05,2.894018754113042e-05,0.6324296480578034,True,device spread,True,2.862646587997258,2.847062739975046,4
8,20,20.0,0.1,403.4,1016.0459,0.00011438679933881291,5,0.904740510235032,0.00012643050470802694,0.0022877359867762583,0.00024356293767629667,26.56470590799486,True,5.907370764611e-06,3,0.11288337021925521,2.9536853823055e-05,4.9999999999999996e-06,1.2043515230302317e-06,3.6392806972741776e-06,3.116141636197129e-05,4.575471973552517e-05,1.4593303373553879e-05,0.3189464050464559,True,device spread,True,1.4924641897009365,1.4840507456142773,4
8,20,20.0,0.15,403.4,1016.0459,0.00011432591424933353,3,0.9042589406200112,0.00012643050470802667,0.0022865182849866705,0.00024219051238659714,26.520248858996847,True,8.838540856093006e-06,3,0.12211421352290468,4.419270428046503e-05,4.9999999999999996e-06,1.2043515230302317e-06,3.6392806972741776e-06,4.567900848202916e-05,4.573036569973342e-05,5.135721770425895e-08,0.001123044106873572,True,device spread,True,1.0049586782550222,0.999356674536709,4
8,20,20.0,0.2,403.4,1016.0459,0.00011421255823563722,3,0.903362353091882,0.00012643050470802667,0.0022842511647127445,0.0002420660816547108,26.52440161836015,True,1.1745172973999816e-05,3,0.13108730990818684,5.872586486999908e-05,4.9999999999999996e-06,1.2043515230302317e-06,3.6392806972741776e-06,6.014268543848285e-05,4.568502329425489e-05,-1.4457662144227957e-05,-0.3164639328540318,False,device spread,False,0.7578558082824571,0.7537331272583411,4
8,20,50.0,0.0,403.4,1016.0459,9.936056600707289e-05,4,0.7858907645471465,0.00012643050470802694,0.004968028300353644,0.00022659112906286781,27.16057693274412,True,0.0,0,0.0,0.0,4.9999999999999996e-06,1.201136385926469e-06,3.6351062195141295e-06,6.2011363859264685e-06,3.974422640282916e-05,3.354309001690269e-05,0.8439739064719839,True,absolute signal (comparator noise),True,7.708618003380539,7.498657182005822,3
8,20,50.0,0.05,403.4,1016.0459,9.937294732750737e-05,5,0.7859886943977238,0.00012643050470802694,0.004968647366375369,0.00022659272481378388,27.159555820946352,True,2.5599310359342937e-06,3,0.12188810415583148,1.2799655179671469e-05,4.9999999999999996e-06,1.201136385926469e-06,3.6351062195141295e-06,1.4942721910111466e-05,3.974917893100295e-05,2.4806457020891484e-05,0.6240747026234378,True,device spread,True,2.809258691585623,2.770661277791464,4
8,20,50.0,0.1,403.4,1016.0459,9.93629598440735e-05,5,0.7859096985615771,0.00012643050470802694,0.004968147992203675,0.00022654380300136766,27.158553337596526,True,5.111689616162845e-06,3,0.10575546057981057,2.5558448080814225e-05,4.9999999999999996e-06,1.201136385926469e-06,3.6351062195141295e-06,2.724406763990931e-05,3.97451839376294e-05,1.2501116297720092e-05,0.31453160003832453,True,device spread,True,1.4824111594167395,1.4618711452877629,4
8,20,50.0,0.15,403.4,1016.0459,9.933085280010511e-05,5,0.7856557484247605,0.00012643050470802694,0.004966542640005255,0.00022644526020944888,27.15758141341128,True,7.649361674643674e-06,3,0.11360890848790328,3.8246808373218366e-05,4.9999999999999996e-06,1.201136385926469e-06,3.6351062195141295e-06,3.977338483915624e-05,3.973234112004205e-05,-4.104371911419359e-08,-0.0010330053039207911,False,device spread,False,1.0005778545603219,0.9867665812037484,4
8,20,50.0,0.2,403.4,1016.0459,9.927708466521914e-05,5,0.7852304702451777,0.00012643050470802694,0.004963854233260957,0.00022629865606214118,27.156659188782193,True,1.016723674833013e-05,3,0.12132113440319983,5.083618374165065e-05,4.9999999999999996e-06,1.201136385926469e-06,3.6351062195141295e-06,5.2282616174739025e-05,3.9710833866087654e-05,-1.257178230865137e-05,-0.31658318611605507,False,device spread,False,0.7551137428065636,0.7447779762122191,4
8,40,1.0,0.0,403.4,505.79,0.00018666468768683918,4,0.9923911753504058,0.0001880958762263573,0.00018666468768683918,0.0003783503632173072,26.136639744311175,True,0.0,0,0.0,0.0,4.9999999999999996e-06,1.2132959358117888e-06,3.650853209577541e-06,6.213295935811788e-06,7.466587507473567e-05,6.845257913892388e-05,0.9167853329303021,True,absolute signal (comparator noise),True,14.690515827784779,14.690072415281698,3
8,40,1.0,0.05,403.4,505.79,0.00018664029756001435,1,0.9922615067616305,0.0001880958762263572,0.00018664029756001435,0.00037740452483010225,26.116033691651793,True,7.12807139633269e-06,3,0.14275505871086594,3.564035698166345e-05,4.9999999999999996e-06,1.2132959358117888e-06,3.650853209577541e-06,3.7202670003450236e-05,7.465611902400575e-05,3.7453449020555515e-05,0.5016795610352089,True,device spread,True,2.053981215635535,2.0408691487193016,4
8,40,1.0,0.1,403.4,505.79,0.00018661801080226972,1,0.9921430206034448,0.0001880958762263572,0.00018661801080226972,0.0003775416495266987,26.120226261789433,True,1.4229224795693376e-05,3,0.14473158415879864,7.114612397846688e-05,4.9999999999999996e-06,1.2132959358117888e-06,3.650853209577541e-06,7.253489825347835e-05,7.46472043209079e-05,2.1123060674295484e-06,0.028297189247017972,True,device spread,True,1.037215608085807,1.0298148673326233,4
8,40,1.0,0.15,403.4,505.79,0.00018660352549648848,1,0.9920660103782775,0.0001880958762263572,0.00018660352549648848,0.0003777037497610181,26.124629036519174,True,2.1276082461288548e-05,3,0.14678695813690856,0.00010638041230644274,4.9999999999999996e-06,1.2132959358117888e-06,3.650853209577541e-06,0.00010771114625443913,7.464141019859539e-05,-3.3069736055843735e-05,-0.4430481145500389,False,device spread,False,0.6950952613131066,0.6896973440274528,4
8,40,1.0,0.2,403.4,505.79,0.00018659636086383407,1,0.9920279200554158,0.0001880958762263572,0.00018659636086383407,0.0003778894322302275,26.129231547315737,True,2.8242827562633172e-05,3,0.14886915491583713,0.00014121413781316585,4.9999999999999996e-06,1.2132959358117888e-06,3.650853209577541e-06,0.00014251592407243138,7.463854434553363e-05,-6.787737972689775e-05,-0.9094145702073776,False,device spread,False,0.5242374003598402,0.5198736460136494,4
8,40,2.0,0.0,403.4,505.79,0.0001852502795491658,4,0.9848715626611235,0.0001880958762263573,0.0003705005590983316,0.0003768701148004697,26.168656558744345,True,0.0,0,0.0,0.0,4.9999999999999996e-06,1.2131872473928468e-06,3.6507129439144158e-06,6.213187247392846e-06,7.410011181966633e-05,6.788692457227349e-05,0.9161514457290758,True,absolute signal (comparator noise),True,14.577384914454699,14.575638599047538,3
8,40,2.0,0.05,403.4,505.79,0.00018524386405778656,1,0.9848374551011502,0.0001880958762263572,0.0003704877281155731,0.0003748899466843875,26.123199254630233,True,7.071766876978574e-06,3,0.1424168252527727,3.535883438489287e-05,4.9999999999999996e-06,1.2131872473928468e-06,3.6507129439144158e-06,3.6923790281481794e-05,7.409754562311463e-05,3.717375534163284e-05,0.5016867296888783,True,device spread,True,2.053672340811136,2.0412141512515576,4
8,40,2.0,0.1,403.4,505.79,0.00018522137540768872,1,0.9847178955948547,0.0001880958762263572,0.00037044275081537744,0.0003750246741564863,26.12737475095144,True,1.4116807373129442e-05,3,0.144052584311715,7.058403686564721e-05,4.9999999999999996e-06,1.2131872473928468e-06,3.6507129439144158e-06,7.19740963727782e-05,7.40885501630755e-05,2.114453790297291e-06,0.02853954876486569,True,device spread,True,1.0371737842936244,1.0301081528991665,4
8,40,2.0,0.15,403.4,505.79,0.00018520629087746604,1,0.9846376996303002,0.0001880958762263572,0.00037041258175493207,0.00037518365367891836,26.13176348375614,True,2.110793940814618e-05,3,0.14577108144600662,0.00010553969704073091,4.9999999999999996e-06,1.2131872473928468e-06,3.6507129439144158e-06,0.00010687125675204198,7.408251635098642e-05,-3.2788740401055555e-05,-0.4425975522444435,False,device spread,False,0.6950792691205399,0.6899083984683099,4
8,40,2.0,0.2,403.4,505.79,0.00018519814733798494,1,0.9845944050103199,0.0001880958762263572,0.0003703962946759699,0.00037536552850929797,26.13635498180546,True,2.801953436370561e-05,3,0.1475219062713202,0.00014009767181852805,4.9999999999999996e-06,1.2131872473928468e-06,3.6507129439144158e-06,0.00014140005413930962,7.407925893519399e-05,-6.732079520411564e-05,-0.908767125532522,False,device spread,False,0.5242267490071801,0.5200358026159966,4
8,40,5.0,0.0,403.4,505.79,0.00018110506662897673,4,0.9628337965848452,0.0001880958762263573,0.0009055253331448837,0.0003725006624264085,26.263928980273388,True,0.0,0,0.0,0.0,4.9999999999999996e-06,1.2128612766510198e-06,3.6502922162201957e-06,6.212861276651019e-06,7.244202665159069e-05,6.622916537493967e-05,0.9142367826547465,True,absolute signal (comparator noise),True,14.245833074987935,14.235409038104457,3
8,40,5.0,0.05,403.4,505.79,0.00018112013859637136,3,0.9629139257599069,0.00018809587622635742,0.0009056006929818568,0.0003718353445889403,26.24767854330232,True,6.907145487242425e-06,3,0.14143157422825278,3.4535727436212125e-05,4.9999999999999996e-06,1.2128612766510198e-06,3.6502922162201957e-06,3.610865571592887e-05,7.244805543854855e-05,3.633939972261968e-05,0.5015924789512572,True,device spread,True,2.0526846296390926,2.0415963925084566,4
8,40,5.0,0.1,403.4,505.79,0.00018111927520725804,3,0.9629093356055098,0.00018809587622635742,0.0009055963760362902,0.00037203473151106964,26.252376280052676,True,1.3788130402453297e-05,3,0.1420742229265977,6.894065201226648e-05,4.9999999999999996e-06,1.2128612766510198e-06,3.6502922162201957e-06,7.033459085481207e-05,7.244771008290322e-05,2.113119228091157e-06,0.02916750889259407,True,device spread,True,1.0370249498398254,1.0312627246225994,4
8,40,5.0,0.15,403.4,505.79,0.00018112586509459158,3,0.9629443703307029,0.00018809587622635742,0.0009056293254729579,0.00037225618150786913,26.257228908116318,True,2.0616350770494563e-05,3,0.14281098508405754,0.00010308175385247282,4.9999999999999996e-06,1.2128612766510198e-06,3.6502922162201957e-06,0.00010441580686107606,7.245034603783664e-05,-3.196546082323943e-05,-0.44120508142977966,False,device spread,False,0.6950166427322171,0.6908288200913677,4
8,40,5.0,0.2,403.4,505.79,0.00018113938987542936,3,0.9630162739848879,0.00018809587622635742,0.0009056969493771468,0.00037249813491765926,26.26222404006558,True,2.7366733465120798e-05,3,0.14359617652192735,0.00013683366732560398,4.9999999999999996e-06,1.2128612766510198e-06,3.6502922162201957e-06,0.0001381378499155918,7.245575595017175e-05,-6.568209396542005e-05,-0.9065131279644645,False,device spread,False,0.5241840207884172,0.5207392450566106,4
8,40,10.0,0.0,403.4,505.79,0.00017450786203308837,4,0.9277601696226614,0.0001880958762263573,0.0017450786203308836,0.00036544716326320024,26.420191944915747,True,0.0,0,0.0,0.0,4.9999999999999996e-06,1.212318306932354e-06,3.649591234287323e-06,6.212318306932354e-06,6.980314481323535e-05,6.359082650630299e-05,0.9110023148161308,True,absolute signal (comparator noise),True,13.7181653012606,13.679468483077814,3
8,40,10.0,0.05,403.4,505.79,0.0001745765722804321,5,0.9281254633692454,0.0001880958762263573,0.001745765722804321,0.0003655275232896665,26.418682433909375,True,6.646330341054932e-06,3,0.1398814573505555,3.323165170527466e-05,4.9999999999999996e-06,1.212318306932354e-06,3.649591234287323e-06,3.4818012393808233e-05,6.983062891217284e-05,3.501261651836461e-05,0.5013934009158154,True,device spread,True,2.0508402247823465,2.0394483102331376,4
8,40,10.0,0.1,403.4,505.79,0.00017457930466181656,3,0.9281399899045378,0.00018809587622635742,0.0017457930466181657,0.00036421329847770734,26.38726079398122,True,1.3267413023840406e-05,3,0.13896005995051852,6.633706511920204e-05,4.9999999999999996e-06,1.212318306932354e-06,3.649591234287323e-06,6.773754817221918e-05,6.983172186472663e-05,2.09417369250745e-06,0.029988859455078936,True,device spread,True,1.0367020806387093,1.0307771451130068,4
8,40,10.0,0.15,403.4,505.79,0.00017458019043521835,3,0.928144699063609,0.00018809587622635742,0.0017458019043521834,0.0003644212524350687,26.39217466941243,True,1.9837577953955632e-05,3,0.13815078610534956,9.918788976977816e-05,4.9999999999999996e-06,1.212318306932354e-06,3.649591234287323e-06,0.0001005261515678717,6.983207617408735e-05,-3.0694075393784356e-05,-0.43954121193913515,False,device spread,False,0.6948655551204798,0.6908303554162727,4
8,40,10.0,0.2,403.4,505.79,0.000174586602486743,3,0.9281787883358104,0.00018809587622635742,0.00174586602486743,0.00036464701365505924,26.397234952694223,True,2.633264750215526e-05,3,0.13741544060370292,0.0001316632375107763,4.9999999999999996e-06,1.212318306932354e-06,3.649591234287323e-06,0.00013297046079467043,6.98346409946972e-05,-6.313581979997322e-05,-0.9040759557247149,False,device spread,False,0.5240785265733708,0.5209951150382066,4
8,40,20.0,0.0,403.4,505.79,0.00016237772890444446,4,0.8632710730406271,0.0001880958762263573,0.003247554578088889,0.00035213823872179135,26.72373449705392,True,0.0,0,0.0,0.0,4.9999999999999996e-06,1.2112335467029042e-06,3.6481901355706753e-06,6.211233546702904e-06,6.495109156177778e-05,5.873985801507488e-05,0.9043706056765015,True,absolute signal (comparator noise),True,12.747971603014976,12.613743122388364,3
8,40,20.0,0.05,403.4,505.79,0.0001624388938131808,5,0.8635962524648838,0.0001880958762263573,0.003248777876263616,0.00035221078928656877,26.722252645057946,True,6.170458484319195e-06,3,0.137085589132126,3.085229242159598e-05,4.9999999999999996e-06,1.2112335467029042e-06,3.6481901355706753e-06,3.246605633723667e-05,6.497555752527232e-05,3.250950118803565e-05,0.5003343168758658,True,device spread,True,2.0464443131179806,2.0305119230625794,4
8,40,20.0,0.1,403.4,505.79,0.00016250269415959173,5,0.8639354430292434,0.0001880958762263573,0.0032500538831918345,0.0003522988084300595,26.721012173322602,True,1.2317384018006953e-05,3,0.13333764820101834,6.158692009003476e-05,4.9999999999999996e-06,1.2112335467029042e-06,3.6481901355706753e-06,6.30007854642911e-05,6.500107766383669e-05,2.000292199545587e-06,0.030773215944055774,True,device spread,True,1.0357965661800315,1.0275548037600777,4
8,40,20.0,0.15,403.4,505.79,0.0001625686794100234,5,0.8642862494996216,0.0001880958762263573,0.0032513735882004676,0.0003524015100212774,26.720017656380467,True,1.841686420336018e-05,3,0.1297345234922171,9.20843210168009e-05,4.9999999999999996e-06,1.2112335467029042e-06,3.6481901355706753e-06,9.343119980740613e-05,6.502747176400935e-05,-2.8403728043396775e-05,-0.43679582294813035,False,device spread,False,0.6944026278121084,0.6888002683005201,4
8,40,20.0,0.2,403.4,505.79,0.00016263632497401736,5,0.8646458829235493,0.0001880958762263573,0.0032527264994803473,0.00035251799930530295,26.71927488954737,True,2.444640118988577e-05,3,0.12625163599880054,0.00012223200594942883,4.9999999999999996e-06,1.2112335467029042e-06,3.6481901355706753e-06,0.00012354546129356533,6.505452998960695e-05,-5.849093130395838e-05,-0.8991062008026626,False,device spread,False,0.5237500768383607,0.5194753542778192,4
8,40,50.0,0.0,403.4,505.79,0.00013284330711758175,4,0.706253160796126,0.0001880958762263573,0.006642165355879088,0.00031759647499311115,27.570719895489212,True,0.0,0,0.0,0.0,4.9999999999999996e-06,1.2079886700806222e-06,3.6439937468114077e-06,6.207988670080622e-06,5.31373228470327e-05,4.692933417695208e-05,0.883170842310749,True,absolute signal (comparator noise),True,10.385866835390416,9.813676622039523,3
8,40,50.0,0.05,403.4,505.79,0.0001328882315443245,5,0.7064919987103007,0.0001880958762263573,0.006644411577216225,0.0003176510808045737,27.569276308357527,True,5.030287793982222e-06,3,0.13053818032709552,2.515143896991111e-05,4.9999999999999996e-06,1.2079886700806222e-06,3.6439937468114077e-06,2.6851601564077507e-05,5.31552926177298e-05,2.6303691053652292e-05,0.4948461340024449,True,device spread,True,2.028151918512337,1.9752780226474282,4
8,40,50.0,0.1,403.4,505.79,0.0001329323662277336,5,0.7067266380032747,0.0001880958762263573,0.00664661831138668,0.00031771057033690847,27.568018576500055,True,1.0041373878918911e-05,3,0.1201343666199444,5.020686939459455e-05,4.9999999999999996e-06,1.2079886700806222e-06,3.6439937468114077e-06,5.166321371571762e-05,5.317294649109344e-05,1.509732775375821e-06,0.0283928741024104,True,device spread,True,1.0313272038214323,1.0042267234706854,4
8,40,50.0,0.15,403.4,505.79,0.00013297544401021924,5,0.7069556583483768,0.0001880958762263573,0.006648772200510962,0.00031777447557818523,27.566951231153574,True,1.5013804625967588e-05,3,0.10995142736238142,7.506902312983794e-05,4.9999999999999996e-06,1.2079886700806222e-06,3.6439937468114077e-06,7.644334095654329e-05,5.31901776040877e-05,-2.3253163352455588e-05,-0.43717025210061655,False,device spread,False,0.6919551213153335,0.6736630736933124,4
8,40,50.0,0.2,403.4,505.79,0.00013301717237996054,5,0.7071775046247465,0.0001880958762263573,0.006650858618998027,0.00031784234841368824,27.56608098671231,True,1.9929315532712763e-05,3,0.10754281336187321,9.964657766356382e-05,4.9999999999999996e-06,1.2079886700806222e-06,3.6439937468114077e-06,0.00010097993081846549,5.320686895198422e-05,-4.777306186648127e-05,-0.8978739551390139,False,device spread,False,0.5220000761352381,0.5081303209824409,4
8,60,1.0,0.0,403.4,336.8506,0.00022238025306988433,4,0.9909011182536935,0.00022442224453414115,0.00022238025306988433,0.00045037156675502803,26.12949488663585,True,0.0,0,0.0,0.0,4.9999999999999996e-06,1.215594840521506e-06,3.653817959300824e-06,6.215594840521506e-06,8.895210122795374e-05,8.273650638743223e-05,0.9301242494025738,True,absolute signal (comparator noise),True,17.547301277486447,17.546537522365984,3
8,60,1.0,0.05,403.4,336.8506,0.00022237947147251184,1,0.9908976355446867,0.00022442224453414104,0.00022237947147251184,0.0004490857075631134,26.104690797483308,True,1.0080236291425528e-05,3,0.15126263536039905,5.040118145712764e-05,4.9999999999999996e-06,1.215594840521506e-06,3.653817959300824e-06,5.1864179147235414e-05,8.895178858900473e-05,3.708760944176932e-05,0.4169405700556503,True,device spread,True,1.7440031423572513,1.7324938781627572,4
8,60,1.0,0.1,403.4,336.8506,0.00022244325784303047,1,0.9911818603578332,0.00022442224453414104,0.00022244325784303047,0.00044947683727875336,26.109761386035764,True,2.0137127718377507e-05,3,0.16157193419577856,0.00010068563859188753,4.9999999999999996e-06,1.215594840521506e-06,3.653817959300824e-06,0.00010202530577481687,8.897730313721219e-05,-1.3048002637604681e-05,-0.14664416854131118,False,device spread,False,0.8773857736034743,0.8708601294794945,4
8,60,1.0,0.15,403.4,336.8506,0.00022258036192131757,1,0.991792780538993,0.00022442224453414104,0.00022258036192131757,0.0004500322926097144,26.11513667933229,True,3.0139572615876486e-05,3,0.1715450115541676,0.00015069786307938241,4.9999999999999996e-06,1.215594840521506e-06,3.653817959300824e-06,0.00015199638253143486,8.903214476852704e-05,-6.296423776290782e-05,-0.7072079182929641,False,device spread,False,0.5875552165198356,0.58276475679172,4
8,60,1.0,0.2,403.4,336.8506,0.00022278818394720818,1,0.99271881185252,0.00022442224453414104,0.00022278818394720818,0.0004507459581624512,26.120793754571455,True,4.005721055136973e-05,3,0.18100711622876356,0.00020028605275684863,4.9999999999999996e-06,1.215594840521506e-06,3.653817959300824e-06,0.00020156404861274095,8.911527357888328e-05,-0.00011244877503385767,-1.261835042612757,False,device spread,False,0.4430353523785708,0.43915018996621774,4
8,60,2.0,0.0,403.4,336.8506,0.0002203670661427284,4,0.9819305862490123,0.00022442224453414115,0.0004407341322854568,0.0004482655009904589,26.16777253293918,True,0.0,0,0.0,0.0,4.9999999999999996e-06,1.2154858186307071e-06,3.6536774493678165e-06,6.215485818630707e-06,8.814682645709137e-05,8.193134063846066e-05,0.9294871288229949,True,absolute signal (comparator noise),True,17.386268127692134,17.383270130154557,3
8,60,2.0,0.05,403.4,336.8506,0.00022039652243628063,1,0.9820618401432663,0.00022442224453414104,0.00044079304487256127,0.0004455086556522178,26.113028171705295,True,9.9852133238123e-06,3,0.15078574371125086,4.99260666190615e-05,4.9999999999999996e-06,1.2154858186307071e-06,3.6536774493678165e-06,5.1391297999909515e-05,8.815860897451226e-05,3.676731097460275e-05,0.4170586560097906,True,device spread,True,1.7438675025062986,1.7330747668346933,4
8,60,2.0,0.1,403.4,336.8506,0.00022045822215709945,1,0.9823367670826474,0.00022442224453414104,0.0004409164443141989,0.000445892447762311,26.118076316111644,True,1.9947107994568353e-05,3,0.1606165091369079,9.973553997284177e-05,4.9999999999999996e-06,1.2154858186307071e-06,3.6536774493678165e-06,0.00010107627859374499,8.818328886283978e-05,-1.2892989730905208e-05,-0.1462067234865662,False,device spread,False,0.8773761798896247,0.8712165870465972,4
8,60,2.0,0.15,403.4,336.8506,0.00022059141999272074,1,0.9829302814907124,0.00022442224453414104,0.0004411828399854415,0.00044643717883893243,26.12343477397814,True,2.9854699854146758e-05,3,0.17011536059422314,0.00014927349927073378,4.9999999999999996e-06,1.2154858186307071e-06,3.6536774493678165e-06,0.00015057270052394635,8.82365679970883e-05,-6.233613252685805e-05,-0.7064659691763517,False,device spread,False,0.5875556023255112,0.5830134241237437,4
8,60,2.0,0.2,403.4,336.8506,0.00022079357474961926,1,0.9838310600981012,0.00022442224453414104,0.0004415871494992385,0.00044713684641334116,26.129080570318873,True,3.96777617243909e-05,3,0.17910921209440958,0.0001983888086219545,4.9999999999999996e-06,1.2154858186307071e-06,3.6536774493678165e-06,0.00019966729202466776,8.831742989984771e-05,-0.00011134986212482005,-1.2607914683555805,False,device spread,False,0.44303724905171216,0.43934139933009336,4
8,60,5.0,0.0,403.4,336.8506,0.00021449478935716803,4,0.9557643886969375,0.00022442224453414115,0.0010724739467858403,0.0004420690484650946,26.281467245595064,True,0.0,0,0.0,0.0,4.9999999999999996e-06,1.2151588478925704e-06,3.6532559890591065e-06,6.21515884789257e-06,8.579791574286722e-05,7.958275689497465e-05,0.9275604914865399,True,absolute signal (comparator noise),True,16.91655137899493,16.8988271062188,3
8,60,5.0,0.05,403.4,336.8506,0.00021455485676141812,3,0.956032042219317,0.00022442224453414136,0.0010727742838070905,0.00044119031626108096,26.261752432475266,True,9.708814748986577e-06,3,0.1494046350246741,4.8544073744932884e-05,4.9999999999999996e-06,1.2151588478925704e-06,3.6532559890591065e-06,5.001605121425696e-05,8.582194270456726e-05,3.58058914903103e-05,0.4172113839646837,True,device spread,True,1.7434007071616193,1.733693412945013,4
8,60,5.0,0.1,403.4,336.8506,0.0002146503485981327,3,0.956457542984238,0.00022442224453414136,0.0010732517429906635,0.0004416611469107393,26.267151955506108,True,1.939441390266739e-05,3,0.15784911880404123,9.697206951333695e-05,4.9999999999999996e-06,1.2151588478925704e-06,3.6532559890591065e-06,9.831604589687607e-05,8.586013943925308e-05,-1.2455906457622994e-05,-0.14507205018500668,False,device spread,False,0.8773218665536568,0.8722204096667144,4
8,60,5.0,0.15,403.4,336.8506,0.00021481970960907337,3,0.957212196388994,0.00022442224453414136,0.0010740985480453668,0.0004422874222340124,26.27260927817653,True,2.902618248367286e-05,3,0.16597446539623906,0.0001451309124183643,4.9999999999999996e-06,1.2151588478925704e-06,3.6532559890591065e-06,0.0001464321748597461,8.592788384362935e-05,-6.050429101611674e-05,-0.7041287217804851,False,device spread,False,0.5875401222239858,0.5839817428910717,4
8,60,5.0,0.2,403.4,336.8506,0.00021505997102873268,3,0.9582827739520964,0.00022442224453414136,0.0010752998551436634,0.00044306292068070727,26.278116461780314,True,3.8574305791223696e-05,3,0.1736125337376349,0.0001928715289561185,4.9999999999999996e-06,1.2151588478925704e-06,3.6532559890591065e-06,0.0001941514868990682,8.602398841149307e-05,-0.00010812749848757513,-1.2569458878185304,False,device spread,False,0.4430303848782258,0.44017760756442526,4
8,60,10.0,0.0,403.4,336.8506,0.00020523403887527046,4,0.9144995376964443,0.00022442224453414115,0.0020523403887527047,0.0004321295125162024,26.46729071661472,True,0.0,0,0.0,0.0,4.9999999999999996e-06,1.2146142129130936e-06,3.652553786752822e-06,6.214614212913093e-06,8.209361555010819e-05,7.58790013371951e-05,0.9242984467029616,True,absolute signal (comparator noise),True,16.17580026743902,16.110986325624605,3
8,60,10.0,0.05,403.4,336.8506,0.00020535679414659927,5,0.9150465212255665,0.00022442224453414115,0.002053567941465993,0.00043230080433484823,26.465539353875307,True,9.275226888157534e-06,3,0.147255260593429,4.637613444078767e-05,4.9999999999999996e-06,1.2146142129130936e-06,3.652553786752822e-06,4.78595050978751e-05,8.214271765863971e-05,3.428321256076461e-05,0.4173615572744412,True,device spread,True,1.742431517863755,1.731986394795928,4
8,60,10.0,0.1,403.4,336.8506,0.00020547426100075885,3,0.9155699401691887,0.00022442224453414136,0.0020547426100075887,0.00043064228418129326,26.427184864158363,True,1.85274791174437e-05,3,0.1535409056863902,9.26373955872185e-05,4.9999999999999996e-06,1.2146142129130936e-06,3.652553786752822e-06,9.398684637956309e-05,8.218970440030354e-05,-1.1797141979259549e-05,-0.14353552023744692,False,device spread,False,0.8771507840242249,0.871666218383209,4
8,60,10.0,0.15,403.4,336.8506,0.0002056209149747967,3,0.916223413599785,0.00022442224453414136,0.002056209149747967,0.0004312295776843942,26.432825075130992,True,2.7726801609175826e-05,3,0.15952813823759415,0.00013863400804587912,4.9999999999999996e-06,1.2146142129130936e-06,3.652553786752822e-06,0.0001399387584231582,8.224836598991869e-05,-5.769039243323951e-05,-0.7014168821336914,False,device spread,False,0.5874620053709294,0.5836402504110235,4
8,60,10.0,0.2,403.4,336.8506,0.00020583101862238487,3,0.9171596115601267,0.00022442224453414136,0.0020583101862238487,0.0004319551873606405,26.438557410502472,True,3.684409983556024e-05,3,0.16505685032007628,0.0001842204991778012,4.9999999999999996e-06,1.2146142129130936e-06,3.652553786752822e-06,0.00018550295436854598,8.233240744895395e-05,-0.00010317054691959203,-1.2530976576089763,False,device spread,False,0.4429795416997247,0.4399779717803224,4
8,60,20.0,0.0,403.4,336.8506,0.00018847771627583508,4,0.8398352697482363,0.00022442224453414115,0.0037695543255167017,0.0004135829541217247,26.82605240032709,True,0.0,0,0.0,0.0,4.9999999999999996e-06,1.2135261273999104e-06,3.6511502497271796e-06,6.21352612739991e-06,7.539108651033404e-05,6.917756038293413e-05,0.9175827486376893,True,absolute signal (comparator noise),True,14.835512076586827,14.616677330164928,3
8,60,20.0,0.05,403.4,336.8506,0.00018858384338002346,5,0.8403081600555616,0.00022442224453414115,0.003771676867600469,0.00041373615037115145,26.82437973418836,True,8.49758685850181e-06,3,0.14344782407052598,4.2487934292509055e-05,4.9999999999999996e-06,1.2135261273999104e-06,3.6511502497271796e-06,4.399465000750113e-05,7.543353735200939e-05,3.1438887344508255e-05,0.4167759917952567,True,device spread,True,1.739831203193668,1.723334073621801,4
8,60,20.0,0.1,403.4,336.8506,0.00018873830594439282,5,0.8409964276766702,0.00022442224453414115,0.0037747661188878563,0.0004140174196815533,26.823171233996277,True,1.6972867275894495e-05,3,0.14590394172776808,8.486433637947247e-05,4.9999999999999996e-06,1.2135261273999104e-06,3.6511502497271796e-06,8.622502881455546e-05,7.549532237775713e-05,-1.0729706436798326e-05,-0.14212412238085328,False,device spread,False,0.8765366204234581,0.8679784138858129,4
8,60,20.0,0.15,403.4,336.8506,0.00018893969104339541,5,0.8418937767760013,0.00022442224453414115,0.0037787938208679083,0.00041442357728711197,26.82242508722083,True,2.5397309086419708e-05,3,0.14810058144014115,0.00012698654543209854,4.9999999999999996e-06,1.2135261273999104e-06,3.6511502497271796e-06,0.00012829846906234568,7.557587641735817e-05,-5.2722592644987516e-05,-0.6976113959146659,False,device spread,False,0.587130401067327,0.5812347475402159,4
8,60,20.0,0.2,403.4,336.8506,0.0001891859539743806,5,0.8429910963910706,0.00022442224453414115,0.0037837190794876123,0.0004149499123831,26.822135759132916,True,3.3743324779010576e-05,3,0.1498927416452941,0.00016871662389505288,4.9999999999999996e-06,1.2135261273999104e-06,3.6511502497271796e-06,0.00017000422248992082,7.567438158975225e-05,-9.432984090016857e-05,-1.2465227851025165,False,device spread,False,0.4427462773235886,0.438171112595852,4
8,60,50.0,0.0,403.4,336.8506,0.0001491368708223454,4,0.6645369363091694,0.00022442224453414115,0.00745684354111727,0.0003666558698841223,27.813472311915163,True,0.0,0,0.0,0.0,4.9999999999999996e-06,1.2102713166524913e-06,3.6469465654885872e-06,6.210271316652491e-06,5.9654748328938165e-05,5.3444477012285674e-05,0.8958964459558381,True,absolute signal (comparator noise),True,11.688895402457137,10.812969753482857,3
8,60,50.0,0.05,403.4,336.8506,0.00014920911173680183,5,0.664858833608639,0.00022442224453414115,0.007460455586840092,0.00036676879377707294,27.811940640361172,True,6.7034847831981505e-06,3,0.13485195014366708,3.3517423915990755e-05,4.9999999999999996e-06,1.2102713166524913e-06,3.6469465654885872e-06,3.509858354910557e-05,5.9683644694720736e-05,2.4585061145615165e-05,0.41192291910734824,True,device spread,True,1.72753558745025,1.6670856576710067,4
8,60,50.0,0.1,403.4,336.8506,0.00014930705139106022,5,0.6652952415701656,0.00022442224453414115,0.00746535256955301,0.0003669690451218726,27.810982259962593,True,1.3387297719173573e-05,3,0.12862378947932304,6.693648859586786e-05,4.9999999999999996e-06,1.2102713166524913e-06,3.6469465654885872e-06,6.833324432548717e-05,5.9722820556424086e-05,-8.610423769063081e-06,-0.1441730931131802,False,device spread,False,0.8729672913664093,0.8421115488139245,4
8,60,50.0,0.15,403.4,336.8506,0.00014942983853461332,5,0.6658423671182947,0.00022442224453414115,0.007471491926730666,0.0003672543239718238,27.810591812039025,True,2.002728232464146e-05,3,0.12223169003270314,0.0001001364116232073,4.9999999999999996e-06,1.2102713166524913e-06,3.6469465654885872e-06,0.00010147143494830204,5.9771935413845335e-05,-4.169949953445671e-05,-0.6976434550050993,False,device spread,False,0.5850443049126527,0.5641601916292358,4
8,60,50.0,0.2,403.4,336.8506,0.00014957626716582107,5,0.6664948364468665,0.00022442224453414115,0.007478813358291054,0.00036762127910577923,27.81075902127349,True,2.6600298936613452e-05,3,0.11556763799024584,0.00013300149468306726,4.9999999999999996e-06,1.2102713166524913e-06,3.6469465654885872e-06,0.00013430571672305987,5.983050686632843e-05,-7.447520985673145e-05,-1.2447698299317735,False,device spread,False,0.441235873532052,0.42532616510638166,4
8,100,1.0,0.0,403.4,202.0276,0.000262677585034543,4,0.9891782173503452,0.0002655513237424115,0.000262677585034543,0.0005317680963569395,26.12598526440401,True,0.0,0,0.0,0.0,4.9999999999999996e-06,1.2174345565794942e-06,3.6561876995643266e-06,6.217434556579494e-06,0.0001050710340138172,9.885359945723771e-05,0.9408263693706309,True,absolute signal (comparator noise),True,20.770719891447545,20.76942572844163,3
8,100,1.0,0.05,403.4,202.0276,0.0002627288841612768,1,0.9893713970566652,0.00026555132374241183,0.0002627288841612768,0.0005300578079538178,26.096308297744702,True,1.4025676995779634e-05,3,0.1607298221149086,7.012838497889817e-05,4.9999999999999996e-06,1.2174345565794942e-06,3.6561876995643266e-06,7.152383810382796e-05,0.00010509155366451072,3.356771556068277e-05,0.3194140193972462,True,device spread,True,1.4878261322006168,1.4777460084460092,4
8,100,1.0,0.1,403.4,202.0276,0.0002629651082063497,1,0.9902609578456826,0.00026555132374241183,0.0002629651082063497,0.0005309110057945567,26.10247201721478,True,2.806100853765269e-05,3,0.1802226438041033,0.00014030504268826345,4.9999999999999996e-06,1.2174345565794942e-06,3.6561876995643266e-06,0.00014161154057159507,0.00010518604328253988,-3.642549728905518e-05,-0.34629591676162563,False,device spread,False,0.7467134268736899,0.7409420612225099,4
8,100,1.0,0.15,403.4,202.0276,0.0002634007388056602,1,0.9919014339433769,0.00026555132374241183,0.0002634007388056602,0.0005321976828969785,26.10911981205666,True,4.209325581952968e-05,3,0.19896590265487268,0.0002104662790976484,4.9999999999999996e-06,1.2174345565794942e-06,3.6561876995643266e-06,0.00021174309721367512,0.00010536029552226408,-0.00010638280169141104,-1.0097048528962305,False,device spread,False,0.49944175357988235,0.49517745127796087,4
8,100,1.0,0.2,403.4,202.0276,0.0002640306435269849,1,0.9942734978911195,0.00026555132374241183,0.0002640306435269849,0.0005339064474999525,26.116216624792962,True,5.610708974718683e-05,3,0.21672567598536735,0.00028053544873593415,4.9999999999999996e-06,1.2174345565794942e-06,3.6561876995643266e-06,0.00028179743740331113,0.00010561225741079397,-0.00017618517999251718,-1.668226627400073,False,device spread,False,0.37613554394899384,0.37266826259211894,4
8,100,2.0,0.0,403.4,202.0276,0.000259852516356031,4,0.9785397138825471,0.0002655513237424115,0.000519705032712062,0.0005288123784610534,26.171493715702283,True,0.0,0,0.0,0.0,4.9999999999999996e-06,1.2173252674958519e-06,3.656046994195963e-06,6.2173252674958514e-06,0.0001039410065424124,9.772368127491655e-05,0.9401840960145127,True,absolute signal (comparator noise),True,20.544736254983313,20.539676763836503,3
8,100,2.0,0.05,403.4,202.0276,0.00025995070679017836,3,0.9789094745478821,0.0002655513237424113,0.0005199014135803567,0.0005286660210174583,26.165807905511834,True,1.3868549105902597e-05,3,0.16006524988045615,6.934274552951298e-05,4.9999999999999996e-06,1.2173252674958519e-06,3.656046994195963e-06,7.074010108643732e-05,0.00010398028271607136,3.3240181629634035e-05,0.31967773852278997,True,device spread,True,1.487803284022596,1.4785124841035173,4
8,100,2.0,0.1,403.4,202.0276,0.00026018327375287994,1,0.9797852636775445,0.00026555132374241183,0.0005203665475057599,0.0005258757078844818,26.112074714791525,True,2.7745949605722224e-05,3,0.17889141358211164,0.00013872974802861112,4.9999999999999996e-06,1.2173252674958519e-06,3.656046994195963e-06,0.00014003714729620301,0.00010407330950115198,-3.5963837795051034e-05,-0.3455625459345362,False,device spread,False,0.7467348464874316,0.7413663610485527,4
8,100,2.0,0.15,403.4,202.0276,0.00026060707527532216,1,0.9813811944244508,0.00026555132374241183,0.0005212141505506443,0.0005271344555512366,26.1187040405244,True,4.161895911710079e-05,3,0.19696990977055315,0.00020809479558550395,4.9999999999999996e-06,1.2173252674958519e-06,3.656046994195963e-06,0.00020937218096337597,0.00010424283011012887,-0.0001051293508532471,-1.0085043809937015,False,device spread,False,0.4994624520055029,0.49547169555825227,4
8,100,2.0,0.2,403.4,202.0276,0.0002612200827569242,1,0.9836896275851782,0.00026555132374241183,0.0005224401655138484,0.0005288057622597453,26.12579232381615,True,5.547181864480881e-05,3,0.21406732493818642,0.000277359093224044,4.9999999999999996e-06,1.2173252674958519e-06,3.656046994195963e-06,0.00027862148275988806,0.00010448803310276968,-0.00017413344965711838,-1.666539645605623,False,device spread,False,0.376155103469809,0.37289668563455475,4
8,100,5.0,0.0,403.4,202.0276,0.00025165799781869824,4,0.947681202533978,0.0002655513237424115,0.0012582899890934912,0.0005201497544983666,26.306353215864963,True,0.0,0,0.0,0.0,4.9999999999999996e-06,1.2169974955150709e-06,3.6556249477380683e-06,6.21699749551507e-06,0.0001006631991274793,9.444620163196423e-05,0.9382396193504451,True,absolute signal (comparator noise),True,19.889240326392848,19.859675282745858,3
8,100,5.0,0.05,403.4,202.0276,0.0002518007387704983,3,0.9482187293283791,0.0002655513237424113,0.0012590036938524914,0.0005190221614041228,26.282578038850453,True,1.3414305294273357e-05,3,0.15815511413504382,6.707152647136678e-05,4.9999999999999996e-06,1.2169974955150709e-06,3.6556249477380683e-06,6.847463396305127e-05,0.00010072029550819932,3.224566154514805e-05,0.3201505851670484,True,device spread,True,1.4876698174891854,1.4791189016665116,4
8,100,5.0,0.1,403.4,202.0276,0.00025207925113627947,3,0.9492675373774452,0.0002655513237424113,0.0012603962556813973,0.0005199689244282955,26.288805782436455,True,2.6835236689852274e-05,3,0.17506501487660509,0.00013417618344926138,4.9999999999999996e-06,1.2169974955150709e-06,3.6556249477380683e-06,0.00013548630971915702,0.00010083170045451179,-3.465460926464523e-05,-0.34368764097436766,False,device spread,False,0.7467691392785163,0.7421773466928622,4
8,100,5.0,0.15,403.4,202.0276,0.0002525570480704409,3,0.9510668013668987,0.0002655513237424113,0.0012627852403522045,0.0005213266896002703,26.295009332588187,True,4.024819552745558e-05,3,0.19123366797598695,0.0002012409776372779,4.9999999999999996e-06,1.2169974955150709e-06,3.6556249477380683e-06,0.00020252008013561622,0.00010102281922817637,-0.00010149726090743985,-1.004696381301653,False,device spread,False,0.499504406121547,0.49620007165600116,4
8,100,5.0,0.2,403.4,202.0276,0.0002532282175213034,3,0.9535942579858443,0.0002655513237424113,0.001266141087606517,0.0005230840461785981,26.301187529129102,True,5.36362772451176e-05,3,0.2064295526689749,0.000268181386225588,4.9999999999999996e-06,1.2169974955150709e-06,3.6556249477380683e-06,0.0002694449899159148,0.00010129128700852138,-0.0001681537029073934,-1.6601003686846931,False,device spread,False,0.37619817109044773,0.37350789206956425,4
8,100,10.0,0.0,403.4,202.0276,0.00023887312203872886,4,0.8995365516250979,0.0002655513237424115,0.0023887312203872886,0.0005063575592673053,26.525800241222008,True,0.0,0,0.0,0.0,4.9999999999999996e-06,1.2164515262548178e-06,3.6549217690370374e-06,6.216451526254817e-06,9.554924881549154e-05,8.933279728923672e-05,0.9349398179125513,True,absolute signal (comparator noise),True,18.866559457847348,18.760371329117163,3
8,100,10.0,0.05,403.4,202.0276,0.00023908066544275878,5,0.9003181082790247,0.0002655513237424115,0.0023908066544275877,0.0005066833577755668,26.523843679811385,True,1.271003638573138e-05,3,0.15522334040090993,6.35501819286569e-05,4.9999999999999996e-06,1.2164515262548178e-06,3.6549217690370374e-06,6.496302494918784e-05,9.563226617710352e-05,3.066924122791568e-05,0.32069972253003637,True,device spread,True,1.4872442682435703,1.4774432094318908,4
8,100,10.0,0.1,403.4,202.0276,0.00023941312629809536,3,0.901570072873482,0.0002655513237424113,0.0023941312629809537,0.0005046795626353769,26.47735520486091,True,2.5423529418006833e-05,3,0.1691914141786917,0.00012711764709003417,4.9999999999999996e-06,1.2164515262548178e-06,3.6549217690370374e-06,0.00012843239471619652,9.576525051923816e-05,-3.266714419695836e-05,-0.34111688759583936,False,device spread,False,0.7467334304673319,0.741500999235139,4
8,100,10.0,0.15,403.4,202.0276,0.00023983029147466882,3,0.9031410127983687,0.0002655513237424113,0.0023983029147466883,0.0005059435438076566,26.483960462276542,True,3.812406567950119e-05,3,0.18243077112191597,0.00019062032839750593,4.9999999999999996e-06,1.2164515262548178e-06,3.6549217690370374e-06,0.0001919023440258653,9.593211658986754e-05,-9.597022743599777e-05,-1.000397268896851,False,device spread,False,0.49951208198225944,0.4957729789845961,4
8,100,10.0,0.2,403.4,202.0276,0.00024041920040674878,3,0.9053586968369209,0.0002655513237424113,0.002404192004067488,0.0005075770410948232,26.490656425502912,True,5.079324450324047e-05,3,0.1947139657017713,0.00025396622251620235,4.9999999999999996e-06,1.2164515262548178e-06,3.6549217690370374e-06,0.00025523188841769496,9.616768016269952e-05,-0.00015906420825499544,-1.6540297944786189,False,device spread,False,0.37622178976983967,0.3732012616997591,4
8,100,20.0,0.0,403.4,202.0276,0.0002161652501727312,4,0.8140243743707131,0.0002655513237424115,0.004323305003454624,0.00048095212374894174,26.946319338893048,True,0.0,0,0.0,0.0,4.9999999999999996e-06,1.2153607763815827e-06,3.6535162811753095e-06,6.215360776381582e-06,8.646610006909249e-05,8.025073929271091e-05,0.928117947132864,True,absolute signal (comparator noise),True,17.050147858542182,16.7026873228959,3
8,100,20.0,0.05,403.4,202.0276,0.0002163389674231402,5,0.8146785501735703,0.0002655513237424115,0.004326779348462804,0.000481239549376547,26.944531178998577,True,1.1471825774704925e-05,3,0.15014267772934264,5.735912887352462e-05,4.9999999999999996e-06,1.2153607763815827e-06,3.6535162811753095e-06,5.879200243886139e-05,8.653558696925607e-05,2.7743584530394684e-05,0.3206031819053967,True,device spread,True,1.4857163614793705,1.468171322058971,4
8,100,20.0,0.1,403.4,202.0276,0.00021664082553546037,5,0.8158152724766871,0.0002655513237424115,0.004332816510709207,0.00048186179120288987,26.94364377475402,True,2.2942348218572278e-05,3,0.15900922160546552,0.00011471174109286139,4.9999999999999996e-06,1.2153607763815827e-06,3.6535162811753095e-06,0.00011603601895493265,8.665633021418415e-05,-2.9379688740748493e-05,-0.33903684437284815,False,device spread,False,0.7463588146216521,0.7372067499320973,4
8,100,20.0,0.15,403.4,202.0276,0.00021706836078340215,5,0.8174252635018363,0.0002655513237424115,0.004341367215668043,0.00048281296142558693,26.943647877161435,True,3.43927897119719e-05,3,0.16717580030954696,0.0001719639485598595,4.9999999999999996e-06,1.2153607763815827e-06,3.6535162811753095e-06,0.00017325198363412662,8.682734431336086e-05,-8.642463932076576e-05,-0.9953620026527388,False,device spread,False,0.4993253481162858,0.49294662489912666,4
8,100,20.0,0.2,403.4,202.0276,0.0002176177506407785,5,0.8194941285695521,0.0002655513237424115,0.00435235501281557,0.0004840837499190745,26.94452374344207,True,4.580291516632953e-05,3,0.17442504531032485,0.00022901457583164765,4.9999999999999996e-06,1.2153607763815827e-06,3.6535162811753095e-06,0.0002302845117839965,8.704710025631141e-05,-0.00014323741152768508,-1.6455161757935703,False,device spread,False,0.3761132219827986,0.3710929874919112,4
8,100,50.0,0.0,403.4,202.0276,0.0001649692078752675,4,0.6212328583053495,0.0002655513237424115,0.008248460393763375,0.0004184750775826995,28.085334189537512,True,0.0,0,0.0,0.0,4.9999999999999996e-06,1.2120980060347127e-06,3.6493067600049762e-06,6.212098006034712e-06,6.5987683150107e-05,5.977558514407229e-05,0.9058597345825341,True,absolute signal (comparator noise),True,12.95511702881446,11.657723876593622,3
8,100,50.0,0.05,403.4,202.0276,0.0001650781535101335,5,0.621643120371946,0.0002655513237424115,0.008253907675506676,0.0004186804242464079,28.083861063078018,True,8.73289341993828e-06,3,0.13913486229659605,4.36644670996914e-05,4.9999999999999996e-06,1.2120980060347127e-06,3.6493067600049762e-06,4.516190673258132e-05,6.603126140405341e-05,2.086935467147209e-05,0.3160526427591613,True,device spread,True,1.4768845013477103,1.4043969900401831,4
8,100,50.0,0.1,403.4,202.0276,0.00016525339649404528,5,0.6223030417063309,0.0002655513237424115,0.008262669824702263,0.0004191169457572947,28.083696523868348,True,1.7457520591039406e-05,3,0.13691507473275896,8.728760295519702e-05,4.9999999999999996e-06,1.2120980060347127e-06,3.6493067600049762e-06,8.864278843945243e-05,6.610135859761811e-05,-2.2541429841834327e-05,-0.34101310956484004,False,device spread,False,0.7434395101774438,0.7062732483866467,4
8,100,50.0,0.15,403.4,202.0276,0.00016549342702484326,5,0.6232069367704384,0.0002655513237424115,0.008274671351242163,0.0004197801369886218,28.08482271093812,True,2.6153425307594178e-05,3,0.13408304983249253,0.0001307671265379709,4.9999999999999996e-06,1.2120980060347127e-06,3.6493067600049762e-06,0.00013207477940526972,6.619737080993731e-05,-6.58774085953324e-05,-0.9951665419534023,False,device spread,False,0.49758725885140986,0.47200977360789265,4
8,100,50.0,0.2,403.4,202.0276,0.00016579596092735824,5,0.6243462039307424,0.0002655513237424115,0.008289798046367912,0.0004206629460062218,28.08720625578504,True,3.479967455228671e-05,3,0.13045365666360612,0.00017399837276143356,4.9999999999999996e-06,1.2120980060347127e-06,3.6493067600049762e-06,0.00017528229569543468,6.63183843709433e-05,-0.00010896391132449138,-1.6430423080727636,False,device spread,False,0.37488715568109343,0.3550476549854648,4
16,20,1.0,0.0,403.4,1016.0459,0.00012514033538432452,8,0.9897954269340438,0.00012643050470737666,0.00012514033538432452,0.0005103611776977035,32.20960632699863,True,0.0,0,0.0,0.0,4.9999999999999996e-06,2.4125745805641478e-06,7.283580634088842e-06,7.412574580564147e-06,5.005613415372981e-05,4.264355957316566e-05,0.8519147611799379,True,absolute signal (comparator noise),True,9.528711914633133,9.527408287168084,7
16,20,1.0,0.05,403.4,1016.0459,0.000125051249156422,15,0.9890908008779434,0.00012643050470737688,0.000125051249156422,0.000508629190628112,32.18626493464701,True,4.428082884320198e-06,9,0.22606080498642486,2.214041442160099e-05,4.9999999999999996e-06,2.4125745805641478e-06,7.283580634088842e-06,2.5110546973714977e-05,5.00204996625688e-05,2.4909952688853823e-05,0.49799487923736935,True,device spread,True,2.1079441722657593,2.095965020031862,10
16,20,1.0,0.1,403.4,1016.0459,0.00012492048322003304,15,0.9880565098522799,0.00012643050470737688,0.00012492048322003304,0.0005084366987656427,32.19206469427624,True,8.845807563066988e-06,9,0.22261907326524408,4.422903781533494e-05,4.9999999999999996e-06,2.4125745805641478e-06,7.283580634088842e-06,4.69233349208496e-05,4.996819328801322e-05,3.0448583671636228e-06,0.060935930775268765,True,device spread,True,1.0748034189403557,1.0670514583460267,10
16,20,1.0,0.15,403.4,1016.0459,0.00012475523046735467,15,0.9867494459197198,0.00012643050470737688,0.00012475523046735467,0.0005081303509273538,32.1983274703141,True,1.324224038297584e-05,9,0.2191762964054616,6.62112019148792e-05,4.9999999999999996e-06,2.4125745805641478e-06,7.283580634088842e-06,6.881229791592831e-05,4.990209218694187e-05,-1.8910205728986446e-05,-0.3789461503566933,False,device spread,False,0.72010857952589,0.7139482309887797,10
16,20,1.0,0.2,403.4,1016.0459,0.0001245567844069121,15,0.9851798400646941,0.00012643050470737688,0.0001245567844069121,0.0005077142889103607,32.20503996706019,True,1.7606634782070953e-05,9,0.21578320810768384,8.803317391035476e-05,4.9999999999999996e-06,2.4125745805641478e-06,7.283580634088842e-06,9.058762609022172e-05,4.982271376276484e-05,-4.076491232745688e-05,-0.818199356252703,False,device spread,False,0.541828547469497,0.5365076707777122,10
16,20,2.0,0.0,403.4,1016.0459,0.00012386998497671746,8,0.979747611254218,0.00012643050470737666,0.0002477399699534349,0.0005077436333786438,32.25356803100058,True,0.0,0,0.0,0.0,4.9999999999999996e-06,2.412143913293639e-06,7.283022574647085e-06,7.4121439132936385e-06,4.9547993990686985e-05,4.213585007739335e-05,0.8504047628106434,True,absolute signal (comparator noise),True,9.42717001547867,9.42206107151406,7
16,20,2.0,0.05,403.4,1016.0459,0.00012379150453084814,6,0.979126871456879,0.00012643050470737688,0.0002475830090616963,0.0005072110544047658,32.24995737853385,True,4.38276083035317e-06,9,0.22592473262745166,2.191380415176585e-05,4.9999999999999996e-06,2.412143913293639e-06,7.283022574647085e-06,2.4889127972591947e-05,4.951660181233926e-05,2.4627473839747312e-05,0.4973579150904149,True,device spread,True,2.106371576780307,2.093856765691166,10
16,20,2.0,0.1,403.4,1016.0459,0.00012367286289963815,15,0.9781884774238521,0.00012643050470737688,0.0002473457257992763,0.0005042176935547341,32.2068733420894,True,8.755292648520206e-06,9,0.22250169845867399,4.3776463242601026e-05,4.9999999999999996e-06,2.412143913293639e-06,7.283022574647085e-06,4.647322349642232e-05,4.946914515985526e-05,2.9959216634329455e-06,0.060561419724393536,True,device spread,True,1.0744139223678562,1.0663776845880497,10
16,20,2.0,0.15,403.4,1016.0459,0.00012351062489500333,15,0.9769052585914166,0.00012643050470737688,0.00024702124979000665,0.0005039161306528226,32.21307883180025,True,1.3106817582049446e-05,9,0.21907668001342884,6.553408791024724e-05,4.9999999999999996e-06,2.412143913293639e-06,7.283022574647085e-06,6.813669547683048e-05,4.9404249958001336e-05,-1.873244551882914e-05,-0.37916668170761897,False,device spread,False,0.7199005228399776,0.7135497471097075,10
16,20,2.0,0.2,403.4,1016.0459,0.0001233157054917705,15,0.9753635467736559,0.00012643050470737688,0.000246631410983541,0.0005035065647516723,32.21973490821292,True,1.7426739346184836e-05,9,0.21569927707202854,8.713369673092418e-05,4.9999999999999996e-06,2.412143913293639e-06,7.283022574647085e-06,8.968918044637414e-05,4.93262821967082e-05,-4.0362898249665937e-05,-0.818283812445114,False,device spread,False,0.5416850780742541,0.5362222228116932,10
16,20,5.0,0.0,403.4,1016.0459,0.00012017382187869108,8,0.950512869950439,0.00012643050470737666,0.0006008691093934554,0.0005000513704857339,32.384094973109086,True,0.0,0,0.0,0.0,4.9999999999999996e-06,2.4108526571556006e-06,7.281348945803933e-06,7.4108526571556e-06,4.806952875147644e-05,4.065867609432084e-05,0.8458305531666361,True,absolute signal (comparator noise),True,9.131735218864169,9.101672572092184,7
16,20,5.0,0.05,403.4,1016.0459,0.00012011490800207289,6,0.9500468916111549,0.00012643050470737688,0.0006005745400103644,0.0004988738032893103,32.36787572010488,True,4.250993253047801e-06,9,0.2255117266431874,2.1254966265239005e-05,4.9999999999999996e-06,2.4108526571556006e-06,7.281348945803933e-06,2.4245998430345395e-05,4.804596320082916e-05,2.3799964770483765e-05,0.49535826081790435,True,device spread,True,2.1014609423831025,2.0867601919873473,10
16,20,5.0,0.1,403.4,1016.0459,0.00012000321783919943,6,0.949163480102738,0.00012643050470737688,0.0006000160891959971,0.0004986930178334263,32.372807921878675,True,8.492132918353262e-06,9,0.222158335546629,4.2460664591766314e-05,4.9999999999999996e-06,2.4108526571556006e-06,7.281348945803933e-06,4.516489384128786e-05,4.800128713567978e-05,2.836393294391918e-06,0.059089942450389045,True,device spread,True,1.0731775620110489,1.063991365724896,10
16,20,5.0,0.15,403.4,1016.0459,0.00011986012891292323,6,0.9480317205910016,0.00012643050470737688,0.0005993006445646162,0.0004983985943032922,32.378041366009924,True,1.2713091430626144e-05,9,0.21880010318245913,6.356545715313072e-05,4.9999999999999996e-06,2.4108526571556006e-06,7.281348945803933e-06,6.617265425565576e-05,4.79440515651693e-05,-1.822860269048646e-05,-0.3802057209476492,False,device spread,False,0.7192352561919945,0.7121139068165904,10
16,20,5.0,0.2,403.4,1016.0459,0.00011968668784291325,6,0.9466598912970238,0.00012643050470737688,0.0005984334392145662,0.0004979946204244594,32.38357605318003,True,1.6903707054090167e-05,9,0.21548319434939506,8.451853527045083e-05,4.9999999999999996e-06,2.4108526571556006e-06,7.281348945803933e-06,8.707715530621688e-05,4.78746751371653e-05,-3.920248016905158e-05,-0.8188563171809085,False,device spread,False,0.5412249493451234,0.5351861976364004,10
16,20,10.0,0.0,403.4,1016.0459,0.00011437386327475981,8,0.9046381926535693,0.00012643050470737666,0.001143738632747598,0.0004877412809300912,32.59725447443304,True,0.0,0,0.0,0.0,4.9999999999999996e-06,2.4087030460604635e-06,7.278561394548355e-06,7.408703046060463e-06,4.574954530990393e-05,3.8340842263843464e-05,0.838059526146665,True,absolute signal (comparator noise),True,8.668168452768693,8.559047840998293,7
16,20,10.0,0.05,403.4,1016.0459,0.00011433032148135981,8,0.9042937995539707,0.00012643050470737666,0.0011433032148135981,0.00048766891475332487,32.59927297554775,True,4.044517674053178e-06,9,0.22480991313975068,2.022258837026589e-05,4.9999999999999996e-06,2.4087030460604635e-06,7.278561394548355e-06,2.3240243565023847e-05,4.573212859254393e-05,2.2491885027520083e-05,0.491818022028109,True,device spread,True,2.0922261709660557,2.072552560624238,8
16,20,10.0,0.1,403.4,1016.0459,0.0001142582109817201,8,0.9037234427416917,0.00012643050470737666,0.001142582109817201,0.00048748541752944555,32.60148418318003,True,8.079769156362584e-06,9,0.22161376819754514,4.039884578181292e-05,4.9999999999999996e-06,2.4087030460604635e-06,7.278561394548355e-06,4.311578769360927e-05,4.570328439268804e-05,2.5874966990787726e-06,0.056615114941120946,True,device spread,True,1.0705609570813226,1.0588928526979915,8
16,20,10.0,0.15,403.4,1016.0459,0.00011413345677616649,6,0.9027367014023089,0.00012643050470737688,0.0011413345677616649,0.0004851600661688243,32.5694415121814,True,1.209612436061822e-05,9,0.21840792172814355,6.0480621803091096e-05,4.9999999999999996e-06,2.4087030460604635e-06,7.278561394548355e-06,6.309565068464694e-05,4.56533827104666e-05,-1.7442267974180342e-05,-0.3820586107452118,False,device spread,False,0.7176872056553683,0.7089832471024015,8
16,20,10.0,0.2,403.4,1016.0459,0.00011397142492308314,6,0.9014551131221832,0.00012643050470737688,0.0011397142492308313,0.0004847746103537469,32.57487775805682,True,1.6084095094706527e-05,9,0.21523272824778733,8.042047547353264e-05,4.9999999999999996e-06,2.4087030460604635e-06,7.278561394548355e-06,8.298446165489433e-05,4.558856996923326e-05,-3.739589168566107e-05,-0.8202909569415919,False,device spread,False,0.5400733169985984,0.5329084650442905,8
16,20,20.0,0.0,403.4,1016.0459,0.0001039742603901141,8,0.8223827044807143,0.00012643050470737666,0.002079485207802282,0.00046486998829935264,33.00811339163716,True,0.0,0,0.0,0.0,4.9999999999999996e-06,2.404413109852654e-06,7.272993144185388e-06,7.404413109852654e-06,4.1589704156045644e-05,3.418529104619299e-05,0.821965237307986,True,absolute signal (comparator noise),True,7.837058209238599,7.473540727859869,7
16,20,20.0,0.05,403.4,1016.0459,0.0001039358426595902,8,0.8220788400722567,0.00012643050470737666,0.002078716853191804,0.00046480336193508126,33.01007838424723,True,3.6751454733124026e-06,9,0.223372339784671,1.8375727366562014e-05,4.9999999999999996e-06,2.404413109852654e-06,7.272993144185388e-06,2.1448240357814556e-05,4.157433706383608e-05,2.0126096706021527e-05,0.48409904107715634,True,device spread,True,2.0682304092388204,2.0269027413270426,8
16,20,20.0,0.1,403.4,1016.0459,0.00010387337445963897,8,0.8215847488709614,0.00012643050470737666,0.0020774674891927795,0.0004646342215381064,33.012139062314844,True,7.342070933826843e-06,9,0.22061880246174864,3.6710354669134216e-05,4.9999999999999996e-06,2.404413109852654e-06,7.272993144185388e-06,3.9453706489532976e-05,4.154934978385559e-05,2.095643294322616e-06,0.050437451012456,True,device spread,True,1.063034594313746,1.04169547575227,8
16,20,20.0,0.15,403.4,1016.0459,0.00010378736714622151,8,0.8209044754384024,0.00012643050470737666,0.0020757473429244304,0.00046436484318374856,33.01429674192359,True,1.0992367185468445e-05,9,0.21784569033565965,5.496183592734222e-05,4.9999999999999996e-06,2.404413109852654e-06,7.272993144185388e-06,5.7593210963258434e-05,4.1514946858488604e-05,-1.607826410476983e-05,-0.38728856282956536,False,device spread,False,0.7132577864310943,0.6982348491394952,8
16,20,20.0,0.2,403.4,1016.0459,0.0001036785527893873,8,0.8200438100706096,0.00012643050470737666,0.0020735710557877457,0.0004639988520509397,33.016559593683354,True,1.4617726596213058e-05,9,0.21508158054070342,7.308863298106528e-05,4.9999999999999996e-06,2.404413109852654e-06,7.272993144185388e-06,7.566387168716446e-05,4.147142111575492e-05,-3.419245057140954e-05,-0.8244822494983152,False,device spread,False,0.5368923002028394,0.5249622005309226,8
16,20,50.0,0.0,403.4,1016.0459,8.00900185100507e-05,8,0.6334706856974035,0.00012643050470737666,0.004004500925502535,0.0004076168936482777,34.13347561941619,True,0.0,0,0.0,0.0,4.9999999999999996e-06,2.3916171267729944e-06,7.256342993006474e-06,7.391617126772994e-06,3.203600740402028e-05,2.4644390277247284e-05,0.7692715876371847,True,absolute signal (comparator noise),True,5.928878055449458,4.51896249213353,7
16,20,50.0,0.05,403.4,1016.0459,8.006287776458971e-05,8,0.6332560164170443,0.00012643050470737666,0.004003143888229485,0.0004075639541293314,34.13529141615629,True,2.8304309687877793e-06,9,0.2190286808141395,1.4152154843938896e-05,4.9999999999999996e-06,2.3916171267729944e-06,7.256342993006474e-06,1.740106370973611e-05,3.2025151105835885e-05,1.4624087396099774e-05,0.4566438218439773,True,device spread,True,1.9838983166339563,1.604358609063001,8
16,20,50.0,0.1,403.4,1016.0459,8.002126631168864e-05,8,0.6329268913139106,0.00012643050470737666,0.004001063315584432,0.0004074291819145539,34.1369342446791,True,5.654989554961196e-06,9,0.21824428889859906,2.827494777480598e-05,4.9999999999999996e-06,2.3916171267729944e-06,7.256342993006474e-06,3.1105249284129995e-05,3.200850652467546e-05,9.032572405454623e-07,0.02821928726506307,True,device spread,True,1.0371859038355469,0.8428459640610763,8
16,20,50.0,0.15,403.4,1016.0459,7.996547821230475e-05,8,0.6324856362583129,0.00012643050470737666,0.003998273910615238,0.0004072143521164926,34.13841074745393,True,8.467905656226835e-06,9,0.21741244218342828,4.233952828113418e-05,4.9999999999999996e-06,2.3916171267729944e-06,7.256342993006474e-06,4.502535558669416e-05,3.1986191284921905e-05,-1.3039164301772256e-05,-0.40764979442609783,False,device spread,False,0.6982737236413129,0.5679789309016638,8
16,20,50.0,0.2,403.4,1016.0459,7.989591949306366e-05,8,0.6319354627111766,0.00012643050470737666,0.003994795974653183,0.0004069222966189513,34.139737753682425,True,1.1263432501243307e-05,9,0.21652731841193112,5.6317162506216535e-05,4.9999999999999996e-06,2.3916171267729944e-06,7.256342993006474e-06,5.8930301164797805e-05,3.1958367797225464e-05,-2.697193336757234e-05,-0.8439709292636018,False,device spread,False,0.5262155106733988,0.4281812436752285,8
16,40,1.0,0.0,403.4,505.79,0.00018524978347436662,8,0.9848689253179169,0.0001880958762249177,0.00018524978347436662,0.0007538708189956844,32.19078447664756,True,0.0,0,0.0,0.0,4.9999999999999996e-06,2.4263744947856936e-06,7.3014258878288316e-06,7.426374494785693e-06,7.409991338974665e-05,6.667353889496095e-05,0.8997789045214553,True,absolute signal (comparator noise),True,14.334707778992192,14.330381646227439,7
16,40,1.0,0.05,403.4,505.79,0.00018510567232652613,15,0.9841027673843541,0.00018809587622491738,0.00018510567232652613,0.0007502025593245301,32.155176281242916,True,9.638102015794456e-06,9,0.230958453636165,4.819051007897228e-05,4.9999999999999996e-06,2.4263744947856936e-06,7.3014258878288316e-06,5.0875577395055674e-05,7.404226893061045e-05,2.316669153555478e-05,0.3128846788483171,True,device spread,True,1.4868424340037474,1.4764512811396802,10
16,40,1.0,0.1,403.4,505.79,0.00018495055424432505,15,0.9832780917704369,0.00018809587622491738,0.00018495055424432505,0.0007502436243475301,32.16293352639662,True,1.9240227053058862e-05,9,0.23133153054120312,9.620113526529431e-05,4.9999999999999996e-06,2.4263744947856936e-06,7.3014258878288316e-06,9.875735822448427e-05,7.398022169773002e-05,-2.4777136526754254e-05,-0.33491568365379076,False,device spread,False,0.7481086845704031,0.7411933437897322,10
16,40,1.0,0.15,403.4,505.79,0.0001848057268224036,15,0.9825081258103737,0.00018809587622491738,0.0001848057268224036,0.0007503369328371848,32.17081797038256,True,2.8771500189933383e-05,9,0.23167661248605828,0.00014385750094966692,4.9999999999999996e-06,2.4263744947856936e-06,7.3014258878288316e-06,0.00014637074075996267,7.392229072896144e-05,-7.244845003100123e-05,-0.9800622967250284,False,device spread,False,0.5007539369689724,0.49512873777100197,5
16,40,1.0,0.2,403.4,505.79,0.0001846714219006754,15,0.9817941020666122,0.00018809587622491738,0.0001846714219006754,0.0007504814446246139,32.17880531671935,True,3.8198989981262036e-05,9,0.2319774711785437,0.00019099494990631018,4.9999999999999996e-06,2.4263744947856936e-06,7.3014258878288316e-06,0.00019348675994847918,7.386856876027015e-05,-0.00011961819118820903,-1.619338146057936,False,device spread,False,0.37700850706199174,0.37237844514835905,5
16,40,2.0,0.0,403.4,505.79,0.00018246880680626663,8,0.9700840362288302,0.0001880958762249177,0.00036493761361253325,0.0007481460880782113,32.25595554588881,True,0.0,0,0.0,0.0,4.9999999999999996e-06,2.425939835631538e-06,7.3008648944746304e-06,7.425939835631538e-06,7.298752272250665e-05,6.556158288687511e-05,0.8982574067643804,True,absolute signal (comparator noise),True,14.112316577375024,14.09553571424971,7
16,40,2.0,0.05,403.4,505.79,0.00018234199929810133,6,0.9694098720168873,0.00018809587622491727,0.00036468399859620267,0.0007471370622003335,32.250271361175756,True,9.492754952600335e-06,9,0.23057542925455,4.7463774763001675e-05,4.9999999999999996e-06,2.425939835631538e-06,7.3008648944746304e-06,5.0152346726921334e-05,7.293679971924053e-05,2.2784452992319197e-05,0.3123862450782677,True,device spread,True,1.486375059221749,1.4753057958720648,10
16,40,2.0,0.1,403.4,505.79,0.00018221233687879413,6,0.9687205298478323,0.00018809587622491727,0.00036442467375758826,0.0007472008931971878,32.25719208749635,True,1.8949930478648844e-05,9,0.23080168670730286,9.474965239324421e-05,4.9999999999999996e-06,2.425939835631538e-06,7.3008648944746304e-06,9.730742711655799e-05,7.288493475151766e-05,-2.442249236504033e-05,-0.3350828596925072,False,device spread,False,0.7479719174343532,0.7407131250285108,10
16,40,2.0,0.15,403.4,505.79,0.00018209153076192768,6,0.968078271658599,0.00018809587622491727,0.00036418306152385537,0.0007473157418655763,32.26428767447052,True,2.8337132166343143e-05,9,0.2310019143768121,0.00014168566083171572,4.9999999999999996e-06,2.425939835631538e-06,7.3008648944746304e-06,0.00014419979668279495,7.283661230477107e-05,-7.136318437802388e-05,-0.979770779006279,False,device spread,False,0.5007833087084578,0.4948218483979159,10
16,40,2.0,0.2,403.4,505.79,0.0001819675055325324,15,0.9674188992582861,0.00018809587622491738,0.0003639350110650648,0.000741253220202939,32.19945502780161,True,3.762188644960034e-05,9,0.23116058530718342,0.0001881094322480017,4.9999999999999996e-06,2.425939835631538e-06,7.3008648944746304e-06,0.00019060181103240732,7.278700221301296e-05,-0.00011781480881939436,-1.618624276826327,False,device spread,False,0.37727842212115653,0.3721524746219651,5
16,40,5.0,0.0,403.4,505.79,0.00017449688805764717,8,0.9277018271734496,0.0001880958762249177,0.0008724844402882359,0.0007314907541674352,32.448423097896736,True,0.0,0,0.0,0.0,4.9999999999999996e-06,2.424636613864708e-06,7.299182468574646e-06,7.424636613864708e-06,6.979875522305887e-05,6.237411860919416e-05,0.8936279509550352,True,absolute signal (comparator noise),True,13.474823721838833,13.3789439225229,7
16,40,5.0,0.05,403.4,505.79,0.00017442867474828802,6,0.9273391753666806,0.00018809587622491727,0.0008721433737414401,0.0007291156527447279,32.4235708129122,True,9.076479396940725e-06,9,0.22944218991241255,4.538239698470362e-05,4.9999999999999996e-06,2.424636613864708e-06,7.299182468574646e-06,4.8081639976735955e-05,6.977146989931521e-05,2.1689829922579256e-05,0.31086961409698116,True,device spread,True,1.4847998751012588,1.4708252294115787,10
16,40,5.0,0.1,403.4,505.79,0.0001743019318943465,6,0.9266653548848857,0.00018809587622491727,0.0008715096594717325,0.0007291734323650082,32.43057271890871,True,1.8118552280615305e-05,9,0.22928205916213784,9.059276140307652e-05,4.9999999999999996e-06,2.424636613864708e-06,7.299182468574646e-06,9.31552732182375e-05,6.97207727577386e-05,-2.343450046049891e-05,-0.3361193448318144,False,device spread,False,0.7472269330169617,0.7387572562310531,8
16,40,5.0,0.15,403.4,505.79,0.00017418270180726675,6,0.9260314755597634,0.00018809587622491727,0.0008709135090363338,0.0007292775357056067,32.43775626450633,True,2.7093217559538255e-05,9,0.22910156497710052,0.00013546608779769128,4.9999999999999996e-06,2.424636613864708e-06,7.299182468574646e-06,0.00013798296702262935,6.967308072290671e-05,-6.830988629972265e-05,-0.9804344172951738,False,device spread,False,0.5001478231672348,0.4935569842409558,8
16,40,5.0,0.2,403.4,505.79,0.00017407100971253908,6,0.9254376715010603,0.00018809587622491727,0.0008703550485626954,0.0007294267788316478,32.44510509346052,True,3.596932830602021e-05,9,0.22888699262522505,0.00017984664153010104,4.9999999999999996e-06,2.424636613864708e-06,7.299182468574646e-06,0.00018234076837990914,6.962840388501563e-05,-0.00011271236449489351,-1.6187699014475003,False,device spread,False,0.3768640068090909,0.37121493268336136,8
16,40,10.0,0.0,403.4,505.79,0.0001623398445784397,8,0.8630696633897494,0.0001880958762249177,0.0016233984457843969,0.0007053460303946796,32.759542013651455,True,0.0,0,0.0,0.0,4.9999999999999996e-06,2.4224670934058085e-06,7.2963802711413506e-06,7.422467093405808e-06,6.493593783137587e-05,5.7513470737970065e-05,0.8856955433110045,True,absolute signal (comparator noise),True,12.502694147594013,12.169952605127316,7
16,40,10.0,0.05,403.4,505.79,0.0001622810757343529,8,0.8627572224938282,0.0001880958762249177,0.0016228107573435292,0.0007053315599153401,32.7625087757704,True,8.442686417044557e-06,9,0.227607458368449,4.221343208522278e-05,4.9999999999999996e-06,2.4224670934058085e-06,7.2963802711413506e-06,4.49309821040918e-05,6.491243029374117e-05,1.9981448189649365e-05,0.3078216005660162,True,device spread,True,1.4791795956255294,1.4602840812439242,8
16,40,10.0,0.1,403.4,505.79,0.00016222761095724088,8,0.8624729803393214,0.0001880958762249177,0.0016222761095724088,0.0007053574456949217,32.76568964961498,True,1.685284822650717e-05,9,0.22696458063874683,8.426424113253586e-05,4.9999999999999996e-06,2.4224670934058085e-06,7.2963802711413506e-06,8.683492075779202e-05,6.489104438289635e-05,-2.194387637489567e-05,-0.3381649437696448,False,device spread,False,0.7449170516338993,0.7339845804255776,8
16,40,10.0,0.15,403.4,505.79,0.00016217970938365255,8,0.8622183146095366,0.0001880958762249177,0.0016217970938365255,0.0007054233071732823,32.769065735940494,True,2.5199652730197235e-05,9,0.22630999312314917,0.00012599826365098618,4.9999999999999996e-06,2.4224670934058085e-06,7.2963802711413506e-06,0.00012851989943468475,6.487188375346102e-05,-6.364801568122373e-05,-0.9811340753277881,False,device spread,False,0.4986732121213906,0.49043877532104463,8
16,40,10.0,0.2,403.4,505.79,0.00016209176117846016,6,0.8617507434593491,0.00018809587622491727,0.0016209176117846016,0.0007013406264807672,32.72336111847666,True,3.345401464856011e-05,9,0.2256321072261722,0.00016727007324280057,4.9999999999999996e-06,2.4224670934058085e-06,7.2963802711413506e-06,0.0001697672530971886,6.483670447138407e-05,-0.00010493054862580454,-1.618381894658388,False,device spread,False,0.37577340759974404,0.36889070406745444,8
16,40,20.0,0.0,403.4,505.79,0.00014158665921236348,8,0.7527366471504122,0.0001880958762249177,0.0028317331842472697,0.0006583598648832886,33.34882025772211,True,0.0,0,0.0,0.0,4.9999999999999996e-06,2.418137463114584e-06,7.290782786726789e-06,7.4181374631145835e-06,5.6634663684945394e-05,4.921652622183081e-05,0.8690177184704203,True,absolute signal (comparator noise),True,10.843305244366164,9.817129414423409,7
16,40,20.0,0.05,403.4,505.79,0.00014153509640892507,8,0.7524625167203715,0.0001880958762249177,0.002830701928178501,0.0006583441504442813,33.35177672066665,True,7.363318571985227e-06,9,0.22414609830193752,3.681659285992614e-05,4.9999999999999996e-06,2.418137463114584e-06,7.290782786726789e-06,3.9572699899154176e-05,5.661403856357003e-05,1.7041338664415855e-05,0.30100906235969543,True,device spread,True,1.4670000726578314,1.385886454493418,8
16,40,20.0,0.1,403.4,505.79,0.0001414864638196458,8,0.7522039645912375,0.0001880958762249177,0.002829729276392916,0.0006583580463824947,33.35494510925303,True,1.469757565013244e-05,9,0.22302316998307475,7.34878782506622e-05,4.9999999999999996e-06,2.418137463114584e-06,7.290782786726789e-06,7.607591539446512e-05,5.659458552785832e-05,-1.94813298666068e-05,-0.34422603655286493,False,device spread,False,0.7400084647028434,0.6981211392846493,8
16,40,20.0,0.15,403.4,505.79,0.00014144101873364966,8,0.7519623586245985,0.0001880958762249177,0.0028288203746729933,0.0006584013518089994,33.35830676368393,True,2.1975752481127395e-05,9,0.22190292847127166,0.00010987876240563698,4.9999999999999996e-06,2.418137463114584e-06,7.290782786726789e-06,0.00011241060278594669,5.657640749345987e-05,-5.583419529248682e-05,-0.9868812419548052,False,device spread,False,0.4955477054346096,0.46671756941427117,8
16,40,20.0,0.2,403.4,505.79,0.00014139891572275567,8,0.7517385205918942,0.0001880958762249177,0.0028279783144551135,0.0006584735758479118,33.36184544916966,True,2.917238202310754e-05,9,0.22077523806325128,0.0001458619101155377,4.9999999999999996e-06,2.418137463114584e-06,7.290782786726789e-06,0.00014836571991158544,5.655956628910227e-05,-9.180615362248316e-05,-1.6231764075632966,False,device spread,False,0.3734620968172566,0.3511371751067025,8
16,40,50.0,0.0,403.4,505.79,9.872384057071156e-05,8,0.5248591439222274,0.0001880958762249177,0.004936192028535577,0.0005489843003229967,34.90275765603597,True,0.0,0,0.0,0.0,4.9999999999999996e-06,2.405223386557436e-06,7.2740453971839895e-06,7.4052233865574355e-06,3.948953622828462e-05,3.208431284172719e-05,0.8124763141367712,True,absolute signal (comparator noise),True,7.416862568345438,4.0451424902057544,7
16,40,50.0,0.05,403.4,505.79,9.868816237217017e-05,8,0.5246694630038711,0.0001880958762249177,0.004934408118608508,0.000548968261424958,34.905643484274165,True,5.141791391120939e-06,9,0.2154002640693657,2.5708956955604696e-05,4.9999999999999996e-06,2.405223386557436e-06,7.2740453971839895e-06,2.8595879501766446e-05,3.947526494886807e-05,1.0879385447101627e-05,0.27560006148644195,True,device spread,True,1.4232433659434587,0.8393268109589946,8
16,40,50.0,0.1,403.4,505.79,9.865311839260179e-05,8,0.5244831538711473,0.0001880958762249177,0.004932655919630089,0.0005489636759244251,34.908655821944585,True,1.026258833084045e-05,9,0.21514657005704635,5.131294165420225e-05,4.9999999999999996e-06,2.405223386557436e-06,7.2740453971839895e-06,5.3961192790764785e-05,3.9461247357040714e-05,-1.449994543372407e-05,-0.36744772162243816,False,device spread,False,0.7230677965664957,0.4266769303499092,8
16,40,50.0,0.15,403.4,505.79,9.86189104427128e-05,8,0.5243012894380956,0.0001880958762249177,0.004930945522135639,0.0005489706205326835,34.91177805406227,True,1.5343615765621027e-05,9,0.21492114246463798,7.671807882810513e-05,4.9999999999999996e-06,2.405223386557436e-06,7.2740453971839895e-06,7.928606377657498e-05,3.944756417708512e-05,-3.983849959948986e-05,-1.0099102550578225,False,device spread,False,0.4848636312229148,0.2859426473698791,8
16,40,50.0,0.2,403.4,505.79,9.858568141910077e-05,8,0.524124629405569,0.0001880958762249177,0.004929284070955039,0.0005489890986825115,34.91499756223278,True,2.0367198882132934e-05,9,0.2147044919520864,0.00010183599441066467,4.9999999999999996e-06,2.405223386557436e-06,7.2740453971839895e-06,0.00010436389029432416,3.943427256764031e-05,-6.492961772668385e-05,-1.6465275887950568,False,device spread,False,0.3655815393801075,0.21544273383583637,8
16,60,1.0,0.0,403.4,336.8506,0.00022036621453496667,8,0.9819267915906696,0.00022442224453208474,0.00022036621453496667,0.0008967169685676309,32.19020753199559,True,0.0,0,0.0,0.0,4.9999999999999996e-06,2.4309716372614143e-06,7.307354898735633e-06,7.430971637261414e-06,8.814648581398667e-05,8.071551417672526e-05,0.9156974714460789,True,absolute signal (comparator noise),True,17.143102835345054,17.13567589272866,7
16,60,1.0,0.05,403.4,336.8506,0.00022020394351821146,15,0.9812037303937119,0.00022442224453208485,0.00022020394351821146,0.0008916205714267019,32.14709975370156,True,1.3606872216356737e-05,9,0.23324784790671974,6.803436108178369e-05,4.9999999999999996e-06,2.4309716372614143e-06,7.307354898735633e-06,7.064881598759634e-05,8.808157740728458e-05,1.7432761419688237e-05,0.1979160902066963,True,device spread,True,1.2633637433762774,1.2537151022678985,10
16,60,1.0,0.1,403.4,336.8506,0.000220088571644804,15,0.980689646446071,0.00022442224453208485,0.000220088571644804,0.0008920589581730302,32.155921338530355,True,2.7173667459286587e-05,9,0.23556593828636557,0.00013586833729643292,4.9999999999999996e-06,2.4309716372614143e-06,7.307354898735633e-06,0.0001383912786378609,8.80354286579216e-05,-5.035584997993931e-05,-0.57199528357619,False,device spread,False,0.6344992462092731,0.6278964319896568,10
16,60,1.0,0.15,403.4,336.8506,0.00022005500555439812,15,0.9805400797644087,0.00022442224453208485,0.00022005500555439812,0.0008928191777968003,32.16464517047589,True,4.066220420571762e-05,9,0.23772488596161498,0.0002033110210285881,4.9999999999999996e-06,2.4309716372614143e-06,7.307354898735633e-06,0.00020580346552885676,8.802200222175925e-05,-0.00011778146330709751,-1.3380911628249879,False,device spread,False,0.424301623880923,0.41912603855001584,5
16,60,1.0,0.2,403.4,336.8506,0.0002201012507623897,15,0.9807461431521446,0.00022442224453208485,0.0002201012507623897,0.0008938917653179416,32.17324851980179,True,5.4035569174985145e-05,9,0.2396880254757052,0.00027017784587492574,4.9999999999999996e-06,2.4309716372614143e-06,7.307354898735633e-06,0.0002726550793730723,8.804050030495589e-05,-0.00018461457906811642,-2.096927873292927,False,device spread,False,0.3194066830908907,0.31505442092326996,5
16,60,2.0,0.0,403.4,336.8506,0.0002164215936916159,8,0.9643500097009099,0.00022442224453208474,0.0004328431873832318,0.0008885909259841893,32.26802566524838,True,0.0,0,0.0,0.0,4.9999999999999996e-06,2.430535644638984e-06,7.30679292849706e-06,7.430535644638983e-06,8.656863747664637e-05,7.913810183200739e-05,0.9141659628564268,True,absolute signal (comparator noise),True,16.82762036640148,16.798996849335854,7
16,60,2.0,0.05,403.4,336.8506,0.0002162780915417053,6,0.963710580440188,0.00022442224453208485,0.0004325561830834106,0.0008872898193696085,32.26105939705493,True,1.336244533521299e-05,9,0.2326674675695498,6.681222667606495e-05,4.9999999999999996e-06,2.430535644638984e-06,7.30679292849706e-06,6.942959260377748e-05,8.651123661668212e-05,1.7081644012904645e-05,0.1974500039641181,True,device spread,True,1.2631127652218785,1.2527190757761406,10
16,60,2.0,0.1,403.4,336.8506,0.00021619135158954466,6,0.963324077077558,0.00022442224453208485,0.0004323827031790893,0.0008877656693114916,32.26920059587839,True,2.668497589602572e-05,9,0.23468976216643345,0.0001334248794801286,4.9999999999999996e-06,2.430535644638984e-06,7.30679292849706e-06,0.00013594906793243356,8.647654063581787e-05,-4.947252729661569e-05,-0.5720918868038597,False,device spread,False,0.6344278226784317,0.6274490577862287,10
16,60,2.0,0.15,403.4,336.8506,0.00021617996989070864,6,0.9632733615218886,0.00022442224453208485,0.0004323599397814173,0.0008885649075722914,32.277474109404245,True,3.992974032973367e-05,9,0.23655576619297944,0.00019964870164866836,4.9999999999999996e-06,2.430535644638984e-06,7.30679292849706e-06,0.00020214183745302186,8.647198795628347e-05,-0.0001156698494967384,-1.3376568786092453,False,device spread,False,0.4245967240955514,0.4188365020848836,8
16,60,2.0,0.2,403.4,336.8506,0.00021624184311797907,6,0.9635490615862892,0.00022442224453208485,0.00043248368623595814,0.0008896773452988778,32.28585594957422,True,5.306016585710826e-05,9,0.23823110986126533,0.0002653008292855413,4.9999999999999996e-06,2.430535644638984e-06,7.30679292849706e-06,0.0002677784770717319,8.649673724719163e-05,-0.00018128173982454024,-2.095821710667197,False,device spread,False,0.3197100511899756,0.3148407581593057,5
16,60,5.0,0.0,403.4,336.8506,0.00020521567351793177,8,0.9144177037610588,0.00022442224453208474,0.001026078367589659,0.0008650932308212902,32.49704772910979,True,0.0,0,0.0,0.0,4.9999999999999996e-06,2.429228425826187e-06,7.305107573505644e-06,7.429228425826187e-06,8.208626940717272e-05,7.465704098134653e-05,0.9094948707076093,True,absolute signal (comparator noise),True,15.931408196269308,15.770804099032096,7
16,60,5.0,0.05,403.4,336.8506,0.000205155977986815,8,0.914151707263068,0.00022442224453208474,0.001025779889934075,0.0008651958661146198,32.50060518883425,True,1.2668770543999639e-05,9,0.23097090913258722,6.334385271999819e-05,4.9999999999999996e-06,2.429228425826187e-06,7.305107573505644e-06,6.597011036346397e-05,8.206239119472601e-05,1.6092280831262048e-05,0.19609812237955193,True,device spread,True,1.2615310479979958,1.2485141047964177,8
16,60,5.0,0.1,403.4,336.8506,0.00020507539504286565,6,0.9137926388288428,0.00022442224453208485,0.0010253769752143283,0.000862336266791241,32.47526189090325,True,2.5298209915049224e-05,9,0.23220342696548235,0.00012649104957524612,4.9999999999999996e-06,2.429228425826187e-06,7.305107573505644e-06,0.0001290190606504064,8.203015801714627e-05,-4.698890263326013e-05,-0.5728247240903562,False,device spread,False,0.6334683570132067,0.6255009953662353,8
16,60,5.0,0.15,403.4,336.8506,0.00020505102634944166,6,0.9136840547021899,0.00022442224453208485,0.0010252551317472083,0.0008630807869318623,32.483790029111915,True,3.785148663016101e-05,9,0.23328843679246886,0.00018925743315080507,4.9999999999999996e-06,2.429228425826187e-06,7.305107573505644e-06,0.00019175269765991628,8.202041053977667e-05,-0.0001097322871201396,-1.3378656165945886,False,device spread,False,0.42385451342313385,0.4175617857241878,8
16,60,5.0,0.2,403.4,336.8506,0.0002050917415077979,6,0.9138654768176363,0.00022442224453208485,0.0010254587075389896,0.000864116772949791,32.49248524489386,True,5.029307091024853e-05,9,0.23419803854017393,0.0002514653545512427,4.9999999999999996e-06,2.429228425826187e-06,7.305107573505644e-06,0.0002539442867018312,8.203669660311917e-05,-0.00017190759009871203,-2.0954962500547083,False,device spread,False,0.31936228373814285,0.3138926271276416,8
16,60,10.0,0.0,403.4,336.8506,0.00018841612965948286,8,0.8395608467971889,0.00022442224453208474,0.0018841612965948286,0.0008286313504872462,32.86486563769506,True,0.0,0,0.0,0.0,4.9999999999999996e-06,2.427052254799821e-06,7.302300499454359e-06,7.42705225479982e-06,7.536645186379315e-05,6.793939960899333e-05,0.9014541341521233,True,absolute signal (comparator noise),True,14.587879921798667,14.045248437516276,7
16,60,10.0,0.05,403.4,336.8506,0.00018835864215819193,8,0.8393046890290016,0.00022442224453208474,0.0018835864215819191,0.0008287220932731138,32.868467320274625,True,1.163064435881805e-05,9,0.2282866953296705,5.8153221794090245e-05,4.9999999999999996e-06,2.427052254799821e-06,7.302300499454359e-06,6.0794827653838735e-05,7.534345686327677e-05,1.4548629209438035e-05,0.1930974475439711,True,device spread,True,1.2569806320948098,1.2376814087396268,8
16,60,10.0,0.1,403.4,336.8506,0.0001883551673868234,8,0.8392892058429395,0.00022442224453208474,0.001883551673868234,0.0008290886632590891,32.87246875002498,True,2.3223169349666588e-05,9,0.22848926195199235,0.00011611584674833294,4.9999999999999996e-06,2.427052254799821e-06,7.302300499454359e-06,0.00011865050025941867,7.534206695472936e-05,-4.3308433304689315e-05,-0.5748240664901318,False,device spread,False,0.6314773267135274,0.620524048076273,8
16,60,10.0,0.15,403.4,336.8506,0.00018840511507213191,8,0.8395117670485485,0.00022442224453208474,0.0018840511507213192,0.0008297259866449998,32.876840055847715,True,3.474249592287909e-05,9,0.2285592115033314,0.00017371247961439545,4.9999999999999996e-06,2.427052254799821e-06,7.302300499454359e-06,0.00017621147495655337,7.536204602885277e-05,-0.0001008494289277006,-1.3381991896702201,False,device spread,False,0.4225705560872891,0.4142782386893136,8
16,60,10.0,0.2,403.4,336.8506,0.00018850717879635544,8,0.8399665513968484,0.00022442224453208474,0.0018850717879635543,0.0008306256328230077,32.881548706973504,True,4.615486379947851e-05,9,0.2284780598978058,0.00023077431899739257,4.9999999999999996e-06,2.427052254799821e-06,7.302300499454359e-06,0.000233255530369417,7.540287151854218e-05,-0.00015785265885087484,-2.0934568627410637,False,device spread,False,0.318414864867753,0.31143616440697197,8
16,60,20.0,0.0,403.4,336.8506,0.0001605425079290137,8,0.7153591581963774,0.00022442224453208474,0.003210850158580274,0.0007643594925377063,33.55415240724045,True,0.0,0,0.0,0.0,4.9999999999999996e-06,2.422709365139516e-06,7.296693281263512e-06,7.422709365139516e-06,6.421700317160547e-05,5.679429380646596e-05,0.8844120871647654,True,absolute signal (comparator noise),True,12.358858761293192,10.757055952673205,7
16,60,20.0,0.05,403.4,336.8506,0.0001604899150779555,8,0.7151248104330001,0.00022442224453208474,0.00320979830155911,0.0007644315154992451,33.55781672644727,True,9.91236925374771e-06,9,0.22341893732631726,4.956184626873855e-05,4.9999999999999996e-06,2.422709365139516e-06,7.296693281263512e-06,5.223612729210045e-05,6.41959660311822e-05,1.1959838739081753e-05,0.18630202921586142,True,device spread,True,1.2471871374990435,1.1438856784631535,8
16,60,20.0,0.1,403.4,336.8506,0.00016047448300067095,8,0.7150560468515792,0.00022442224453208474,0.003209489660013419,0.0007647288903948107,33.562030246905906,True,1.97895052289388e-05,9,0.2223991289019092,9.8947526144694e-05,4.9999999999999996e-06,2.422709365139516e-06,7.296693281263512e-06,0.00010149648455390934,6.418979320026838e-05,-3.730669135364096e-05,-0.5811935121405716,False,device spread,False,0.627240377380107,0.5742018794592594,8
16,60,20.0,0.15,403.4,336.8506,0.00016049587260796896,8,0.7151513565092408,0.00022442224453208474,0.003209917452159379,0.0007652474290206877,33.56676021669494,True,2.9599811663056823e-05,9,0.22127517638591135,0.0001479990583152841,4.9999999999999996e-06,2.422709365139516e-06,7.296693281263512e-06,0.00015050620359123774,6.419834904318758e-05,-8.630785454805016e-05,-1.3443936773200982,False,device spread,False,0.4198382600171884,0.3835587923221413,8
16,60,20.0,0.2,403.4,336.8506,0.00016055322834769364,8,0.7154069271628731,0.00022442224453208474,0.0032110645669538728,0.0007659801600628498,33.57196956649407,True,3.9312991197006416e-05,9,0.22004271827424465,0.0001965649559850321,4.9999999999999996e-06,2.422709365139516e-06,7.296693281263512e-06,0.0001990512472771059,6.422129133907746e-05,-0.00013482995593802843,-2.099458810726014,False,device spread,False,0.3163938099298034,0.28847062013675456,8
16,60,50.0,0.0,403.4,336.8506,0.00010620447790315817,8,0.47323507580361335,0.00022442224453208474,0.005310223895157909,0.0006205939866838497,35.3332946963515,True,0.0,0,0.0,0.0,4.9999999999999996e-06,2.4097558417783636e-06,7.279926845190341e-06,7.409755841778363e-06,4.248179116126327e-05,3.5072035319484905e-05,0.8255780738234291,True,absolute signal (comparator noise),True,8.014407063896982,3.1868094361856794,7
16,60,50.0,0.05,403.4,336.8506,0.00010616564290803655,8,0.47306203148172543,0.00022442224453208474,0.005308282145401828,0.0006206336162054609,35.3370260219865,True,6.572740581604806e-06,9,0.21213627708577615,3.286370290802403e-05,4.9999999999999996e-06,2.4097558417783636e-06,7.279926845190341e-06,3.565164160096578e-05,4.246625716321462e-05,6.814615562248844e-06,0.16047130162796266,True,device spread,True,1.212120609601357,0.5218348350854779,8
16,60,50.0,0.1,403.4,336.8506,0.00010614056027081439,8,0.47295026610269864,0.00022442224453208474,0.005307028013540719,0.0006208076573953564,35.34151378727445,True,1.3118903529897983e-05,9,0.21123152127144706,6.559451764948992e-05,4.9999999999999996e-06,2.4097558417783636e-06,7.279926845190341e-06,6.819456218541097e-05,4.245622410832576e-05,-2.573833807708521e-05,-0.6062323868324848,False,device spread,False,0.6125974951461199,0.2639623967943942,8
16,60,50.0,0.15,403.4,336.8506,0.00010612922678212293,8,0.4728997653659509,0.00022442224453208474,0.005306461339106147,0.0006211135808451737,35.34672050403617,True,1.9615635954401415e-05,9,0.2102863466935186,9.807817977200707e-05,4.9999999999999996e-06,2.4097558417783636e-06,7.279926845190341e-06,0.00010061530226045137,4.245169071284918e-05,-5.816361154760219e-05,-1.3701129583043288,False,device spread,False,0.41044068335216166,0.17667166907801204,8
16,60,50.0,0.2,403.4,336.8506,0.00010613141905322443,8,0.47290953387667084,0.00022442224453208474,0.005306570952661222,0.0006215471550636241,35.35260223702864,True,2.6041164847604233e-05,9,0.20931201861760942,0.00013020582423802117,4.9999999999999996e-06,2.4097558417783636e-06,7.279926845190341e-06,0.00013271154656432547,4.2452567621289773e-05,-9.02589789430357e-05,-2.126113542724121,False,device spread,False,0.3094316031777347,0.13294036865462047,8
16,100,1.0,0.0,403.4,202.0276,0.00025985107924371095,8,0.9785343020869554,0.00026555132373951246,0.00025985107924371095,0.0010578857163499272,32.194284567404445,True,0.0,0,0.0,0.0,4.9999999999999996e-06,2.4346505349917037e-06,7.312093988391926e-06,7.434650534991703e-06,0.00010394043169748438,9.650578116249268e-05,0.9284720063831364,True,absolute signal (comparator noise),True,20.30115623249854,20.288622277782665,7
16,100,1.0,0.05,403.4,202.0276,0.00025968211200080404,6,0.9778980136266733,0.00026555132373951365,0.00025968211200080404,0.0010572557894309536,32.19476074712694,True,1.8895044966793802e-05,9,0.2355689652813395,9.447522483396901e-05,4.9999999999999996e-06,2.4346505349917037e-06,7.312093988391926e-06,9.704209267052877e-05,0.00010387284480032163,6.830752129792855e-06,0.06576071102051596,True,device spread,True,1.0792854743529814,1.07027348136544,10
16,100,1.0,0.1,403.4,202.0276,0.00025968998859155824,15,0.9779276749013563,0.0002655513237395119,0.00025968998859155824,0.0010521325507687179,32.15230499336656,True,3.777686866259857e-05,9,0.23984963884005858,0.00018888434331299284,4.9999999999999996e-06,2.4346505349917037e-06,7.312093988391926e-06,0.00019138516032202706,0.0001038759954366233,-8.750916488540376e-05,-0.8424387609242672,False,device spread,False,0.5412840178821652,0.534984601969156,5
16,100,1.0,0.15,403.4,202.0276,0.00025990718812381837,15,0.9787455941239063,0.0002655513237395119,0.00025990718812381837,0.0010541721872484588,32.161865261764184,True,5.663432623726769e-05,9,0.24374065239019138,0.00028317163118633847,4.9999999999999996e-06,2.4346505349917037e-06,7.312093988391926e-06,0.00028565042112118575,0.00010396287524952735,-0.0001816875458716584,-1.7476194789301427,False,device spread,False,0.36142883120918107,0.3565592502160814,5
16,100,1.0,0.2,403.4,202.0276,0.00026033698705897027,15,0.9803641096300595,0.0002655513237395119,0.00026033698705897027,0.0010570298041751463,32.17102717128304,True,7.545371319200179e-05,9,0.24720633085359991,0.00037726856596000894,4.9999999999999996e-06,2.4346505349917037e-06,7.312093988391926e-06,0.0003797363479357874,0.0001041347948235881,-0.0002756015531121993,-2.6465846845820202,False,device spread,False,0.27175391376926994,0.26755385624260314,5
16,100,2.0,0.0,403.4,202.0276,0.00025433832849547247,8,0.957774658826257,0.00026555132373951246,0.0005086766569909449,0.0010465126264079592,32.28665319552356,True,0.0,0,0.0,0.0,4.9999999999999996e-06,2.4342134739329183e-06,7.31153123656892e-06,7.434213473932918e-06,0.00010173533139818899,9.430111792425607e-05,0.9269259423273942,True,absolute signal (comparator noise),True,19.860223584851216,19.812294740866708,7
16,100,2.0,0.05,403.4,202.0276,0.00025419375953956806,6,0.9572302482246839,0.00026555132373951365,0.0005083875190791361,0.0010448961329111131,32.27816474947352,True,1.8492595748178557e-05,9,0.23471635261084467,9.246297874089279e-05,4.9999999999999996e-06,2.4342134739329183e-06,7.31153123656892e-06,9.503228277150948e-05,0.00010167750381582723,6.645221044317753e-06,0.06535586334175279,True,device spread,True,1.0791988795004015,1.069366774152104,10
16,100,2.0,0.1,403.4,202.0276,0.00025421976391900864,6,0.9573281742266123,0.00026555132373951365,0.0005084395278380173,0.0010461560715999986,32.287743376882844,True,3.6970614253971736e-05,9,0.23848304596955408,0.00018485307126985868,4.9999999999999996e-06,2.4342134739329183e-06,7.31153123656892e-06,0.00018735489365302876,0.00010168790556760347,-8.566698808542529e-05,-0.8424501184014724,False,device spread,False,0.5411976980231883,0.5345616531292189,8
16,100,2.0,0.15,403.4,202.0276,0.000254446465910372,6,0.9581818773382026,0.00026555132373951365,0.000508892931820744,0.0010482598252950324,32.29745037048901,True,5.542189080594746e-05,9,0.24186011837774843,0.0002771094540297373,4.9999999999999996e-06,2.4342134739329183e-06,7.31153123656892e-06,0.00027958877236239696,0.0001017785863641488,-0.00017781018599824814,-1.7470294327145541,False,device spread,False,0.36173186608262375,0.35628415405168357,8
16,100,2.0,0.2,403.4,202.0276,0.00025486900759785183,6,0.9597730638611299,0.00026555132373951365,0.0005097380151957037,0.001051186481342999,32.30725478305165,True,7.383182136783969e-05,9,0.24481554113015297,0.00036915910683919844,4.9999999999999996e-06,2.4342134739329183e-06,7.31153123656892e-06,0.000371627179498903,0.00010194760303914074,-0.0002696795764597623,-2.645276283310204,False,device spread,False,0.272093108829684,0.2673509653213864,5
16,100,5.0,0.0,403.4,202.0276,0.000238843069380187,8,0.8994233808243999,0.00026555132373951246,0.001194215346900935,0.001013861243582652,32.55731756227961,True,0.0,0,0.0,0.0,4.9999999999999996e-06,2.4329030525096357e-06,7.309843538074075e-06,7.432903052509635e-06,9.553722775207481e-05,8.810432469956518e-05,0.9221988828082965,True,absolute signal (comparator noise),True,18.620864939913037,18.35770646286334,7
16,100,5.0,0.05,403.4,202.0276,0.00023880265463192783,8,0.8992711889705237,0.00026555132373951246,0.001194013273159639,0.0010141889670759166,32.561594628977524,True,1.736277719172979e-05,9,0.23225811779172864,8.681388595864896e-05,4.9999999999999996e-06,2.4329030525096357e-06,7.309843538074075e-06,8.939065598599629e-05,9.552106185277114e-05,6.130405866774851e-06,0.06417857745576352,True,device spread,True,1.0775408485232931,1.0652228658643619,8
16,100,5.0,0.1,403.4,202.0276,0.00023884847691477487,6,0.89944374424986,0.00026555132373951365,0.0011942423845738744,0.001010816883412981,32.53100021981829,True,3.47075559552426e-05,9,0.23465526400094439,0.000173537779776213,4.9999999999999996e-06,2.4329030525096357e-06,7.309843538074075e-06,0.0001760426983108919,9.553939076590995e-05,-8.050330754498194e-05,-0.8426190171364046,False,device spread,False,0.5402220365716943,0.5325802513319415,8
16,100,5.0,0.15,403.4,202.0276,0.0002390259012009728,6,0.9001118798241792,0.00026555132373951365,0.001195129506004864,0.0010127637029380013,32.541263274257595,True,5.201960700458487e-05,9,0.23666531770825672,0.00026009803502292434,4.9999999999999996e-06,2.4329030525096357e-06,7.309843538074075e-06,0.0002625789924384283,9.561036048038912e-05,-0.00016696863195803915,-1.7463445501001589,False,device spread,False,0.36110607502944053,0.354980376057365,8
16,100,5.0,0.2,403.4,202.0276,0.00023937473321449654,6,0.9014254941139197,0.00026555132373951365,0.0011968736660724827,0.0010154710208296785,32.551784537607745,True,6.928209173310651e-05,9,0.2382670202668257,0.00034641045866553254,4.9999999999999996e-06,2.4329030525096357e-06,7.309843538074075e-06,0.0003488794441997184,9.574989328579862e-05,-0.0002531295509139198,-2.6436536086611317,False,device spread,False,0.2717801092771378,0.26637978889988057,8
16,100,10.0,0.0,403.4,202.0276,0.00021606785940427487,8,0.8136576250556466,0.00026555132373951246,0.0021606785940427487,0.0009638705549981346,32.988570879251306,True,0.0,0,0.0,0.0,4.9999999999999996e-06,2.4307215527631654e-06,7.307032562350619e-06,7.430721552763165e-06,8.642714376170995e-05,7.899642220894679e-05,0.914023289104051,True,absolute signal (comparator noise),True,16.799284441789357,15.937353094275384,7
16,100,10.0,0.05,403.4,202.0276,0.00021602335635631287,8,0.8134900376855846,0.00026555132373951246,0.0021602335635631286,0.000964160944662239,32.99297652149928,True,1.5705579547289705e-05,9,0.2284684341140403,7.852789773644852e-05,4.9999999999999996e-06,2.4307215527631654e-06,7.307032562350619e-06,8.111763738319915e-05,8.640934254252515e-05,5.2917051593260055e-06,0.061239965536385915,True,device spread,True,1.0737963538613498,1.0485898238846394,8
16,100,10.0,0.1,403.4,202.0276,0.0002161174015817144,8,0.8138441885294863,0.00026555132373951246,0.002161174015817144,0.0009651585513960398,32.99817851242215,True,3.138916847261673e-05,9,0.22907714731877057,0.00015694584236308366,4.9999999999999996e-06,2.4307215527631654e-06,7.307032562350619e-06,0.00015945618902558396,8.644696063268576e-05,-7.30092283928982e-05,-0.8445551799457166,False,device spread,False,0.5385230389996054,0.5248358424583087,8
16,100,10.0,0.15,403.4,202.0276,0.00021634815090204856,8,0.8147131328717125,0.00026555132373951246,0.0021634815090204856,0.0009668524551188702,33.00414033340681,True,4.703306785574273e-05,9,0.22930866020762444,0.00023516533927871365,4.9999999999999996e-06,2.4307215527631654e-06,7.307032562350619e-06,0.00023764920891732494,8.653926036081943e-05,-0.0001511099485565055,-1.746143287179288,False,device spread,False,0.36001249209792435,0.35019124250477807,8
16,100,10.0,0.2,403.4,202.0276,0.00021671235018713757,8,0.816084616470289,0.00026555132373951246,0.0021671235018713756,0.000969224652997839,33.01081580526777,True,6.26179290498539e-05,9,0.22915866746928087,0.0003130896452492695,4.9999999999999996e-06,2.4307215527631654e-06,7.307032562350619e-06,0.0003155602889243441,8.668494007485504e-05,-0.00022887534884948903,-2.6403127077419484,False,device spread,False,0.2709822835907114,0.2631164738953741,8
16,100,20.0,0.0,403.4,202.0276,0.0001794713885181847,8,0.6758444506728717,0.00026555132373951246,0.003589427770363694,0.0008776605716622626,33.78662731116333,True,0.0,0,0.0,0.0,4.9999999999999996e-06,2.426368039174908e-06,7.301417556402571e-06,7.426368039174908e-06,7.178855540727388e-05,6.436218736809897e-05,0.8965522011545807,True,absolute signal (comparator noise),True,13.872437473619796,11.448982596618409,7
16,100,20.0,0.05,403.4,202.0276,0.0001794238231953843,8,0.6756653315401534,0.00026555132373951246,0.003588476463907686,0.0008778929438598978,33.7912290379174,True,1.3049923792303196e-05,9,0.22188829107208122,6.524961896151598e-05,4.9999999999999996e-06,2.426368039174908e-06,7.301417556402571e-06,6.786727859689121e-05,7.176952927815372e-05,3.902250681262509e-06,0.05437196983888167,True,device spread,True,1.065702829972324,0.9333124867435186,8
16,100,20.0,0.1,403.4,202.0276,0.00017946765849918077,8,0.6758304043523661,0.00026555132373951246,0.0035893531699836153,0.0008786963296084981,33.79705231353484,True,2.6073997023254564e-05,9,0.22030929069683117,0.00013036998511627282,4.9999999999999996e-06,2.426368039174908e-06,7.301417556402571e-06,0.00013289219888854784,7.178706339967231e-05,-6.110513548887554e-05,-0.851199820623314,False,device spread,False,0.5348746120175324,0.4681301238886738,8
16,100,20.0,0.15,403.4,202.0276,0.00017960166291003038,8,0.6763350315143118,0.00026555132373951246,0.0035920332582006077,0.0008800614804271058,33.8040531852598,True,3.905171185379454e-05,9,0.2183830132107515,0.0001952585592689727,4.9999999999999996e-06,2.426368039174908e-06,7.301417556402571e-06,0.00019774893449731596,7.184066516401216e-05,-0.0001259082693333038,-1.752604448272512,False,device spread,False,0.3576549948061276,0.31276204453881634,8
16,100,20.0,0.2,403.4,202.0276,0.00017982359545319239,8,0.6771707740744947,0.00026555132373951246,0.0035964719090638476,0.0008819731435964897,33.81217368125119,True,5.1961571200775047e-05,9,0.216133828959407,0.00025980785600387523,4.9999999999999996e-06,2.426368039174908e-06,7.301417556402571e-06,0.0002622823320679622,7.192943818127696e-05,-0.00019035289388668524,-2.6463837157598373,False,device spread,False,0.2692505247196849,0.23524808239115724,8
16,100,50.0,0.0,403.4,202.0276,0.00011240284949095235,8,0.42328107391101466,0.00026555132373951246,0.005620142474547618,0.000692945015960485,35.79842908778229,True,0.0,0,0.0,0.0,4.9999999999999996e-06,2.4133829098543693e-06,7.284627881038374e-06,7.413382909854369e-06,4.4961139796380945e-05,3.7547756886526576e-05,0.8351157701199761,True,absolute signal (comparator noise),True,8.509551377305316,1.8341108567962368,7
16,100,50.0,0.05,403.4,202.0276,0.00011236092994199604,8,0.4231232153533317,0.00026555132373951246,0.005618046497099802,0.0006930783150592597,35.80333971962068,True,8.197088093058787e-06,9,0.2079664076398405,4.098544046529393e-05,4.9999999999999996e-06,2.4133829098543693e-06,7.284627881038374e-06,4.370268334149348e-05,4.494437197679842e-05,1.2416886353049385e-06,0.027627232970257855,True,device spread,True,1.0366051592669687,0.23803756746545823,8
16,100,50.0,0.1,403.4,202.0276,0.0001123482325452638,8,0.4230754001266801,0.00026555132373951246,0.005617411627263189,0.0006935464713397706,35.810186438603566,True,1.6369339710407176e-05,9,0.20568348323895658,8.184669855203588e-05,4.9999999999999996e-06,2.4133829098543693e-06,7.284627881038374e-06,8.441266378394395e-05,4.493929301810552e-05,-3.9473370765838434e-05,-0.878370978153463,False,device spread,False,0.5221045536909346,0.1193001140914531,8
16,100,50.0,0.15,403.4,202.0276,0.00011236445319186664,8,0.4231364830328936,0.00026555132373951246,0.005618222659593332,0.0006943435878102503,35.81890973006953,True,2.4497279385644823e-05,9,0.20513929746400938,0.00012248639692822411,4.9999999999999996e-06,2.4133829098543693e-06,7.284627881038374e-06,0.0001250017895087594,4.494578127674666e-05,-8.005600823201276e-05,-1.7811684647126356,False,device spread,False,0.349393214549627,0.07905544548784771,8
16,100,50.0,0.2,403.4,202.0276,0.0001124089033414222,8,0.42330387120076113,0.00026555132373951246,0.0056204451670711095,0.0006954599284306588,35.82942801305536,True,3.256132507256711e-05,9,0.20629871013322532,0.00016280662536283556,4.9999999999999996e-06,2.4133829098543693e-06,7.284627881038374e-06,0.00016529676837944327,4.4963561336568885e-05,-0.00012033320704287438,-2.676238346472065,False,device spread,False,0.2631353450130575,0.05870197077709129,8
32,20,1.0,0.0,403.4,1016.0459,0.00012386983852634198,17,0.9797464529174571,0.00012643050470607616,0.00012386983852634198,0.0010155455064669982,38.27467634798053,True,0.0,0,0.0,0.0,4.9999999999999996e-06,4.824287826587278e-06,1.456604514929417e-05,9.824287826587277e-06,4.9547935410536794e-05,3.972364758394952e-05,0.801721550147616,True,absolute signal (comparator noise),True,8.944729516789904,8.933422014738344,16
32,20,1.0,0.05,403.4,1016.0459,0.00012373222711679639,27,0.9786580177343038,0.00012643050470607649,0.00012373222711679639,0.0010111659878788825,38.24679245894345,True,6.1586978328345305e-06,0,0.1273529284019506,3.079348916417265e-05,4.9999999999999996e-06,4.824287826587278e-06,1.456604514929417e-05,3.6021066104223874e-05,4.949289084671856e-05,1.3471824742494683e-05,0.2721971683613604,True,device spread,True,1.4377193738601088,1.4335126673120484,1
32,20,1.0,0.1,403.4,1016.0459,0.0001235455055892576,27,0.9771811468796563,0.00012643050470607649,0.0001235455055892576,0.001010828355613613,38.2570093035887,True,1.23039539189785e-05,0,0.11585846514354878,6.15197695948925e-05,4.9999999999999996e-06,4.824287826587278e-06,1.456604514929417e-05,6.654690970065108e-05,4.9418202235703044e-05,-1.7128707464948037e-05,-0.34660725582957574,False,device spread,False,0.7259686663876846,0.7242099040643736,1
32,20,1.0,0.15,403.4,1016.0459,0.00012332673762824515,27,0.9754508052859006,0.00012643050470607649,0.00012332673762824515,0.0010102665501650356,38.26757461099065,True,1.8421424763278555e-05,0,0.1122528064871374,9.210712381639277e-05,4.9999999999999996e-06,4.824287826587278e-06,1.456604514929417e-05,9.706702335480278e-05,4.933069505129806e-05,-4.7736328303504714e-05,-0.9676800266824662,False,device spread,False,0.48513382334367516,0.48422595537091506,1
32,20,1.0,0.2,403.4,1016.0459,0.00012307720671045374,27,0.9734771445908689,0.00012643050470607649,0.00012307720671045374,0.0010094885959080484,38.2784757187325,True,2.449707460342549e-05,0,0.11487589041813277,0.00012248537301712744,4.9999999999999996e-06,4.824287826587278e-06,1.456604514929417e-05,0.00012741167136643143,4.92308826841815e-05,-7.818078868224993e-05,-1.5880436104260711,False,device spread,False,0.3644657048479147,0.3632667398578372,1
32,20,2.0,0.0,403.4,1016.0459,0.00012138655796700292,16,0.9601049861281552,0.00012643050470607616,0.00024277311593400583,0.0010052912760388374,38.362426339781614,True,0.0,0,0.0,0.0,4.9999999999999996e-06,4.822565903282597e-06,1.4563813461057834e-05,9.822565903282597e-06,4.855462318680117e-05,3.8732057283518574e-05,0.7977007078091647,True,absolute signal (comparator noise),True,8.746411456703715,8.702972482690669,15
32,20,2.0,0.05,403.4,1016.0459,0.00012129789727174066,27,0.9594037258154745,0.00012643050470607649,0.00024259579454348132,0.0009968979441007148,38.29594856045689,True,5.945153509763694e-06,9,0.1268750904012307,2.9725767548818473e-05,4.9999999999999996e-06,4.822565903282597e-06,1.4563813461057834e-05,3.496591104555885e-05,4.851915890869627e-05,1.3553247863137415e-05,0.27933806290092583,True,device spread,True,1.4510526580093643,1.446533349883923,7
32,20,2.0,0.1,403.4,1016.0459,0.00012111546639656545,27,0.9579607918052107,0.00012643050470607649,0.0002422309327931309,0.0009965685125142756,38.30615110416045,True,1.1877833456372728e-05,9,0.11498508658012575,5.938916728186364e-05,4.9999999999999996e-06,4.822565903282597e-06,1.4563813461057834e-05,6.442183763065509e-05,4.844618655862618e-05,-1.5975651072028906e-05,-0.3297607553217072,False,device spread,False,0.7330141212211927,0.7325508548923817,7
32,20,2.0,0.15,403.4,1016.0459,0.00012090206824306613,27,0.9562729226157661,0.00012643050470607649,0.00024180413648613227,0.0009960210283594122,38.3166955441368,True,1.778433899655367e-05,9,0.1120550194528413,8.892169498276834e-05,4.9999999999999996e-06,4.822565903282597e-06,1.4563813461057834e-05,9.388472306674058e-05,4.8360827297226457e-05,-4.5523895769514124e-05,-0.9413382341398648,False,device spread,False,0.48978475074857086,0.4884715638611214,7
32,20,2.0,0.2,403.4,1016.0459,0.00012065894349489034,27,0.9543499314140699,0.00012643050470607649,0.00024131788698978068,0.000995263303724875,38.32756946535477,True,2.3651162801918577e-05,9,0.11468689207156665,0.00011825581400959288,4.9999999999999996e-06,4.822565903282597e-06,1.4563813461057834e-05,0.0001231840357618114,4.826357739795614e-05,-7.492045836385527e-05,-1.552318796141042,False,device spread,False,0.36788124634969005,0.36594942919896734,7
32,20,5.0,0.0,403.4,1016.0459,0.00011437074544650241,17,0.9046135322514918,0.00012643050470607616,0.000571853727232512,0.0009757408281077254,38.62039051741458,True,0.0,0,0.0,0.0,4.9999999999999996e-06,4.817406092120927e-06,1.455712278909671e-05,9.817406092120927e-06,4.574829817860097e-05,3.593089208648004e-05,0.7854039060908046,True,absolute signal (comparator noise),True,8.18617841729601,7.9447291673757485,16
32,20,5.0,0.05,403.4,1016.0459,0.00011430420580814743,18,0.904087238075017,0.0001264305047060768,0.0005715210290407371,0.000975196880536208,38.620601857844534,True,5.580695385907078e-06,18,0.12551833563929635,2.790347692953539e-05,4.9999999999999996e-06,4.817406092120927e-06,1.455712278909671e-05,3.3165316504655985e-05,4.5721682323258974e-05,1.255636581860299e-05,0.27462606755866176,True,device spread,True,1.4529849326502478,1.4159915571286557,17
32,20,5.0,0.1,403.4,1016.0459,0.00011420214972197317,18,0.9032800271379768,0.0001264305047060768,0.0005710107486098659,0.0009747812410952022,38.62465767723509,True,1.1148346890400845e-05,18,0.11253041966822855,5.5741734452004226e-05,4.9999999999999996e-06,4.817406092120927e-06,1.455712278909671e-05,6.078293976882015e-05,4.568085988878927e-05,-1.5102079880030879e-05,-0.3305997285689699,False,device spread,False,0.7352846926096898,0.7178790032498887,17
32,20,5.0,0.15,403.4,1016.0459,0.0001140716183042482,18,0.9022475910338228,0.0001264305047060768,0.000570358091521241,0.0009741544525349844,38.629004341383116,True,1.669001774747741e-05,18,0.11136490540032107,8.345008873738704e-05,4.9999999999999996e-06,4.817406092120927e-06,1.455712278909671e-05,8.841715077042584e-05,4.5628647321699286e-05,-4.278850344872655e-05,-0.9377552472036123,False,device spread,False,0.49156880980333256,0.4808272780215217,17
32,20,5.0,0.2,403.4,1016.0459,0.00011391370430315083,18,0.9009985728363198,0.0001264305047060768,0.0005695685215157541,0.0009733242368766122,38.633631264785436,True,2.219303360880919e-05,18,0.11399184578924164,0.00011096516804404594,4.9999999999999996e-06,4.817406092120927e-06,1.455712278909671e-05,0.00011589516497770232,4.5565481721260336e-05,-7.032968325644198e-05,-1.5434860029939494,False,device spread,False,0.36935973786761156,0.3619535241873364,17
32,20,10.0,0.0,403.4,1016.0459,0.00010396396654264626,17,0.8223012854717318,0.00012643050470607616,0.0010396396654264626,0.0009301875077841954,39.03375323858302,True,0.0,0,0.0,0.0,4.9999999999999996e-06,4.808826219705308e-06,1.4545986288370776e-05,9.808826219705308e-06,4.158558661705851e-05,3.17767603973532e-05,0.7641291847093554,True,absolute signal (comparator noise),True,7.355352079470641,6.551596136606283,16
32,20,10.0,0.05,403.4,1016.0459,0.00010392018381002752,18,0.8219549866673328,0.0001264305047060768,0.0010392018381002752,0.0009294074466245537,39.03012483188489,True,5.072353538926334e-06,18,0.12346761200122518,2.5361767694631667e-05,4.9999999999999996e-06,4.808826219705308e-06,1.4545986288370776e-05,3.065876356192071e-05,4.156807352401101e-05,1.0909309962090296e-05,0.26244444443134324,True,device spread,True,1.431470136119231,1.3085731200524524,17
32,20,10.0,0.1,403.4,1016.0459,0.00010383119831055782,18,0.8212511573211115,0.0001264305047060768,0.0010383119831055782,0.0009290260688373748,39.03400068851348,True,1.0133509049657562e-05,18,0.10890158535894735,5.066754524828781e-05,4.9999999999999996e-06,4.808826219705308e-06,1.4545986288370776e-05,5.5722480002234926e-05,4.153247932422313e-05,-1.4190000678011796e-05,-0.3416603320798071,False,device spread,False,0.7261504974935273,0.6654993717797052,17
32,20,10.0,0.15,403.4,1016.0459,0.00010371827626585804,18,0.8203580022636173,0.0001264305047060768,0.0010371827626585804,0.0009284511452087256,39.038075315921965,True,1.5172075898523067e-05,18,0.10995211152267631,7.586037949261533e-05,4.9999999999999996e-06,4.808826219705308e-06,1.4545986288370776e-05,8.08338035413962e-05,4.148731050634322e-05,-3.934649303505298e-05,-0.9483982585238223,False,device spread,False,0.4856704590554555,0.4460907656452963,17
32,20,10.0,0.2,403.4,1016.0459,0.00010358232964387417,18,0.8192827346903373,0.0001264305047060768,0.0010358232964387416,0.0009276897148009077,39.04234134495832,True,2.017686658415452e-05,18,0.11248343873140156,0.0001008843329207726,4.9999999999999996e-06,4.808826219705308e-06,1.4545986288370776e-05,0.00010581698741903258,4.143293185754967e-05,-6.438405556148292e-05,-1.5539343385797892,False,device spread,False,0.36497155815253934,0.335946521944372,17
32,20,20.0,0.0,403.4,1016.0459,8.701028072575134e-05,17,0.6882063860144481,0.00012643050470607616,0.0017402056145150268,0.0008507952517833233,39.805089752633776,True,0.0,0,0.0,0.0,4.9999999999999996e-06,4.7917404026505146e-06,1.4523767934952617e-05,9.791740402650514e-06,3.480411229030054e-05,2.5012371887650026e-05,0.7186613949243191,True,absolute signal (comparator noise),True,6.002474377530006,3.692756235500932,16
32,20,20.0,0.05,403.4,1016.0459,8.699005170584117e-05,17,0.6880463849137864,0.00012643050470607616,0.0017398010341168233,0.0008506370641934037,39.805494260130445,True,4.247126471490117e-06,18,0.1199045892291492,2.1235632357450585e-05,4.9999999999999996e-06,4.7917404026505146e-06,1.4523767934952617e-05,2.6608066436627965e-05,3.479602068233647e-05,8.187954245708504e-06,0.23531294915757311,True,device spread,True,1.3844003511055483,0.9000239676768272,17
32,20,20.0,0.1,403.4,1016.0459,8.694801976166136e-05,18,0.6877139339417844,0.0001264305047060768,0.0017389603952332273,0.0008494011316448694,39.79706279701472,True,8.485867188983175e-06,18,0.10433736465085115,4.242933594491588e-05,4.9999999999999996e-06,4.7917404026505146e-06,1.4523767934952617e-05,4.751466807300722e-05,3.477920790466455e-05,-1.2735460168342673e-05,-0.3661802822897128,False,device spread,False,0.7064063595664055,0.46173371564529386,17
32,20,20.0,0.15,403.4,1016.0459,8.686222529742641e-05,18,0.6870353440363307,0.0001264305047060768,0.001737244505948528,0.0008489123705626708,39.800638220920376,True,1.2707240773988145e-05,18,0.10648434317571037,6.353620386994073e-05,4.9999999999999996e-06,4.7917404026505146e-06,1.4523767934952617e-05,6.852437884013144e-05,3.474489011897057e-05,-3.377948872116087e-05,-0.9722145790502128,False,device spread,False,0.47297215790592256,0.31029461594822894,17
32,20,20.0,0.2,403.4,1016.0459,8.675999179394187e-05,18,0.6862267298199893,0.0001264305047060768,0.0017351998358788373,0.0008482651753266721,39.80424271159078,True,1.6902384057952316e-05,18,0.1085945535164087,8.451192028976158e-05,4.9999999999999996e-06,4.7917404026505146e-06,1.4523767934952617e-05,8.945143961699344e-05,3.470399671757675e-05,-5.474744289941669e-05,-1.5775544051872392,False,device spread,False,0.35554376227231144,0.23408181142789117,17
32,20,50.0,0.0,403.4,1016.0459,5.522895415193763e-05,16,0.436832505575558,0.00012643050470607616,0.0027614477075968815,0.0006775002038055597,41.774852218918134,True,0.0,0,0.0,0.0,4.9999999999999996e-06,4.7410670640226846e-06,1.4457546610355341e-05,9.741067064022684e-06,2.2091581660775052e-05,1.2350514596752368e-05,0.5590597715636386,True,absolute signal (comparator noise),True,3.4701029193504738,-3.0629131933553047,15
32,20,50.0,0.05,403.4,1016.0459,5.5220354636745205e-05,17,0.4367644878514145,0.00012643050470607616,0.0027610177318372602,0.00067739717066502,41.77488373839259,True,2.7062554902317926e-06,18,0.110775054611619,1.3531277451158963e-05,4.9999999999999996e-06,4.7410670640226846e-06,1.4457546610355341e-05,1.9166581594196054e-05,2.2088141854698082e-05,2.9215602605020283e-06,0.13226826773029896,True,device spread,True,1.2128197474384246,-1.1658304405367834,17
32,20,50.0,0.1,403.4,1016.0459,5.520496341327419e-05,17,0.43664275122221413,0.00012643050470607616,0.0027602481706637096,0.0006771837258441039,41.77456772315872,True,5.408634333840484e-06,18,0.10191983070900433,2.7043171669202418e-05,4.9999999999999996e-06,4.7410670640226846e-06,1.4457546610355341e-05,3.224257854848391e-05,2.2081985365309676e-05,-1.0160593183174232e-05,-0.46013041921204717,False,device spread,False,0.6359626462815862,-0.6157047899376341,17
32,20,50.0,0.15,403.4,1016.0459,5.518289251146947e-05,17,0.43646818178696567,0.00012643050470607616,0.0027591446255734735,0.0006768622645903002,41.773916831285966,True,8.102244129197184e-06,18,0.10248399348739866,4.051122064598592e-05,4.9999999999999996e-06,4.7410670640226846e-06,1.4457546610355341e-05,4.555967799369245e-05,2.2073157004587788e-05,-2.348652098910466e-05,-1.0640308943674488,False,device spread,False,0.428085391319449,-0.4135866102623742,17
32,20,50.0,0.2,403.4,1016.0459,5.515429597315011e-05,17,0.4362419979369064,0.00012643050470607616,0.0027577147986575057,0.0006764365772342269,41.77295476029762,True,1.0782195575231202e-05,18,0.10293325254737166,5.391097787615601e-05,4.9999999999999996e-06,4.7410670640226846e-06,1.4457546610355341e-05,5.888341218836489e-05,2.2061718389260044e-05,-3.682169379910485e-05,-1.6690310858573087,False,device spread,False,0.32237184379819145,-0.3100500927841437,17
32,40,1.0,0.0,403.4,505.79,0.0001824683258678636,17,0.9700814793646432,0.00018809587622203817,0.0001824683258678636,0.0014964198049292525,38.27731919891094,True,0.0,0,0.0,0.0,4.9999999999999996e-06,4.851879671263076e-06,1.4601729788949261e-05,9.851879671263076e-06,7.298733034714544e-05,6.313545067588237e-05,0.8650193174020047,True,absolute signal (comparator noise),True,13.627090135176475,13.589950050156288,16
32,40,1.0,0.05,403.4,505.79,0.00018222522872234038,27,0.9687890685451958,0.00018809587622203774,0.00018222522872234038,0.0014871265044477452,38.234788198710504,True,1.3222365050163522e-05,0,0.1409878960793042,6.611182525081761e-05,4.9999999999999996e-06,4.851879671263076e-06,1.4601729788949261e-05,7.115250891408886e-05,7.289009148893615e-05,1.737582574847291e-06,0.02383839201396853,True,device spread,True,1.0307055877561802,1.027912662933524,1
32,40,1.0,0.1,403.4,505.79,0.00018193859160302935,27,0.9672651801693939,0.00018809587622203774,0.00018193859160302935,0.0014872964895104946,38.249454487576834,True,2.639755680402041e-05,0,0.1419225345456909,0.00013198778402010206,4.9999999999999996e-06,4.851879671263076e-06,1.4601729788949261e-05,0.0001369343354726946,7.277543664121175e-05,-6.415889883148284e-05,-0.8816010152957368,False,device spread,False,0.5169319620840817,0.5146394736475847,8
32,40,1.0,0.15,403.4,505.79,0.0001816621820966524,27,0.9657956662601647,0.00018809587622203774,0.0001816621820966524,0.0014875682246154607,38.26424732853258,True,3.947985320135845e-05,0,0.14280705006517797,0.00019739926600679223,4.9999999999999996e-06,4.851879671263076e-06,1.4601729788949261e-05,0.0002023144589616702,7.266487283866096e-05,-0.00012964958612300925,-1.784212660921769,False,device spread,False,0.34547505704960846,0.3426581932871593,8
32,40,1.0,0.2,403.4,505.79,0.00018139665323434564,27,0.964383998616833,0.00018809587622203774,0.00018139665323434564,0.0014879394069295276,38.279119516164464,True,5.2425964128487746e-05,0,0.14360581093535751,0.0002621298206424387,4.9999999999999996e-06,4.851879671263076e-06,1.4601729788949261e-05,0.00026702938227214813,7.255866129373825e-05,-0.00019447072097840987,-2.6801861764116164,False,device spread,False,0.25998151706526756,0.25690846463121236,8
32,40,2.0,0.0,403.4,505.79,0.00017709244125644263,17,0.9415009239617432,0.00018809587622203817,0.00035418488251288526,0.0014741600910128882,38.40689249650633,True,0.0,0,0.0,0.0,4.9999999999999996e-06,4.8501417904472585e-06,1.4599486369744515e-05,9.850141790447258e-06,7.083697650257705e-05,6.0986834712129794e-05,0.8609463266675574,True,absolute signal (comparator noise),True,13.19736694242596,13.057499450174483,16
32,40,2.0,0.05,403.4,505.79,0.00017696586116133138,18,0.9408279687771127,0.00018809587622203817,0.00035393172232266277,0.0014736779089299908,38.41026158964769,True,1.272149360711596e-05,10,0.14009644946088176,6.36074680355798e-05,4.9999999999999996e-06,4.8501417904472585e-06,1.4599486369744515e-05,6.865382499053615e-05,7.078634446453255e-05,2.132519473996397e-06,0.03012614212710044,True,device spread,True,1.0353424549361443,1.0273411371691452,9
32,40,2.0,0.1,403.4,505.79,0.0001767240558106398,27,0.939542425704357,0.00018809587622203774,0.0003534481116212796,0.0014564828330640616,38.32019400263069,True,2.539778830924434e-05,10,0.1401953654815879,0.0001269889415462217,4.9999999999999996e-06,4.8501417904472585e-06,1.4599486369744515e-05,0.0001319374789843224,7.068962232425593e-05,-6.124785666006646e-05,-0.8664334968309811,False,device spread,False,0.5199032717598161,0.5168743274094413,9
32,40,2.0,0.15,403.4,505.79,0.00017645395317686125,27,0.9381064418901254,0.00018809587622203774,0.0003529079063537225,0.0014567379132877669,38.33500061780437,True,3.798534114898453e-05,10,0.14025249156586872,0.00018992670574492266,4.9999999999999996e-06,4.8501417904472585e-06,1.4599486369744515e-05,0.00019484265099835904,7.05815812707445e-05,-0.00012426106972761455,-1.7605311115227134,False,device spread,False,0.3477064478117813,0.3464900591862654,7
32,40,2.0,0.2,403.4,505.79,0.00017619391493424149,27,0.9367239647840733,0.00018809587622203774,0.00035238782986848297,0.0014570874724323742,38.34989437649705,True,5.044298939717423e-05,10,0.14023582201572884,0.0002522149469858712,4.9999999999999996e-06,4.8501417904472585e-06,1.4599486369744515e-05,0.0002571146448087788,7.04775659736966e-05,-0.0001866370788350822,-2.648177136320773,False,device spread,False,0.26166154734276015,0.2606833036241359,7
32,40,5.0,0.0,403.4,505.79,0.0001623303763790148,16,0.863019326310969,0.00018809587622203817,0.0008116518818950739,0.001411226678308614,38.783939646154394,True,0.0,0,0.0,0.0,4.9999999999999996e-06,4.844934186811617e-06,1.4592760542282701e-05,9.844934186811616e-06,6.493215055160591e-05,5.5087216364794296e-05,0.848381208643518,True,absolute signal (comparator noise),True,12.017443272958861,11.281440976070591,15
32,40,5.0,0.05,403.4,505.79,0.000162231006953398,18,0.8624910349543871,0.00018809587622203817,0.00081115503476699,0.00141036544605799,38.7839559078136,True,1.1657930411934378e-05,18,0.1376722112863798,5.828965205967189e-05,4.9999999999999996e-06,4.844934186811617e-06,1.4592760542282701e-05,6.334863951594109e-05,6.48924027813592e-05,1.5437632654181086e-06,0.02378958397671731,True,device spread,True,1.0341323425982802,0.9862294437674811,17
32,40,5.0,0.1,403.4,505.79,0.00016211966727758945,18,0.8618991045088886,0.00018809587622203817,0.0008105983363879473,0.0014103040906675599,38.78954123697966,True,2.3274888851852202e-05,18,0.13552489045381094,0.000116374444259261,4.9999999999999996e-06,4.844934186811617e-06,1.4592760542282701e-05,0.00012132674082051664,6.484786691103578e-05,-5.6478873909480856e-05,-0.870944205257572,False,device spread,False,0.5190447845313501,0.4963703804338526,17
32,40,5.0,0.15,403.4,505.79,0.0001620159336587719,18,0.8613476111912196,0.00018809587622203817,0.0008100796682938595,0.0014103292352284592,38.79525561550063,True,3.480981468263123e-05,18,0.13336043272943315,0.00017404907341315616,4.9999999999999996e-06,4.844934186811617e-06,1.4592760542282701e-05,0.00017896581161389738,6.480637346350876e-05,-0.00011415943815038861,-1.761546466022661,False,device spread,False,0.3469942534937964,0.33267990179292517,17
32,40,5.0,0.2,403.4,505.79,0.00016192025183425665,18,0.8608389247360083,0.00018809587622203817,0.0008096012591712832,0.0014104393803815534,38.80106509252659,True,4.6223962091887916e-05,18,0.13115659233323682,0.00023111981045943958,4.9999999999999996e-06,4.844934186811617e-06,1.4592760542282701e-05,0.00023601882282220073,6.476810073370266e-05,-0.00017125072208849806,-2.6440596551163993,False,device spread,False,0.2611951263192979,0.25104187178651366,17
32,40,10.0,0.0,403.4,505.79,0.0001415579945672023,16,0.752584253362896,0.00018809587622203817,0.001415579945672023,0.001317589215402628,39.37691260029599,True,0.0,0,0.0,0.0,4.9999999999999996e-06,4.836274926229168e-06,1.4581565573453577e-05,9.836274926229167e-06,5.6623197826880924e-05,4.678692290065176e-05,0.8262854218106425,True,absolute signal (comparator noise),True,10.357384580130352,8.09099642854588,15
32,40,10.0,0.05,403.4,505.79,0.00014151372482376696,18,0.7523488960317066,0.00018809587622203817,0.0014151372482376697,0.0013162945590609945,39.37109047650919,True,1.0171439950758277e-05,18,0.13428465818110033,5.085719975379138e-05,4.9999999999999996e-06,4.836274926229168e-06,1.4581565573453577e-05,5.593866984855192e-05,5.6605489929506785e-05,6.668200809548688e-07,0.011780130898704139,True,device spread,True,1.0204089791021793,0.8347781321874447,17
32,40,10.0,0.1,403.4,505.79,0.000141416976953522,18,0.7518345420108308,0.00018809587622203817,0.00141416976953522,0.0013162295313650678,39.376601627614825,True,2.0307641365415317e-05,18,0.1290815420718954,0.00010153820682707659,4.9999999999999996e-06,4.836274926229168e-06,1.4581565573453577e-05,0.00010649751358511125,5.65667907814088e-05,-4.9930722803702455e-05,-0.8826861505481172,False,device spread,False,0.5125850316712183,0.4214484809024644,17
32,40,10.0,0.15,403.4,505.79,0.0001413256595630689,18,0.7513490587972314,0.00018809587622203817,0.0014132565956306892,0.0013162345444015944,39.38224527274407,True,3.0372508962810025e-05,18,0.1238996843173567,0.00015186254481405013,4.9999999999999996e-06,4.836274926229168e-06,1.4581565573453577e-05,0.00015678110872257574,5.653026382522756e-05,-0.00010025084489734818,-1.7734013272481772,False,device spread,False,0.3427206823593649,0.2827371177461107,17
32,40,10.0,0.2,403.4,505.79,0.00014124019750109398,18,0.7508947050724637,0.00018809587622203817,0.0014124019750109398,0.0013163085088605335,39.3879874496876,True,4.033197343166823e-05,18,0.11873002126330563,0.00020165986715834115,4.9999999999999996e-06,4.836274926229168e-06,1.4581565573453577e-05,0.00020655811812205117,5.6496079000437596e-05,-0.00015006203912161357,-2.656149626250191,False,device spread,False,0.25798507640082535,0.21351471882420459,17
32,40,20.0,0.0,403.4,505.79,0.00011045971983337523,16,0.5872522144131582,0.00018809587622203817,0.0022091943966675047,0.0011634501063099466,40.45087652538423,True,0.0,0,0.0,0.0,4.9999999999999996e-06,4.819031323464746e-06,1.4559230748205625e-05,9.819031323464746e-06,4.41838879333501e-05,3.436485660988535e-05,0.7777689609778926,True,absolute signal (comparator noise),True,7.872971321977071,2.101580288074636,15
32,40,20.0,0.05,403.4,505.79,0.00011044079513785941,17,0.5871516024492177,0.00018809587622203817,0.0022088159027571883,0.0011633350704711378,40.45150591975869,True,7.952284178351362e-06,18,0.12908648596298403,3.976142089175681e-05,4.9999999999999996e-06,4.819031323464746e-06,1.4559230748205625e-05,4.489359421978883e-05,4.4176318055143764e-05,-7.172761646450667e-07,-0.016236666979572986,False,device spread,False,0.989938865033911,0.28328722171637355,17
32,40,20.0,0.1,403.4,505.79,0.00011042268538977974,17,0.5870553231025174,0.00018809587622203817,0.0022084537077955947,0.0011632679161948955,40.452428909378966,True,1.587785671797258e-05,18,0.11948276095437622,7.938928358986289e-05,4.9999999999999996e-06,4.819031323464746e-06,1.4559230748205625e-05,8.436561106710723e-05,4.41690741559119e-05,-4.019653691119533e-05,-0.9100606630174327,False,device spread,False,0.498393979054838,0.1437542663431078,17
32,40,20.0,0.15,403.4,505.79,0.00011037644350478456,18,0.5868094810036689,0.00018809587622203817,0.002207528870095691,0.0011616575593288289,40.44403453095855,True,2.3748285138670122e-05,18,0.10996356550634487,0.00011874142569335061,4.9999999999999996e-06,4.819031323464746e-06,1.4559230748205625e-05,0.0001236656811529383,4.415057740191383e-05,-7.951510375102447e-05,-1.800998048727165,False,device spread,False,0.33335565915233123,0.09682923592914944,17
32,40,20.0,0.2,403.4,505.79,0.00011030882598361663,18,0.5864499966676693,0.00018809587622203817,0.0022061765196723327,0.001161686614885015,40.449574459314796,True,3.153671594042891e-05,18,0.10550107716376099,0.00015768357970214454,4.9999999999999996e-06,4.819031323464746e-06,1.4559230748205625e-05,0.00016258186378942477,4.4123530393446656e-05,-0.00011845833339597811,-2.684697537565395,False,device spread,False,0.25095787004436737,0.07338224789250945,17
32,40,50.0,0.0,403.4,505.79,6.070875192913411e-05,16,0.3227542950355293,0.00018809587622203817,0.0030354375964567054,0.0008617379628247421,43.04247842184872,True,0.0,0,0.0,0.0,4.9999999999999996e-06,4.767892420629938e-06,1.449266368123937e-05,9.767892420629938e-06,2.4283500771653648e-05,1.451560835102371e-05,0.5977560026257792,True,absolute signal (comparator noise),True,3.9031216702047424,-9.277843101911246,15
32,40,50.0,0.05,403.4,505.79,6.070184450489013e-05,17,0.3227175721451464,0.00018809587622203817,0.0030350922252445067,0.000861668955309425,43.042771166838264,True,4.404386300230847e-06,18,0.11856611079446765,2.2021931501154238e-05,4.9999999999999996e-06,4.767892420629938e-06,1.449266368123937e-05,2.7350307416407723e-05,2.4280737801956053e-05,-3.0695696144516696e-06,-0.12641994816995988,False,device spread,False,0.8745908806223222,-2.157897409574698,17
32,40,50.0,0.1,403.4,505.79,6.069435452824414e-05,17,0.3226777521512346,0.00018809587622203817,0.003034717726412207,0.0008616183617285335,43.04333296754053,True,8.795265283162094e-06,18,0.10212277925005425,4.397632641581047e-05,4.9999999999999996e-06,4.767892420629938e-06,1.449266368123937e-05,4.902754995466323e-05,2.427774181129766e-05,-2.4749808143365568e-05,-1.0194444086166297,False,device spread,False,0.44603019567935365,-1.1012118510161724,17
32,40,50.0,0.15,403.4,505.79,6.0686315759497266e-05,17,0.3226350145383303,0.00018809587622203817,0.0030343157879748634,0.0008615863439283246,43.04416068712576,True,1.315693177638586e-05,18,0.09881638251471864,6.57846588819293e-05,4.9999999999999996e-06,4.767892420629938e-06,1.449266368123937e-05,7.074229157827138e-05,2.4274526303798908e-05,-4.6467765274472475e-05,-1.9142604347010626,False,device spread,False,0.2990233292118782,-0.7375593732469808,17
32,40,50.0,0.2,403.4,505.79,6.067773451202533e-05,17,0.32258939287110244,0.00018809587622203817,0.0030338867256012665,0.0008615729090204159,43.04525354566873,True,1.747452360183198e-05,18,0.0991913495513281,8.73726180091599e-05,4.9999999999999996e-06,4.767892420629938e-06,1.449266368123937e-05,9.228345890896715e-05,2.4271093804810133e-05,-6.801236510415702e-05,-2.802196128906151,False,device spread,False,0.22526861096003434,-0.5548866203553606,17
32,60,1.0,0.0,403.4,336.8506,0.00021642077347930116,17,0.9643463549457836,0.00022442224452797204,0.00021642077347930116,0.0017773627612154698,38.289542637210864,True,0.0,0,0.0,0.0,4.9999999999999996e-06,4.861071289277968e-06,1.461358585699412e-05,9.861071289277967e-06,8.656830939172047e-05,7.67072381024425e-05,0.8860891317091946,True,absolute signal (comparator noise),True,16.341447620488502,16.278097758632896,16
32,60,1.0,0.05,403.4,336.8506,0.00021612492809978175,27,0.9630281015786031,0.00022442224452797182,0.00021612492809978175,0.0017644365640316845,38.2380237437499,True,1.8530277172354713e-05,6,0.14843570521160634,9.265138586177357e-05,4.9999999999999996e-06,4.861071289277968e-06,1.461358585699412e-05,9.764727339986797e-05,8.644997123991271e-05,-1.1197302159955254e-05,-0.1295234920192272,False,device spread,False,0.880859316391004,0.8806405715400464,7
32,60,1.0,0.1,403.4,336.8506,0.000215815197688248,27,0.9616479780877913,0.00022442224452797182,0.000215815197688248,0.001765417382044584,38.25530747736207,True,3.7008414885900844e-05,6,0.1564200499844314,0.00018504207442950423,4.9999999999999996e-06,4.861071289277968e-06,1.461358585699412e-05,0.00018997068559705558,8.63260790752992e-05,-0.00010364460652175637,-1.200617561135272,False,device spread,False,0.4413169513915948,0.4392812849338022,8
32,60,1.0,0.15,403.4,336.8506,0.00021558163443906537,27,0.9606072468105782,0.00022442224452797182,0.00021558163443906537,0.0017670253189206824,38.27262024291435,True,5.538539362543427e-05,6,0.16408769298272147,0.00027692696812717135,4.9999999999999996e-06,4.861071289277968e-06,1.461358585699412e-05,0.00028183317399297514,8.623265377562615e-05,-0.000195600520217349,-2.2682883067276762,False,device spread,False,0.29491325235732047,0.2922747990677289,8
32,60,1.0,0.2,403.4,336.8506,0.00021542306748300677,27,0.9599006904868408,0.00022442224452797182,0.00021542306748300677,0.001769241547724695,38.28989847682975,True,7.361381181961984e-05,6,0.17130484068581817,0.0003680690590980992,4.9999999999999996e-06,4.861071289277968e-06,1.461358585699412e-05,0.00037296408983892264,8.616922699320271e-05,-0.00028679486284571994,-3.328274754841925,False,device spread,False,0.22195713255904165,0.2190211057425872,8
32,60,2.0,0.0,403.4,336.8506,0.00020884713530005855,17,0.9305990845039775,0.00022442224452797204,0.0004176942706001171,0.0017459090505664806,38.443861875325446,True,0.0,0,0.0,0.0,4.9999999999999996e-06,4.8593280779500765e-06,1.4611338531813137e-05,9.859328077950076e-06,8.353885412002343e-05,7.367952604207336e-05,0.8819791319643335,True,absolute signal (comparator noise),True,15.735905208414673,15.500255194013329,16
32,60,2.0,0.05,403.4,336.8506,0.00020870120153379849,18,0.9299488202373188,0.00022442224452797182,0.00041740240306759697,0.001745475651707217,38.44777691330012,True,1.7803354769703583e-05,18,0.14723006327337393,8.901677384851792e-05,4.9999999999999996e-06,4.8593280779500765e-06,1.4611338531813137e-05,9.401641431565854e-05,8.34804806135194e-05,-1.0535933702139144e-05,-0.1262083498406798,False,device spread,False,0.8851845909418227,0.8749722981889996,9
32,60,2.0,0.1,403.4,336.8506,0.00020850393778796108,27,0.9290698354189809,0.00022442224452797182,0.00041700787557592215,0.0017220106806368478,38.33843158734126,True,3.555847199287417e-05,18,0.15405554146236258,0.00017779235996437083,4.9999999999999996e-06,4.8593280779500765e-06,1.4611338531813137e-05,0.00018272198087976906,8.340157511518444e-05,-9.932040576458463e-05,-1.1908696643608347,False,device spread,False,0.44407804186602734,0.4399255904499121,9
32,60,2.0,0.15,403.4,336.8506,0.00020827097088025378,27,0.9280317613715651,0.00022442224452797182,0.00041654194176050756,0.00172353185337666,38.35581145322658,True,5.3215818817101834e-05,18,0.16057232981831318,0.00026607909408550914,4.9999999999999996e-06,4.8593280779500765e-06,1.4611338531813137e-05,0.0002709853965292862,8.330838835210152e-05,-0.00018767700817718468,-2.2527984503069596,False,device spread,False,0.29712878292335965,0.29500212803806936,9
32,60,2.0,0.2,403.4,336.8506,0.00020810784595792038,27,0.9273048952684455,0.00022442224452797182,0.00041621569191584076,0.0017256302754603463,38.37318595288417,True,7.072753310565645e-05,18,0.16665063424367565,0.00035363766552828224,4.9999999999999996e-06,4.8593280779500765e-06,1.4611338531813137e-05,0.00035853233875347964,8.324313838316815e-05,-0.0002752892003703115,-3.307049754697563,False,device spread,False,0.22373932606072244,0.22278566518856172,7
32,60,5.0,0.0,403.4,336.8506,0.0001884007397335776,17,0.8394922710529048,0.00022442224452797204,0.0009420036986678879,0.0016579951135280878,38.89001285177957,True,0.0,0,0.0,0.0,4.9999999999999996e-06,4.854104509599642e-06,1.4604600998908718e-05,9.854104509599641e-06,7.536029589343104e-05,6.55061913838314e-05,0.8692401032563011,True,absolute signal (comparator noise),True,14.10123827676628,12.901298121594918,16
32,60,5.0,0.05,403.4,336.8506,0.00018829358497189663,18,0.8390148016206471,0.00022442224452797182,0.0009414679248594831,0.0016570322774924092,38.8899088800101,True,1.606424551156936e-05,18,0.14402469465370987,8.032122755784681e-05,4.9999999999999996e-06,4.854104509599642e-06,1.4604600998908718e-05,8.533080670594595e-05,7.531743398875865e-05,-1.00133727171873e-05,-0.13294893608141012,False,device spread,False,0.8823291503486778,0.8256165190193641,17
32,60,5.0,0.1,403.4,336.8506,0.00018821442927707642,18,0.8386620928462264,0.00022442224452797182,0.0009410721463853822,0.0016576020164340555,38.89654702481612,True,3.208395343889295e-05,18,0.1477978822050557,0.00016041976719446477,4.9999999999999996e-06,4.854104509599642e-06,1.4604600998908718e-05,0.00016535177336097665,7.528577171083057e-05,-9.006600165014609e-05,-1.1963216900543405,False,device spread,False,0.44226662741248934,0.4153007555212754,17
32,60,5.0,0.15,403.4,336.8506,0.00018819383686349456,18,0.8385703353931042,0.00022442224452797182,0.0009409691843174728,0.0016587181746654865,38.903344132090425,True,4.801251688639816e-05,18,0.15128885343185505,0.0002400625844319908,4.9999999999999996e-06,4.854104509599642e-06,1.4604600998908718e-05,0.0002449687530510135,7.527753474539783e-05,-0.0001696912183056157,-2.2542079636314067,False,device spread,False,0.2956111983536928,0.27853287743116556,17
32,60,5.0,0.2,403.4,336.8506,0.00018823076837865983,18,0.8387348980247762,0.00022442224452797182,0.0009411538418932991,0.001660364462959865,38.91025628908692,True,6.380496365687702e-05,18,0.15437883500808028,0.00031902481828438513,4.9999999999999996e-06,4.854104509599642e-06,1.4604600998908718e-05,0.0003239181022927794,7.529230735146394e-05,-0.0002486257949413155,-3.30214073239557,False,device spread,False,0.22252901983565895,0.2103089792104181,17
32,60,10.0,0.0,403.4,336.8506,0.0001604982201678163,16,0.7151618169820597,0.0002244222445279716,0.001604982201678163,0.0015298676788656795,39.58367297602681,True,0.0,0,0.0,0.0,4.9999999999999996e-06,4.845418730279032e-06,1.4593386562527025e-05,9.845418730279032e-06,6.419928806712652e-05,5.435386933684749e-05,0.846642867441385,True,absolute signal (comparator noise),True,11.870773867369499,8.336036990767866,15
32,60,10.0,0.05,403.4,336.8506,0.00016046869749214014,18,0.7150302672966068,0.00022442224452797182,0.0016046869749214016,0.001528338454831342,39.57658426228646,True,1.3697280650645804e-05,18,0.13971424294876386,6.848640325322902e-05,4.9999999999999996e-06,4.845418730279032e-06,1.4593386562527025e-05,7.351409740231916e-05,6.418747899685606e-05,-9.326618405463107e-06,-0.14530276856518903,False,device spread,False,0.8706417601501564,0.6458537574875246,17
32,60,10.0,0.1,403.4,336.8506,0.0001603927224133444,18,0.7146917309854869,0.00022442224452797182,0.001603927224133444,0.0015288055008601798,39.58335155577883,True,2.7355522096889296e-05,18,0.13946942988542604,0.00013677761048444648,4.9999999999999996e-06,4.845418730279032e-06,1.4593386562527025e-05,0.00014171438793014903,6.415708896533776e-05,-7.755729896481127e-05,-1.2088656174333792,False,device spread,False,0.4366372869570653,0.3252703244576204,17
32,60,10.0,0.15,403.4,336.8506,0.00016035884317113606,18,0.7145407689350022,0.00022442224452797182,0.0016035884317113606,0.001529729246203226,39.59043310515631,True,4.09327631648669e-05,18,0.13898841677054957,0.0002046638158243345,4.9999999999999996e-06,4.845418730279032e-06,1.4593386562527025e-05,0.0002095703012135207,6.414353726845443e-05,-0.00014542676394506626,-2.2672083601567548,False,device spread,False,0.29187286705697074,0.21824847374236556,17
32,60,10.0,0.2,403.4,336.8506,0.00016036641142485683,18,0.7145744922129094,0.00022442224452797182,0.0016036641142485684,0.001531095919238098,39.597779760686684,True,5.4388586349473385e-05,18,0.13816774144159225,0.00027194293174736693,4.9999999999999996e-06,4.845418730279032e-06,1.4593386562527025e-05,0.0002768343121199781,6.414656456994274e-05,-0.00021268774755003536,-3.315652973404827,False,device spread,False,0.21971985130601596,0.16486204587413442,17
32,60,20.0,0.0,403.4,336.8506,0.00012063189098770262,16,0.5375219878110936,0.0002244222445279716,0.0024126378197540524,0.001325552414602081,40.81869538825411,True,0.0,0,0.0,0.0,4.9999999999999996e-06,4.828122421962015e-06,1.457101295716844e-05,9.828122421962014e-06,4.825275639508105e-05,3.8424633973119034e-05,0.7963199792879831,True,absolute signal (comparator noise),True,8.684926794623808,0.24258955190958542,15
32,60,20.0,0.05,403.4,336.8506,0.000120617874516559,17,0.5374595320096496,0.00022442224452797204,0.0024123574903311797,0.0013255419726546321,40.81963625576917,True,1.0323280231492013e-05,18,0.13345521081374745,5.161640115746006e-05,4.9999999999999996e-06,4.828122421962015e-06,1.457101295716844e-05,5.6686129214046146e-05,4.82471498066236e-05,-8.438979407422544e-06,-0.17491145987371878,False,device spread,False,0.8445480481834489,0.02663706184120809,17
32,60,20.0,0.1,403.4,336.8506,0.00012062291006415977,17,0.537481969837109,0.00022442224452797204,0.0024124582012831955,0.0013258710439850781,40.821429686116986,True,2.0616218317407067e-05,18,0.12766516850382825,0.00010308109158703533,4.9999999999999996e-06,4.828122421962015e-06,1.457101295716844e-05,0.00010803040651865615,4.824916402566391e-05,-5.9781242492992235e-05,-1.2390109486911394,False,device spread,False,0.42417602874142624,0.013929047003876784,17
32,60,20.0,0.15,403.4,336.8506,0.00012063227788202302,18,0.5375237117681866,0.00022442224452797182,0.0024126455576404604,0.0013245429996961281,40.81205066179727,True,3.084479800071596e-05,18,0.1217204243135579,0.0001542239900035798,4.9999999999999996e-06,4.828122421962015e-06,1.457101295716844e-05,0.00015913314208310033,4.825291115280921e-05,-0.00011088023093029111,-2.2978972310945394,False,device spread,False,0.2836104010376984,0.009471747930498427,17
32,60,20.0,0.2,403.4,336.8506,0.00012061205117323923,18,0.5374335838540562,0.00022442224452797182,0.0024122410234647847,0.0013255266209182093,40.81995501830114,True,4.097632908317668e-05,18,0.11553936629224348,0.0002048816454158834,4.9999999999999996e-06,4.828122421962015e-06,1.457101295716844e-05,0.00020977076959018755,4.8244820469295695e-05,-0.00016152594912089186,-3.34804747016711,False,device spread,False,0.21351227756602814,0.007157691076947571,17
32,60,50.0,0.0,403.4,336.8506,6.178204352999745e-05,17,0.2752937600278609,0.00022442224452797204,0.0030891021764998727,0.0009473572880216959,43.713030627534685,True,0.0,0,0.0,0.0,4.9999999999999996e-06,4.776828013504939e-06,1.450433077579763e-05,9.776828013504938e-06,2.4712817411998982e-05,1.4935989398494044e-05,0.6043822988487776,True,absolute signal (comparator noise),True,3.987197879698809,-13.429450310872188,16
32,60,50.0,0.05,403.4,336.8506,6.177584060784715e-05,17,0.27526612051216426,0.00022442224452797204,0.0030887920303923574,0.0009473442419460991,43.71378312095668,True,5.4397767951540454e-06,6,0.12195963318207828,2.7198883975770227e-05,4.9999999999999996e-06,4.776828013504939e-06,1.450433077579763e-05,3.243147119557132e-05,2.471033624313886e-05,-7.721134952432458e-06,-0.31246579878395336,False,device spread,False,0.7444600031131463,-2.500939602664572,17
32,60,50.0,0.1,403.4,336.8506,6.177104979093994e-05,17,0.27524477317684426,0.00022442224452797204,0.003088552489546997,0.0009474943657001864,43.71583307851729,True,1.086070303667334e-05,6,0.10800287747093947,5.43035151833667e-05,4.9999999999999996e-06,4.776828013504939e-06,1.450433077579763e-05,5.93100450584413e-05,2.4708419916375978e-05,-3.460162514206532e-05,-1.4003981338819822,False,device spread,False,0.37742297446429107,-1.2677539838435692,17
32,60,50.0,0.15,403.4,336.8506,6.176763020012722e-05,17,0.2752295358690635,0.00022442224452797204,0.003088381510006361,0.000947804764984194,43.719158967657954,True,1.624425125654907e-05,6,0.10068875753795266,8.122125628274535e-05,4.9999999999999996e-06,4.776828013504939e-06,1.450433077579763e-05,8.615183936310415e-05,2.470705208005089e-05,-6.144478728305326e-05,-2.48693316725816,False,device spread,False,0.25276000537611865,-0.8490309428280807,17
32,60,50.0,0.2,403.4,336.8506,6.176548078704905e-05,17,0.2752199583288215,0.00022442224452797204,0.0030882740393524525,0.0009482704463901615,43.72372778569702,True,2.1572807410380257e-05,6,0.11499414889203341,0.00010786403705190128,4.9999999999999996e-06,4.776828013504939e-06,1.450433077579763e-05,0.00011275668951153583,2.470619231481962e-05,-8.805049719671621e-05,-3.5639039830472177,False,device spread,False,0.19037270042320756,-0.6396185671221281,17
32,100,1.0,0.0,403.4,202.0276,0.0002543369554267299,16,0.957769488213016,0.00026555132373371577,0.0002543369554267299,0.00209327772351965,38.30834767081161,True,0.0,0,0.0,0.0,4.9999999999999996e-06,4.8684269478658365e-06,1.462306247313784e-05,9.868426947865836e-06,0.00010173478217069196,9.186635522282612e-05,0.9029984953296655,True,absolute signal (comparator noise),True,19.373271044565225,19.267196607811385,15
32,100,1.0,0.05,403.4,202.0276,0.0002540009935600865,27,0.9565043396838381,0.00026555132373371534,0.0002540009935600865,0.0020756171267508877,38.246236602992596,True,2.5592322425272677e-05,10,0.1565758302180255,0.00012796161212636338,4.9999999999999996e-06,4.8684269478658365e-06,1.462306247313784e-05,0.0001329276873626358,0.00010160039742403462,-3.1327289938601184e-05,-0.30833826178705864,False,device spread,False,0.7566767184383989,0.7555504536825359,7
32,100,1.0,0.1,403.4,202.0276,0.00025371550453504813,27,0.955429259277443,0.00026555132373371534,0.00025371550453504813,0.0020781255935324104,38.26649566573279,True,5.1162182595690645e-05,10,0.17237161126566328,0.00025581091297845323,4.9999999999999996e-06,4.8684269478658365e-06,1.462306247313784e-05,0.00026072819947740936,0.00010148620181401926,-0.00015924199766339012,-1.5690999842048725,False,device spread,False,0.37874400033189276,0.3770534914840887,7
32,100,1.0,0.15,403.4,202.0276,0.0002536294932638343,27,0.9551053622996216,0.00026555132373371534,0.0002536294932638343,0.002082261220492953,38.28670913996207,True,7.669355391973207e-05,10,0.18760993937448225,0.0003834677695986604,4.9999999999999996e-06,4.8684269478658365e-06,1.462306247313784e-05,0.0003883687924248381,0.00010145179730553373,-0.00028691699511930436,-2.8281115045721754,False,device spread,False,0.25291014739652873,0.2505066261074519,7
32,100,1.0,0.2,403.4,202.0276,0.00025373898780973406,27,0.9555176914281691,0.00026555132373371534,0.00025373898780973406,0.002087985158885761,38.306804086907654,True,0.0001021674896464627,10,0.20208337546836697,0.0005108374482323135,4.9999999999999996e-06,4.8684269478658365e-06,1.462306247313784e-05,0.000515730344217593,0.00010149559512389364,-0.0004142347490936993,-4.081307652692231,False,device spread,False,0.19017871974913592,0.1874200581003981,8
32,100,2.0,0.0,403.4,202.0276,0.00024383702399181765,16,0.9182293673532114,0.00026555132373371577,0.0004876740479836353,0.0020494905713747957,38.49092551058263,True,0.0,0,0.0,0.0,4.9999999999999996e-06,4.866679465492189e-06,1.4620812022868995e-05,9.866679465492188e-06,9.753480959672707e-05,8.766813013123488e-05,0.8988394040416184,True,absolute signal (comparator noise),True,18.533626026246978,18.144841717334923,15
32,100,2.0,0.05,403.4,202.0276,0.00024368346508490837,18,0.9176511028401658,0.0002655513237337138,0.00048736693016981675,0.002049268374215474,38.49545552450424,True,2.4481678038021337e-05,18,0.15495177954523384,0.0001224083901901067,4.9999999999999996e-06,4.866679465492189e-06,1.4620812022868995e-05,0.00012737714427945576,9.747338603396336e-05,-2.9903758245492396e-05,-0.30678895503920234,False,device spread,False,0.760738635409899,0.7479803348273342,9
32,100,2.0,0.1,403.4,202.0276,0.0002436313708934039,27,0.9174549291183653,0.00026555132373371534,0.0004872627417868078,0.0020179154938692757,38.36339531941537,True,4.895069166293915e-05,18,0.1691601604225709,0.00024475345831469577,4.9999999999999996e-06,4.866679465492189e-06,1.4620812022868995e-05,0.000249671204254156,9.745254835736157e-05,-0.00015221865589679442,-1.5619771720961448,False,device spread,False,0.38132596804665386,0.3758786756223986,9
32,100,2.0,0.15,403.4,202.0276,0.0002435285708627913,27,0.9170678098633482,0.00026555132373371534,0.0004870571417255826,0.002021802010741089,38.38377407993404,True,7.338805627770602e-05,18,0.18281308530154994,0.00036694028138853005,4.9999999999999996e-06,4.866679465492189e-06,1.4620812022868995e-05,0.0003718410247615818,9.741142834511653e-05,-0.0002744295964164653,-2.8172217683144476,False,device spread,False,0.2547591307207928,0.2519787948013041,17
32,100,2.0,0.2,403.4,202.0276,0.00024360592779073273,27,0.9173591167446463,0.00026555132373371534,0.00048721185558146547,0.0020271834089565814,38.40410382320247,True,9.777169876351219e-05,18,0.19570532618126835,0.000488858493817561,4.9999999999999996e-06,4.866679465492189e-06,1.4620812022868995e-05,0.0004937507423859092,9.74423711162931e-05,-0.0003963083712696161,-4.067105169235258,False,device spread,False,0.1915855307115512,0.1902134720363887,17
32,100,5.0,0.0,403.4,202.0276,0.00021604352689621564,17,0.8135659949217754,0.00026555132373371664,0.0010802176344810782,0.0019287236835199906,39.01457509765622,True,0.0,0,0.0,0.0,4.9999999999999996e-06,4.861443105526331e-06,1.4614065124701238e-05,9.86144310552633e-06,8.641741075848626e-05,7.655596765295993e-05,0.885885922536068,True,absolute signal (comparator noise),True,16.31119353059199,14.405902287038048,16
32,100,5.0,0.05,403.4,202.0276,0.00021594166112534974,18,0.8131823938557692,0.0002655513237337138,0.0010797083056267487,0.001927763708083776,39.014347243462396,True,2.1697833839454233e-05,18,0.15074541973890213,0.00010848916919727117,4.9999999999999996e-06,4.861443105526331e-06,1.4614065124701238e-05,0.00011346577005944714,8.63766644501399e-05,-2.708910560930724e-05,-0.31361601865216926,False,device spread,False,0.7564671324510511,0.6887241485503486,17
32,100,5.0,0.1,403.4,202.0276,0.00021593985988013948,18,0.8131756108159224,0.0002655513237337138,0.0010796992994006973,0.0019295286291343104,39.022368230280755,True,4.337943304298426e-05,18,0.16087578042056347,0.0002168971652149213,4.9999999999999996e-06,4.861443105526331e-06,1.4614065124701238e-05,0.00022181623166357792,8.63759439520558e-05,-0.0001354402877115221,-1.568032504359086,False,device spread,False,0.37873840471871095,0.34619556646415806,17
32,100,5.0,0.15,403.4,202.0276,0.00021608512282536926,18,0.8137226348080733,0.0002655513237337138,0.0010804256141268463,0.0019326875049181884,39.030735431572246,True,6.502156158868269e-05,18,0.17046718656041615,0.00032510780794341344,4.9999999999999996e-06,4.861443105526331e-06,1.4614065124701238e-05,0.000330007697559997,8.643404913014771e-05,-0.0002435736484298493,-2.818028900428919,False,device spread,False,0.25293287800861464,0.23207882814252254,17
32,100,5.0,0.2,403.4,202.0276,0.00021637424159078768,18,0.8148113839107076,0.0002655513237337138,0.0010818712079539384,0.0019372056658238895,39.03940343852363,True,8.659853162038323e-05,18,0.17932178374586166,0.00043299265810191616,4.9999999999999996e-06,4.861443105526331e-06,1.4614065124701238e-05,0.00043788296909489657,8.654969663631508e-05,-0.00035133327245858147,-4.05932413529878,False,device spread,False,0.1902171620090803,0.17516606869144596,17
32,100,10.0,0.0,403.4,202.0276,0.00017940529181893175,16,0.6755955470168629,0.00026555132373371577,0.0017940529181893175,0.0017568011080446816,39.81774695290616,True,0.0,0,0.0,0.0,4.9999999999999996e-06,4.852736078349816e-06,1.4602835112805142e-05,9.852736078349816e-06,7.17621167275727e-05,6.190938064922288e-05,0.8627028224968152,True,absolute signal (comparator noise),True,13.381876129844578,8.039949054710824,15
32,100,10.0,0.05,403.4,202.0276,0.00017940449182320684,17,0.6755925344326503,0.00026555132373371664,0.0017940449182320684,0.001757071841948329,39.81912413083004,True,1.8038778564765486e-05,18,0.14531795358755195,9.019389282382742e-05,4.9999999999999996e-06,4.852736078349816e-06,1.4602835112805142e-05,9.518511290258747e-05,7.176179672928273e-05,-2.3423316173304737e-05,-0.32640370281791936,False,device spread,False,0.7464008504362161,0.47678055898289384,17
32,100,10.0,0.1,403.4,202.0276,0.0001793770860384784,18,0.6754893310882226,0.0002655513237337138,0.0017937708603847841,0.0017565413420322692,39.81782822305907,True,3.605853594359049e-05,18,0.15028078777776824,0.00018029267971795247,4.9999999999999996e-06,4.852736078349816e-06,1.4602835112805142e-05,0.0001852147341818311,7.175083441539136e-05,-0.00011346389976643975,-1.5813600035583761,False,device spread,False,0.3738267593985093,0.23989027823944864,17
32,100,10.0,0.15,403.4,202.0276,0.00017944795454642569,18,0.6757562041994195,0.0002655513237337138,0.001794479545464257,0.0017591212385885103,39.82714519400071,True,5.4032722801103747e-05,18,0.1547479889430015,0.00027016361400551876,4.9999999999999996e-06,4.852736078349816e-06,1.4602835112805142e-05,0.0002750626143813514,7.177918181857028e-05,-0.00020328343256278112,-2.8320667276007994,False,device spread,False,0.24966860457216145,0.16081766954257945,17
32,100,10.0,0.2,403.4,202.0276,0.00017961695829778917,18,0.6763926301414456,0.0002655513237337138,0.0017961695829778917,0.0017628143641752,39.83718486130363,True,7.19331040917665e-05,18,0.15853398177391098,0.0003596655204588325,4.9999999999999996e-06,4.852736078349816e-06,1.4602835112805142e-05,0.00036455300937116074,7.184678331911567e-05,-0.0002927062260520451,-4.074033833247023,False,device spread,False,0.18776842133051383,0.12130736206256601,17
32,100,20.0,0.0,403.4,202.0276,0.00012963780770558096,16,0.4881836244792233,0.00026555132373371577,0.002592756154111619,0.0014919924976227249,41.220699224397265,True,0.0,0,0.0,0.0,4.9999999999999996e-06,4.835397540647445e-06,1.4580430480553696e-05,9.835397540647445e-06,5.1855123082232385e-05,4.201972554158494e-05,0.810329299092582,True,absolute signal (comparator noise),True,9.40394510831699,-2.520400475547139,15
32,100,20.0,0.05,403.4,202.0276,0.0001296315744080081,17,0.4881601514364772,0.00026555132373371664,0.002592631488160162,0.001492176904961195,41.22219036543913,True,1.3078841115755261e-05,18,0.13785234489926848,6.539420557877631e-05,4.9999999999999996e-06,4.835397540647445e-06,1.4580430480553696e-05,7.042047300206061e-05,5.185262976320324e-05,-1.8567843238857368e-05,-0.35808874735286567,False,device spread,False,0.7237007812279387,-0.21299874279176648,17
32,100,20.0,0.1,403.4,202.0276,0.00012966832676744982,17,0.4882985516482516,0.00026555132373371664,0.002593366535348996,0.001493186336356556,41.225602008398354,True,2.6138376238610223e-05,18,0.13600227532665315,0.00013069188119305112,4.9999999999999996e-06,4.835397540647445e-06,1.4580430480553696e-05,0.0001356228885700979,5.186733070697993e-05,-8.375555786311798e-05,-1.6148037063308285,False,device spread,False,0.3628219042375228,-0.10619157897194578,17
32,100,20.0,0.15,403.4,202.0276,0.00012974718529163446,17,0.48859551316618294,0.00026555132373371664,0.002594943705832689,0.001495007444550956,41.23090820306547,True,3.9151823754554307e-05,18,0.13374807065066885,0.00019575911877277153,4.9999999999999996e-06,4.835397540647445e-06,1.4580430480553696e-05,0.00020065835988850917,5.1898874116653785e-05,-0.0001487594857718554,-2.8663335824489513,False,device spread,False,0.24235833778086288,-0.07083893598676895,17
32,100,20.0,0.2,403.4,202.0276,0.00012980528604650252,18,0.48881430610629156,0.0002655513237337138,0.0025961057209300505,0.0014951875830406624,41.22806606370793,True,5.2091588657038526e-05,18,0.13092394986827263,0.00026045794328519265,4.9999999999999996e-06,4.835397540647445e-06,1.4580430480553696e-05,0.00026534132879817683,5.192211441860101e-05,-0.00021341921437957582,-4.110372175119254,False,device spread,False,0.18227958030610691,-0.05345086747678385,17
32,100,50.0,0.0,403.4,202.0276,6.192886558935382e-05,16,0.23320864953192103,0.00026555132373371577,0.003096443279467691,0.0010291163169899881,44.41142678900134,True,0.0,0,0.0,0.0,4.9999999999999996e-06,4.783978538935819e-06,1.451365620039292e-05,9.783978538935819e-06,2.477154623574153e-05,1.4987567696805713e-05,0.6050315775274843,True,absolute signal (comparator noise),True,3.997513539361143,-18.265923059771286,15
32,100,50.0,0.05,403.4,202.0276,6.192229656123921e-05,17,0.23318391221175838,0.00026555132373371664,0.0030961148280619607,0.0010291944253802401,44.413007403935715,True,6.7230465129867044e-06,6,0.12528221574997622,3.361523256493352e-05,4.9999999999999996e-06,4.783978538935819e-06,1.451365620039292e-05,3.876903202417499e-05,2.4768918624495686e-05,-1.4000113399679307e-05,-0.5652290926352204,False,device spread,False,0.6350535924021075,-2.7624002261753287,17
32,100,50.0,0.1,403.4,202.0276,6.191636488898403e-05,17,0.23316157501467052,0.00026555132373371664,0.0030958182444492015,0.0010296522286903553,44.41770225760707,True,1.3428447001185552e-05,6,0.13131950745760473,6.714223500592776e-05,4.9999999999999996e-06,4.783978538935819e-06,1.451365620039292e-05,7.21121280871837e-05,2.4766545955593613e-05,-4.7345582131590085e-05,-1.9116748139397661,False,device spread,False,0.3206153008693095,-1.394697110505831,17
32,100,50.0,0.15,403.4,202.0276,6.191093285346808e-05,17,0.23314111932482656,0.00026555132373371664,0.003095546642673404,0.0010304830648525526,44.42547022061866,True,2.0099387603961038e-05,6,0.15916847879039583,0.00010049693801980519,4.9999999999999996e-06,4.783978538935819e-06,1.451365620039292e-05,0.00010540522158113126,2.4764373141387233e-05,-8.064084843974403e-05,-3.2563250432119255,False,device spread,False,0.21441019281822593,-0.9340175220367639,17
32,100,50.0,0.2,403.4,202.0276,6.190579107777223e-05,17,0.23312175668101234,0.00026555132373371664,0.0030952895538886114,0.0010316757567684605,44.43623895043335,True,2.671918903699181e-05,6,0.19010441656639898,0.00013359594518495905,4.9999999999999996e-06,4.783978538935819e-06,1.451365620039292e-05,0.0001384734566958296,2.4762316431108893e-05,-0.00011371114026472072,-4.592104320331899,False,device spread,False,0.1613018101811835,-0.7042359439551023,17
64,20,1.0,0.0,403.4,1016.0459,0.00012138641737226676,32,0.9601038741161518,0.00012643050470347505,0.00012138641737226676,0.0020106390436279153,44.38328035833942,True,0.0,0,0.0,0.0,4.9999999999999996e-06,9.645131806565194e-06,2.912762692211567e-05,1.4645131806565194e-05,4.855456694890671e-05,3.3909435142341515e-05,0.6983778720140567,True,ReRAM HRS leakage residual,True,7.781887028468303,7.691194618792542,31
64,20,1.0,0.05,403.4,1016.0459,0.00012128538712931434,23,0.9593047770691995,0.00012643050470347592,0.00012128538712931434,0.002007068485321014,44.37507426007478,True,8.633743496392277e-06,18,0.14361881589648517,4.3168717481961387e-05,4.9999999999999996e-06,9.645131806565194e-06,2.912762692211567e-05,5.3102446139567856e-05,4.851415485172574e-05,-4.588291287842118e-06,-0.09457634172676727,False,device spread,False,0.8970667004183434,0.8841414046579474,19
64,20,1.0,0.1,403.4,1016.0459,0.0001211407930374012,23,0.9581611124745492,0.00012643050470347592,0.0001211407930374012,0.0020064348453839843,44.38269298243214,True,1.7253449030931428e-05,18,0.14717700922545723,8.626724515465713e-05,4.9999999999999996e-06,9.645131806565194e-06,2.912762692211567e-05,9.605715404059067e-05,4.845631721496049e-05,-4.7600836825630185e-05,-0.9823453279469166,False,device spread,False,0.45056679999349175,0.44360570469437594,19
64,20,1.0,0.15,403.4,1016.0459,0.00012096592550345079,23,0.9567780005874256,0.00012643050470347592,0.00012096592550345079,0.0020053576595854177,44.39057577225548,True,2.583904126362354e-05,18,0.15041471225685024,0.0001291952063181177,4.9999999999999996e-06,9.645131806565194e-06,2.912762692211567e-05,0.00013893705473905544,4.838637020138032e-05,-9.055068453767511e-05,-1.8714089145519737,False,device spread,False,0.3006521638682399,0.2953956920907739,19
64,20,1.0,0.2,403.4,1016.0459,0.0001207617334838193,23,0.9551629471625389,0.00012643050470347592,0.0001207617334838193,0.002003851969102595,44.3987259431973,True,3.4370745837593106e-05,18,0.15330138876285254,0.00017185372918796554,4.9999999999999996e-06,9.645131806565194e-06,2.912762692211567e-05,0.00018157158188278412,4.8304693393527725e-05,-0.0001332668884892564,-2.7588807448493737,False,device spread,False,0.22566537246391766,0.22124326748113368,19
64,20,2.0,0.0,403.4,1016.0459,0.00011663936940429012,33,0.9225571761961288,0.00012643050470347592,0.00023327873880858024,0.001970896413991161,44.5563727257429,True,0.0,0,0.0,0.0,4.9999999999999996e-06,9.638250073757022e-06,2.9118704562695365e-05,1.4638250073757022e-05,4.665574776171605e-05,3.201749768795903e-05,0.6862498025212529,True,ReRAM HRS leakage residual,True,7.403499537591807,7.068230304741221,32
64,20,2.0,0.05,403.4,1016.0459,0.00011657774373642388,23,0.9220697489885037,0.00012643050470347592,0.00023315548747284776,0.0019643377166752686,44.53201019649882,True,8.249229594362302e-06,27,0.14782143301056788,4.124614797181151e-05,4.9999999999999996e-06,9.638250073757022e-06,2.9118704562695365e-05,5.1186351384317186e-05,4.6631097494569555e-05,-4.555253889747631e-06,-0.09768704007616624,False,device spread,False,0.8911392914933767,0.8526724225741261,26
64,20,2.0,0.1,403.4,1016.0459,0.00011644064314492533,23,0.9209853541122822,0.00012643050470347592,0.00023288128628985065,0.0019637295357867726,44.539541534083035,True,1.647746169359414e-05,18,0.15138540456903024,8.238730846797071e-05,4.9999999999999996e-06,9.638250073757022e-06,2.9118704562695365e-05,9.217714149226687e-05,4.657625725797013e-05,-4.560088423429674e-05,-0.9790585787460094,False,device spread,False,0.4482527217179031,0.42799219730937293,26
64,20,2.0,0.15,403.4,1016.0459,0.00011627537075999074,23,0.9196781348986738,0.00012643050470347592,0.00023255074151998147,0.0019626957086868475,44.5473047984402,True,2.4677982936305e-05,18,0.15463813274618163,0.000123389914681525,4.9999999999999996e-06,9.638250073757022e-06,2.9118704562695365e-05,0.0001331294280789652,4.6510148303996295e-05,-8.661927977496892e-05,-1.8623737599978007,False,device spread,False,0.2994342829590095,0.28529071839761233,26
64,20,2.0,0.2,403.4,1016.0459,0.00011608280026594356,23,0.9181550017394824,0.00012643050470347592,0.00023216560053188713,0.00196125065478906,44.5553045109197,True,3.28280844144957e-05,18,0.15755148670764396,0.00016414042207247851,4.9999999999999996e-06,9.638250073757022e-06,2.9118704562695365e-05,0.00017385480879464666,4.643312010637743e-05,-0.00012742168868826924,-2.744198287695259,False,device spread,False,0.22488591159532964,0.21389638089803395,19
64,20,5.0,0.0,403.4,1016.0459,0.0001039613934026456,32,0.8222809332800847,0.00012643050470347505,0.000519806967013228,0.0018605987533400602,45.05561267758651,True,0.0,0,0.0,0.0,4.9999999999999996e-06,9.617652439410616e-06,2.909197257674155e-05,1.4617652439410616e-05,4.158455736105824e-05,2.6966904921647624e-05,0.6484836351029846,True,ReRAM HRS leakage residual,True,6.393380984329525,4.715358578730491,31
64,20,5.0,0.05,403.4,1016.0459,0.00010393012330083904,33,0.8220336029235333,0.00012643050470347592,0.0005196506165041952,0.0018603600902498355,45.05711143247302,True,7.34047157236578e-06,27,0.1591278518671889,3.6702357861828904e-05,4.9999999999999996e-06,9.617652439410616e-06,2.909197257674155e-05,4.6659022184841924e-05,4.157204932033562e-05,-5.086972864506306e-06,-0.12236521768047488,False,device spread,False,0.8640873595096614,0.6584572321904398,26
64,20,5.0,0.1,403.4,1016.0459,0.00010386293548521517,30,0.8215021819995922,0.00012643050470347592,0.0005193146774260758,0.0018590286909814838,45.05650999003174,True,1.4660524884281799e-05,27,0.16246800296362415,7.3302624421409e-05,4.9999999999999996e-06,9.617652439410616e-06,2.909197257674155e-05,8.309060492579262e-05,4.154517419408607e-05,-4.154543073170655e-05,-1.000006174907807,False,device spread,False,0.43524223488365155,0.3304387178686341,26
64,20,5.0,0.15,403.4,1016.0459,0.00010377102290503581,30,0.8207752009565684,0.00012643050470347592,0.0005188551145251791,0.001858110476390624,45.059908684675996,True,2.1944178789609476e-05,27,0.16552814807914376,0.00010972089394804738,4.9999999999999996e-06,9.617652439410616e-06,2.909197257674155e-05,0.00011945241273303833,4.1508409162014325e-05,-7.794400357102401e-05,-1.8777882637418217,False,device spread,False,0.29080404040670615,0.21988309048866356,26
64,20,5.0,0.2,403.4,1016.0459,0.00010364846728069035,37,0.8198058492591106,0.00012643050470347505,0.0005182423364034517,0.0018542384745707213,45.05205407929725,True,2.9175873593670382e-05,27,0.16828841214966317,0.0001458793679683519,4.9999999999999996e-06,9.617652439410616e-06,2.909197257674155e-05,0.00015558268249402956,4.145938691227614e-05,-0.00011412329558175341,-2.7526527544468213,False,device spread,False,0.21849789571969447,0.1645405286129461,26
64,20,10.0,0.0,403.4,1016.0459,8.700308397361473e-05,33,0.6881494634358031,0.00012643050470347592,0.0008700308397361473,0.0017019329200810393,45.828155832303025,True,0.0,0,0.0,0.0,4.9999999999999996e-06,9.583480805301029e-06,2.9047535869905234e-05,1.4583480805301029e-05,3.4801233589445896e-05,2.0217752784144868e-05,0.5809493141150107,True,ReRAM HRS leakage residual,True,5.043550556828974,0.21919039801988563,32
64,20,10.0,0.05,403.4,1016.0459,8.697885220993356e-05,33,0.687957802699037,0.00012643050470347592,0.0008697885220993356,0.0017017317991781132,45.829548839722975,True,6.135107898053257e-06,27,0.1736332053987728,3.067553949026628e-05,4.9999999999999996e-06,9.583480805301029e-06,2.9047535869905234e-05,4.066383992515172e-05,3.4791540883973426e-05,-5.872299041178295e-06,-0.16878525331090882,False,device spread,False,0.8144664562757009,0.03408830525714357,26
64,20,10.0,0.1,403.4,1016.0459,8.69372726180213e-05,33,0.6876289295998607,0.00012643050470347592,0.000869372726180213,0.0017012000806058696,45.83098766333919,True,1.2254122737280895e-05,27,0.17600154926938405,6.127061368640447e-05,4.9999999999999996e-06,9.583480805301029e-06,2.9047535869905234e-05,7.105776893870372e-05,3.477490904720852e-05,-3.62828598914952e-05,-1.0433631858602297,False,device spread,False,0.41141662652720057,0.015010085207600792,26
64,20,10.0,0.15,403.4,1016.0459,8.687855954855253e-05,33,0.6871645395414134,0.00012643050470347592,0.0008687855954855253,0.0017003443363126423,45.83248534951909,True,1.8344398036791054e-05,27,0.1794656653282992,9.172199018395527e-05,4.9999999999999996e-06,9.583480805301029e-06,2.9047535869905234e-05,0.00010144165128188731,3.475142381942101e-05,-6.66902274624663e-05,-1.9190646060722303,False,device spread,False,0.2750116192047419,0.008677624231395311,26
64,20,10.0,0.2,403.4,1016.0459,8.679864065257552e-05,30,0.6865324223465604,0.00012643050470347592,0.0008679864065257552,0.0016981265584182406,45.82914261104037,True,2.4393585601156395e-05,27,0.18346595099056884,0.00012196792800578198,4.9999999999999996e-06,9.583480805301029e-06,2.9047535869905234e-05,0.00013165385174773576,3.471945626103021e-05,-9.693439548670555e-05,-2.7919329945125493,False,device spread,False,0.20665099053915828,0.005604785998460186,26
64,20,20.0,0.0,403.4,1016.0459,6.353055362628805e-05,33,0.5024938702514048,0.00012643050470347592,0.001270611072525761,0.001454086078678475,47.192149532373605,True,0.0,0,0.0,0.0,4.9999999999999996e-06,9.51572325815853e-06,2.8959096953198784e-05,1.4515723258158529e-05,2.5412221450515223e-05,1.0896498192356694e-05,0.42878967561239206,True,ReRAM HRS leakage residual,True,3.179299638471339,-7.919338304200071,32
64,20,20.0,0.05,403.4,1016.0459,6.351513634784087e-05,33,0.502371927540796,0.00012643050470347592,0.0012703027269568175,0.001453937689481737,47.19337119807713,True,4.482343303919189e-06,27,0.19358836979119182,2.2411716519595944e-05,4.9999999999999996e-06,9.51572325815853e-06,2.8959096953198784e-05,3.247841119652345e-05,2.540605453913635e-05,-7.072356657387098e-06,-0.2783728833807154,False,device spread,False,0.6969200426844417,-1.9052254568408535,33
64,20,20.0,0.1,403.4,1016.0459,6.349057873434193e-05,33,0.5021776895002492,0.00012643050470347592,0.0012698115746868387,0.001453544620637494,47.19438164786109,True,8.954077368210177e-06,27,0.19321158218881954,4.4770386841050885e-05,4.9999999999999996e-06,9.51572325815853e-06,2.8959096953198784e-05,5.456444730110277e-05,2.5396231493736776e-05,-2.9168215807365992e-05,-1.1485253556048056,False,device spread,False,0.35510451354074407,-0.9763689235680906,33
64,20,20.0,0.15,403.4,1016.0459,6.34569592480047e-05,33,0.501911776725353,0.00012643050470347592,0.001269139184960094,0.0014529116696212715,47.19519908781403,True,1.3406793466820384e-05,27,0.19269471824554588,6.703396733410192e-05,4.9999999999999996e-06,9.51572325815853e-06,2.8959096953198784e-05,7.673590457708568e-05,2.5382783699201883e-05,-5.13531208778838e-05,-2.0231477164381504,False,device spread,False,0.23777967974366004,-0.655234545076348,33
64,20,20.0,0.2,403.4,1016.0459,6.341442004125144e-05,33,0.5015753135683559,0.00012643050470347592,0.0012682884008250288,0.001452046729185152,47.19585135855301,True,1.7832239538320868e-05,27,0.1920674431837843,8.916119769160433e-05,4.9999999999999996e-06,9.51572325815853e-06,2.8959096953198784e-05,9.881700641692031e-05,2.5365768016500577e-05,-7.345123840041974e-05,-2.8956835981721225,False,device spread,False,0.17878675356523982,-0.49328544765144183,33
64,20,50.0,0.0,403.4,1016.0459,3.0807040907324936e-05,33,0.24366778397016053,0.00012643050470347592,0.0015403520453662468,0.0010122095252007935,50.332408691548984,True,0.0,0,0.0,0.0,4.9999999999999996e-06,9.317022155838368e-06,2.8697201874051384e-05,1.4317022155838367e-05,1.2322816362929976e-05,-1.9942057929083913e-06,-0.1618303587569029,False,ReRAM HRS leakage residual,False,0.6011588414183217,-20.645404719922826,32
64,20,50.0,0.05,403.4,1016.0459,3.080162510456025e-05,33,0.24362494776716198,0.00012643050470347592,0.0015400812552280126,0.0010121363324848487,50.333307685967135,True,2.337266201441676e-06,11,0.20381076484421462,1.1686331007208381e-05,4.9999999999999996e-06,9.317022155838368e-06,2.8697201874051384e-05,2.202805407343027e-05,1.23206500418241e-05,-9.70740403160617e-06,-0.7878970670097019,False,device spread,False,0.251625994140944,-8.412377938006424,33
64,20,50.0,0.1,403.4,1016.0459,3.0795012962109866e-05,33,0.24357264913507246,0.00012643050470347592,0.0015397506481054932,0.001011941813244958,50.33350300035966,True,4.673068108705417e-06,11,0.1944422726995168,2.3365340543527084e-05,4.9999999999999996e-06,9.317022155838368e-06,2.8697201874051384e-05,3.321135492984548e-05,1.2318005184843948e-05,-2.0893349745001533e-05,-1.6961634153806555,False,device spread,False,0.1349954219993383,-4.500502472763986,33
64,20,50.0,0.15,403.4,1016.0459,3.078717461410397e-05,33,0.24351065185028517,0.00012643050470347592,0.0015393587307051984,0.0010116282796425408,50.33302252990889,True,7.003055145009237e-06,11,0.1851664326478546,3.5015275725046184e-05,4.9999999999999996e-06,9.317022155838368e-06,2.8697201874051384e-05,4.468748347741302e-05,1.2314869845641587e-05,-3.2372613631771434e-05,-2.628741841167617,False,device spread,False,0.0913118981604315,-3.0441212280500776,33
64,20,50.0,0.2,403.4,1016.0459,3.0778069445273014e-05,33,0.243438634666993,0.00012643050470347592,0.0015389034722636508,0.0010111995403218397,50.331909765797285,True,9.322859401245068e-06,11,0.17835191553148122,4.6614297006225344e-05,4.9999999999999996e-06,9.317022155838368e-06,2.8697201874051384e-05,5.6198710322803824e-05,1.2311227778109206e-05,-4.388748254469462e-05,-3.564833933357294,False,device spread,False,0.06887496305799197,-2.296716920685606,33
64,40,1.0,0.0,403.4,505.79,0.0001770919888727687,33,0.9414985189209745,0.00018809587621627802,0.0001770919888727687,0.0029484421561003097,44.42787393188566,True,0.0,0,0.0,0.0,4.9999999999999996e-06,9.700283580894517e-06,2.919897273948903e-05,1.4700283580894517e-05,7.083679554910749e-05,5.6136511968212974e-05,0.7924767281334237,True,ReRAM HRS leakage residual,True,12.227302393642596,11.935287500169855,32
64,40,1.0,0.05,403.4,505.79,0.00017692406125785812,23,0.940605742224903,0.00018809587621628062,0.00017692406125785812,0.0029413237798050947,44.41511868303622,True,1.8466887448884855e-05,18,0.14195223477439353,9.233443724442428e-05,4.9999999999999996e-06,9.700283580894517e-06,2.919897273948903e-05,0.00010216999917061894,7.076962450314325e-05,-3.140037466747569e-05,-0.4436984778134726,False,device spread,False,0.6622196690277288,0.6451516594781714,26
64,40,1.0,0.1,403.4,505.79,0.0001767232176569638,23,0.9395379697413458,0.00018809587621628062,0.0001767232176569638,0.002941722868351245,44.42616292699677,True,3.686751624561377e-05,18,0.1416499785916724,0.00018433758122806884,4.9999999999999996e-06,9.700283580894517e-06,2.919897273948903e-05,0.00019410566271343195,7.068928706278552e-05,-0.00012341637565064644,-1.7458992837348783,False,device spread,False,0.3318769770889139,0.3227699781854107,26
64,40,1.0,0.15,403.4,505.79,0.00017653029814233422,23,0.9385123251684273,0.00018809587621628062,0.00017653029814233422,0.00294231611952381,44.43740152749966,True,5.513951323672423e-05,18,0.14115521135248757,0.0002756975661836212,4.9999999999999996e-06,9.700283580894517e-06,2.919897273948903e-05,0.000285443185573987,7.06121192569337e-05,-0.00021483106631705327,-3.042410687821951,False,device spread,False,0.22174571949092675,0.21538185284790864,19
64,40,1.0,0.2,403.4,505.79,0.00017634527722305143,23,0.9375286729852713,0.00018809587621628062,0.00017634527722305143,0.0029430972471252985,44.44881558702803,True,7.32237120430868e-05,18,0.14048594046766844,0.000366118560215434,4.9999999999999996e-06,9.700283580894517e-06,2.919897273948903e-05,0.0003758529841502367,7.053811088922057e-05,-0.0003053148732610161,-4.328367593236374,False,device spread,False,0.16682975931869012,0.16186249978200254,19
64,40,2.0,0.0,403.4,505.79,0.00016703522488320174,33,0.8880323601094787,0.00018809587621627802,0.0003340704497664035,0.0028634073005206866,44.68150123570641,True,0.0,0,0.0,0.0,4.9999999999999996e-06,9.693338098132678e-06,2.91900034936083e-05,1.4693338098132678e-05,6.68140899532807e-05,5.212075185514803e-05,0.7800862346788395,True,ReRAM HRS leakage residual,True,11.424150371029606,10.38415118039947,32
64,40,2.0,0.05,403.4,505.79,0.00016696280877426869,37,0.887647364380757,0.00018809587621627846,0.00033392561754853737,0.0028603473729195035,44.67598073557013,True,1.7379056464729825e-05,27,0.14850638791702306,8.689528232364912e-05,4.9999999999999996e-06,9.693338098132678e-06,2.91900034936083e-05,9.673235285649657e-05,6.678512350970747e-05,-2.9947229346789095e-05,-0.44841167872417204,False,device spread,False,0.6566548171004776,0.6033662479508797,26
64,40,2.0,0.1,403.4,505.79,0.0001667945701577685,23,0.886752934264125,0.00018809587621628062,0.000333589140315537,0.002850564613078385,44.65497962048285,True,3.469901079711467e-05,27,0.14867760892846418,0.00017349505398557335,4.9999999999999996e-06,9.693338098132678e-06,2.91900034936083e-05,0.00018326042529342158,6.67178280631074e-05,-0.00011654259723031418,-1.746798428750982,False,device spread,False,0.3291252213994346,0.3017889331012181,26
64,40,2.0,0.15,403.4,505.79,0.0001666120220676459,23,0.8857824287230429,0.00018809587621628062,0.0003332240441352918,0.0028511156685554545,44.66617003256988,True,5.190075115937959e-05,27,0.14865900931153744,0.00025950375579689795,4.9999999999999996e-06,9.693338098132678e-06,2.91900034936083e-05,0.00026924525828501175,6.664480882705836e-05,-0.00020260044945795338,-3.040003460490022,False,device spread,False,0.21998827958148176,0.20130613627334168,26
64,40,2.0,0.2,403.4,505.79,0.00016643622676185956,23,0.8848478239389157,0.00018809587621628062,0.00033287245352371913,0.0028518409535925994,44.67754879855497,True,6.892817742497791e-05,27,0.14846487406008677,0.00034464088712488956,4.9999999999999996e-06,9.693338098132678e-06,2.91900034936083e-05,0.00035437049295210737,6.657449070474382e-05,-0.00028779600224736353,-4.322917069298081,False,device spread,False,0.1655859613490107,0.15122606461852411,26
64,40,5.0,0.0,403.4,505.79,0.00014155083028272956,32,0.7525461649141599,0.00018809587621627932,0.0007077541514136478,0.002635613061915407,45.39938460202298,True,0.0,0,0.0,0.0,4.9999999999999996e-06,9.672549852458336e-06,2.9163131146907155e-05,1.4672549852458335e-05,5.6620332113091826e-05,4.194778226063349e-05,0.7408607596445778,True,ReRAM HRS leakage residual,True,9.3895564521267,4.656902802240397,31
64,40,5.0,0.05,403.4,505.79,0.0001415145948644386,33,0.7523535215717386,0.00018809587621627802,0.0007075729743221931,0.0026356038656572362,45.401578069472485,True,1.470816615935105e-05,27,0.16510281327888524,7.354083079675525e-05,4.9999999999999996e-06,9.672549852458336e-06,2.9163131146907155e-05,8.338315827673458e-05,5.660583794577545e-05,-2.6777320330959137e-05,-0.47304874024848803,False,device spread,False,0.6384499056587738,0.3310439033661426,26
64,40,5.0,0.1,403.4,505.79,0.00014146477210007832,30,0.7520886419509615,0.0001880958762162802,0.0007073238605003916,0.0026343991242083723,45.40066538128323,True,2.9366609052047677e-05,27,0.16609370631038656,0.0001468330452602384,4.9999999999999996e-06,9.672549852458336e-06,2.9163131146907155e-05,0.00015659070114900582,5.658590884003133e-05,-0.00010000479230897448,-1.767309112091644,False,device spread,False,0.320133958793908,0.16468467347482585,26
64,40,5.0,0.15,403.4,505.79,0.0001414062119045036,30,0.7517773103218333,0.0001880958762162802,0.0007070310595225181,0.0026348823670158433,45.405854858091374,True,4.392477911472725e-05,27,0.16690892955519343,0.00021962389557363625,4.9999999999999996e-06,9.672549852458336e-06,2.9163131146907155e-05,0.0002293533535357558,5.6562484761801445e-05,-0.00017279086877395437,-3.0548670112640783,False,device spread,False,0.21398202563678853,0.10896730260899407,26
64,40,5.0,0.2,403.4,505.79,0.00014135182515097588,30,0.7514881665371753,0.0001880958762162802,0.0007067591257548793,0.0026355063003757544,45.411252764877986,True,5.833471107377243e-05,27,0.16755369824114583,0.0002916735553688621,4.9999999999999996e-06,9.672549852458336e-06,2.9163131146907155e-05,0.0003013889582039816,5.6540730060390353e-05,-0.00024484822814359124,-4.330475179257012,False,device spread,False,0.1610580976726803,0.0806583165427863,26
64,40,10.0,0.0,403.4,505.79,0.00011044238515608594,32,0.5871600556999738,0.00018809587621627932,0.0011044238515608594,0.0023274981221366128,46.47507123998092,True,0.0,0,0.0,0.0,4.9999999999999996e-06,9.638062646929492e-06,2.911846149641125e-05,1.4638062646929492e-05,4.417695406243438e-05,2.953889141550489e-05,0.6686493453975614,True,ReRAM HRS leakage residual,True,6.907778283100979,-5.154908099268379,31
64,40,10.0,0.05,403.4,505.79,0.00011041439537343715,33,0.5870112497654096,0.00018809587621627802,0.0011041439537343716,0.0023274877733314905,46.47723419265412,True,1.1476472429591524e-05,27,0.18316877971488518,5.738236214795762e-05,4.9999999999999996e-06,9.638062646929492e-06,2.911846149641125e-05,6.723784984861418e-05,4.416575814937486e-05,-2.307209169923932e-05,-0.5223977276967879,False,device spread,False,0.6035252814720177,-0.503676488192589,28
64,40,10.0,0.1,403.4,505.79,0.00011038768825153538,33,0.5868692630167418,0.00018809587621627802,0.0011038768825153537,0.0023275881236597285,46.47970988333362,True,2.2914608421639473e-05,27,0.18413464495583948,0.00011457304210819737,4.9999999999999996e-06,9.638062646929492e-06,2.911846149641125e-05,0.00012432015356755567,4.415507530061415e-05,-8.016507826694153e-05,-1.8155348557592996,False,device spread,False,0.30295373285532595,-0.25575249592889493,26
64,40,10.0,0.15,403.4,505.79,0.00011036211911309501,33,0.5867333262862047,0.00018809587621627802,0.00110362119113095,0.0023277968685810765,46.48250097310223,True,3.427452110241156e-05,27,0.18783718395276552,0.0001713726055120578,4.9999999999999996e-06,9.638062646929492e-06,2.911846149641125e-05,0.0001810835931223297,4.4144847645238006e-05,-0.0001369387454770917,-3.1020323499035465,False,device spread,False,0.20251610988072555,-0.17284942813275275,26
64,40,10.0,0.2,403.4,505.79,0.00011033694163544602,30,0.5865994717958419,0.0001880958762162802,0.0011033694163544601,0.002326320583931164,46.4789724325056,True,4.5518367086428387e-05,27,0.19153665847510132,0.00022759183543214195,4.9999999999999996e-06,9.638062646929492e-06,2.911846149641125e-05,0.00023728481433772604,4.413477665417841e-05,-0.00019315003768354764,-4.376368304681596,False,device spread,False,0.15242050490360612,-0.13150221301260231,26
64,40,20.0,0.0,403.4,505.79,7.266255163378317e-05,32,0.38630592597486396,0.00018809587621627932,0.0014532510326756634,0.001887050842208026,48.28945913614384,True,0.0,0,0.0,0.0,4.9999999999999996e-06,9.569681778847858e-06,2.9029560374732588e-05,1.4569681778847857e-05,2.906502065351327e-05,1.4495338874665412e-05,0.4987210932159882,True,ReRAM HRS leakage residual,True,3.8990677749330827,-19.731584104712084,31
64,40,20.0,0.05,403.4,505.79,7.264454579042702e-05,33,0.38621019903114856,0.00018809587621627802,0.0014528909158085404,0.0018870409893439804,48.2915664220789,True,7.57957937282721e-06,27,0.20636347775106065,3.789789686413605e-05,4.9999999999999996e-06,9.569681778847858e-06,2.9029560374732588e-05,4.7795989300300845e-05,2.905781831617081e-05,-1.8738170984130035e-05,-0.644858150747751,False,device spread,False,0.5146141166253193,-2.7762485719363714,33
64,40,20.0,0.1,403.4,505.79,7.262618069022266e-05,33,0.38611256212079315,0.00018809587621627802,0.0014525236138044533,0.0018870975260037175,48.29402278898441,True,1.5134472389193898e-05,27,0.2052308936753896,7.56723619459695e-05,4.9999999999999996e-06,9.569681778847858e-06,2.9029560374732588e-05,8.540704962928036e-05,2.9050472276089067e-05,-5.635657735319129e-05,-1.9399539125419796,False,device spread,False,0.2593690718507718,-1.4034567454700488,33
64,40,20.0,0.15,403.4,505.79,7.260738578818404e-05,33,0.38601264019577963,0.00018809587621627802,0.0014521477157636807,0.0018872190860693137,48.296830393898766,True,2.2638055593173595e-05,27,0.20401275390557946,0.00011319027796586798,4.9999999999999996e-06,9.569681778847858e-06,2.9029560374732588e-05,0.00012287033943797382,2.9042954315273615e-05,-9.38273851227002e-05,-3.230641900412887,False,device spread,False,0.1735687470046447,-0.9413587521545549,33
64,40,20.0,0.2,403.4,505.79,7.258806384162958e-05,33,0.3859099162714537,0.00018809587621627802,0.0014517612768325916,0.001887403711926761,48.29999184627381,True,3.00650670595065e-05,27,0.2027010015183637,0.0001503253352975325,4.9999999999999996e-06,9.569681778847858e-06,2.9029560374732588e-05,0.00015997814707357643,2.9035225536651833e-05,-0.0001309429215369246,-4.509795226891981,False,device spread,False,0.13070875578084534,-0.7104870821879546,30
64,40,50.0,0.0,403.4,505.79,2.9647788427344078e-05,32,0.1576206189297526,0.00018809587621627932,0.001482389421367204,0.0012044424924544995,52.17587532297124,True,0.0,0,0.0,0.0,4.9999999999999996e-06,9.369171238882189e-06,2.876630748328856e-05,1.4369171238882189e-05,1.1859115370937633e-05,-2.510055867944556e-06,-0.2116562483316241,False,ReRAM HRS leakage residual,False,0.4979888264110887,-35.33939947459494,31
64,40,50.0,0.05,403.4,505.79,2.9640844111929847e-05,33,0.15758369990976281,0.00018809587621627802,0.0014820422055964923,0.0012044364976948967,52.17786680040858,True,3.8801138819854654e-06,58,0.19400992500598255,1.9400569409927328e-05,4.9999999999999996e-06,9.369171238882189e-06,2.876630748328856e-05,2.940369377947217e-05,1.185633764477194e-05,-1.754735613470023e-05,-1.4799980112271642,False,device spread,False,0.15357080898119652,-9.466492241226465,33
64,40,50.0,0.1,403.4,505.79,2.9633273743330903e-05,33,0.15754345251704358,0.00018809587621627802,0.001481663687166545,0.0012044533866151306,52.18020728333087,True,7.745457121564488e-06,58,0.19371525714204965,3.872728560782244e-05,4.9999999999999996e-06,9.369171238882189e-06,2.876630748328856e-05,4.841789273587682e-05,1.1853309497332361e-05,-3.656458323854446e-05,-3.0847573200356813,False,device spread,False,0.0797187163335943,-4.878997353305767,33
64,40,50.0,0.15,403.4,505.79,2.9625056660861714e-05,33,0.15749976691034936,0.00018809587621627802,0.0014812528330430856,0.0012044926985508757,52.18289964131709,True,1.1582512390354531e-05,58,0.20434506583894807,5.7912561951772656e-05,4.9999999999999996e-06,9.369171238882189e-06,2.876630748328856e-05,6.749717509088029e-05,1.1850022664344687e-05,-5.5647152426535604e-05,-4.695953248593463,False,device spread,False,0.05360958000583433,-3.281398251932437,33
64,40,50.0,0.2,403.4,505.79,2.9616164659641396e-05,33,0.15745249314018922,0.00018809587621627802,0.0014808082329820697,0.0012045537906056204,52.18594765277856,True,1.537993374719609e-05,10,0.2149228795363238,7.689966873598045e-05,4.9999999999999996e-06,9.369171238882189e-06,2.876630748328856e-05,8.643121800448224e-05,1.184646586385656e-05,-7.458475214062568e-05,-6.29594961043892,False,device spread,False,0.04041191998944145,-2.476782828890679,33
64,60,1.0,0.0,403.4,336.8506,0.00020884637356058606,32,0.9305956903136344,0.0002244222445197436,0.00020884637356058606,0.0034919894436802974,44.4649196729214,True,0.0,0,0.0,0.0,4.9999999999999996e-06,9.718656155900153e-06,2.9222677063626273e-05,1.4718656155900153e-05,8.353854942423443e-05,6.881989326833428e-05,0.8238100103803061,True,ReRAM HRS leakage residual,True,14.763978653666857,14.271992333264977,31
64,60,1.0,0.05,403.4,336.8506,0.00020865115362477416,23,0.929725812480308,0.0002244222445197449,0.00020865115362477416,0.0034824727812123074,44.44933880875873,True,2.5813535899528707e-05,27,0.14111091166715498,0.00012906767949764353,4.9999999999999996e-06,9.718656155900153e-06,2.9222677063626273e-05,0.00013888314775830003,8.346046144990967e-05,-5.542268630839035e-05,-0.6640591885734216,False,device spread,False,0.5717045897755626,0.5528931222085965,26
64,60,1.0,0.1,403.4,336.8506,0.00020845524503610617,23,0.9288528660881746,0.0002244222445197449,0.00020845524503610617,0.003484478213894572,44.46249852867658,True,5.1567305217054006e-05,27,0.13872928562206432,0.00025783652608527,4.9999999999999996e-06,9.718656155900153e-06,2.9222677063626273e-05,0.00026760365801471346,8.338209801444248e-05,-0.00018422156000027096,-2.209365851748684,False,device spread,False,0.2863177461171434,0.2764617452575371,26
64,60,1.0,0.15,403.4,336.8506,0.00020832627175149609,23,0.9282781757989562,0.0002244222445197449,0.00020832627175149609,0.003487699671796981,44.47590077539722,True,7.719069110642549e-05,27,0.1362187749437956,0.00038595345553212745,4.9999999999999996e-06,9.718656155900153e-06,2.9222677063626273e-05,0.00039570449765425085,8.333050870059844e-05,-0.0003123739889536524,-3.748614928969095,False,device spread,False,0.19134638211776564,0.18448455197081098,26
64,60,1.0,0.2,403.4,336.8506,0.00020826243558213033,23,0.9279937290877919,0.0002244222445197449,0.00020826243558213033,0.0034920983916227845,44.48951057220125,True,0.00010261486069261596,27,0.13362442008459222,0.0005130743034630798,4.9999999999999996e-06,9.718656155900153e-06,2.9222677063626273e-05,0.00052281732198356,8.330497423285213e-05,-0.00043951234775070787,-5.275943625193294,False,device spread,False,0.1440323734568921,0.13839010658315895,26
64,60,2.0,0.0,403.4,336.8506,0.000194861098753375,32,0.868278896195747,0.0002244222445197436,0.00038972219750675,0.0033728731829789035,44.76549730712745,True,0.0,0,0.0,0.0,4.9999999999999996e-06,9.711689377919254e-06,2.9213692206329737e-05,1.4711689377919254e-05,7.794443950135001e-05,6.323275012343076e-05,0.8112541513924871,True,ReRAM HRS leakage residual,True,13.646550024686153,11.933414857873796,31
64,60,2.0,0.05,403.4,336.8506,0.0001947946216562578,37,0.8679826818108469,0.0002244222445197449,0.0003895892433125156,0.0033690988123259926,44.75873573799951,True,2.4065710720796184e-05,27,0.1491192074021681,0.00012032855360398093,4.9999999999999996e-06,9.711689377919254e-06,2.9213692206329737e-05,0.0001301440804213014,7.791784866250313e-05,-5.222623175879828e-05,-0.6702730203064683,False,device spread,False,0.5670605057531446,0.5041498748814618,26
64,60,2.0,0.1,403.4,336.8506,0.00019466475449382852,23,0.867404008503719,0.0002244222445197449,0.00038932950898765703,0.0033569297933493665,44.73309864299757,True,4.807452597423159e-05,27,0.14760676338586412,0.00024037262987115795,4.9999999999999996e-06,9.711689377919254e-06,2.9213692206329737e-05,0.000250136316217968,7.786590179753141e-05,-0.0001722704144204366,-2.2123986294845444,False,device spread,False,0.284006807707215,0.2519488720975454,26
64,60,2.0,0.15,403.4,336.8506,0.00019453513686104682,23,0.866826447072324,0.0002244222445197449,0.00038907027372209364,0.0033599127461946994,44.746598889305524,True,7.195877026184547e-05,27,0.1459602001741942,0.00035979385130922734,4.9999999999999996e-06,9.711689377919254e-06,2.9213692206329737e-05,0.00036954028112672174,7.781405474441874e-05,-0.000291726226382303,-3.749017158153261,False,device spread,False,0.18979918545475916,0.16801648344441267,26
64,60,2.0,0.2,403.4,336.8506,0.00019446198175103522,23,0.8665004762214036,0.0002244222445197449,0.00038892396350207045,0.0033639854257256126,44.76038796530196,True,9.565254799189353e-05,27,0.14421719318667628,0.00047826273995946764,4.9999999999999996e-06,9.711689377919254e-06,2.9213692206329737e-05,0.0004880005648846964,7.77847927004141e-05,-0.0004102157721842823,-5.273727137953772,False,device spread,False,0.14286445141724788,0.12591988909556953,26
64,60,5.0,0.0,403.4,336.8506,0.0001604871522536762,33,0.7151124996415259,0.00022442224451974446,0.000802435761268381,0.0030603095018112486,45.606501597547904,True,0.0,0,0.0,0.0,4.9999999999999996e-06,9.690837460558065e-06,2.918677312505405e-05,1.4690837460558064e-05,6.419486090147049e-05,4.9504023440912425e-05,0.771152437216021,True,ReRAM HRS leakage residual,True,10.900804688182486,3.5183544112340694,32
64,60,5.0,0.05,403.4,336.8506,0.000160455937239948,33,0.7149734090901637,0.00022442224451974446,0.00080227968619974,0.0030606707738420735,45.60921649744675,True,1.97996380180702e-05,27,0.16863637746711632,9.8998190090351e-05,4.9999999999999996e-06,9.690837460558065e-06,2.918677312505405e-05,0.00010881521206723729,6.41823748959792e-05,-4.463283717125809e-05,-0.6954064452054761,False,device spread,False,0.551584767051781,0.18580149954237532,26
64,60,5.0,0.1,403.4,336.8506,0.00016044484849556297,30,0.7149239989062072,0.00022442224451974533,0.0008022242424778148,0.0030602105294719596,45.60851055271651,True,3.955010901453259e-05,27,0.16881465957431518,0.00019775054507266296,4.9999999999999996e-06,9.690837460558065e-06,2.918677312505405e-05,0.00020750458338468565,6.417793939822519e-05,-0.00014332664398646045,-2.2332696457752594,False,device spread,False,0.2763157835119703,0.09162898213495514,26
64,60,5.0,0.15,403.4,336.8506,0.00016044781346692363,30,0.71493721048141,0.00022442224451974533,0.0008022390673346181,0.0030627078478523166,45.61543536654404,True,5.919190624828308e-05,27,0.16884707055897638,0.0002959595312414154,4.9999999999999996e-06,9.690837460558065e-06,2.918677312505405e-05,0.00030569260119286815,6.417912538676946e-05,-0.00024151347580609868,-3.763115722606696,False,device spread,False,0.18465346668321042,0.05935651024287025,26
64,60,5.0,0.2,403.4,336.8506,0.00016048798612300564,30,0.7151162152684265,0.00022442224451974533,0.0008024399306150282,0.003066099910676641,45.62287550263997,True,7.86672355881135e-05,27,0.16898292495639533,0.0003933361779405675,4.9999999999999996e-06,9.690837460558065e-06,2.918677312505405e-05,0.0004030587935486128,6.419519444920225e-05,-0.00033886359909941055,-5.278644328549449,False,device spread,False,0.13898202420642417,0.04310802283595267,26
64,60,10.0,0.0,403.4,336.8506,0.00012060716264393825,32,0.5374118011431251,0.0002244222445197436,0.0012060716264393825,0.0026518503425553637,46.843518208548346,True,0.0,0,0.0,0.0,4.9999999999999996e-06,9.65624484392403e-06,2.914202591433688e-05,1.4656244843924029e-05,4.8242865057575306e-05,3.358662021365128e-05,0.6961987057271044,True,ReRAM HRS leakage residual,True,7.717324042730256,-9.93578673521744,31
64,60,10.0,0.05,403.4,336.8506,0.00012058032819077394,33,0.5372922298714707,0.00022442224451974446,0.0012058032819077394,0.0026521180787572097,46.84632788869842,True,1.489322369098892e-05,27,0.18900538390753352,7.44661184549446e-05,4.9999999999999996e-06,9.65624484392403e-06,2.914202591433688e-05,8.429003610328483e-05,4.823213127630958e-05,-3.6057904826975244e-05,-0.7475909497013247,False,device spread,False,0.5206892321225002,-0.74580554776241,30
64,60,10.0,0.1,403.4,336.8506,0.00012057325547803753,33,0.537260714667835,0.00022442224451974446,0.0012057325547803752,0.002653088564922993,46.850015214854075,True,2.974743266385251e-05,27,0.19019501470244696,0.00014873716331926254,4.9999999999999996e-06,9.65624484392403e-06,2.914202591433688e-05,0.00015847742529973474,4.822930219121501e-05,-0.00011024812310851974,-2.2859157835503887,False,device spread,False,0.26102870775457826,-0.37733435116267594,30
64,60,10.0,0.15,403.4,336.8506,0.00012058543603170499,33,0.5373149898297893,0.00022442224451974446,0.00120585436031705,0.0026547474823316827,46.85456718985799,True,4.451432509418101e-05,27,0.19351616844675457,0.00022257162547090504,4.9999999999999996e-06,9.65624484392403e-06,2.914202591433688e-05,0.00023228402492709522,4.8234174412681996e-05,-0.00018404985051441322,-3.8157562092743484,False,device spread,False,0.1744544533028218,-0.25462186748823,30
64,60,10.0,0.2,403.4,336.8506,0.00012061606068886118,33,0.5374514498194027,0.00022442224451974446,0.0012061606068886118,0.002657072031672287,46.85996375394426,True,5.9147123953639644e-05,27,0.19797900194498178,0.00029573561976819823,4.9999999999999996e-06,9.65624484392403e-06,2.914202591433688e-05,0.0003054341290741016,4.824642427554447e-05,-0.0002571877047985571,-5.330710175114935,False,device spread,False,0.1313040823027315,-0.19361018801032895,30
64,60,20.0,0.0,403.4,336.8506,7.533902979397523e-05,33,0.3357021491127052,0.00022442224451974446,0.0015067805958795047,0.002094338409230205,48.88053668898352,True,0.0,0,0.0,0.0,4.9999999999999996e-06,9.587655774414509e-06,2.9052970901230404e-05,1.4587655774414508e-05,3.0135611917590094e-05,1.5547956143175586e-05,0.5159329827346322,True,ReRAM HRS leakage residual,True,4.109591228635117,-27.868019001663136,32
64,60,20.0,0.05,403.4,336.8506,7.531954016920556e-05,33,0.3356153055611162,0.00022442224451974446,0.0015063908033841112,0.002094502103147642,48.88346281657042,True,9.43420749169666e-06,18,0.21023963199344034,4.71710374584833e-05,4.9999999999999996e-06,9.587655774414509e-06,2.9052970901230404e-05,5.702294616995899e-05,3.0127816067682225e-05,-2.6895130102276763e-05,-0.8927009525634642,False,device spread,False,0.44148693644110454,-3.1120278271293524,33
64,60,20.0,0.1,403.4,336.8506,7.530434342725646e-05,33,0.3355475906071836,0.00022442224451974446,0.0015060868685451293,0.002095097129208157,48.88768270942216,True,1.8833898536703725e-05,18,0.2095678030055615,9.416949268351863e-05,4.9999999999999996e-06,9.587655774414509e-06,2.9052970901230404e-05,0.0001038897944154404,3.0121737370902586e-05,-7.376805704453781e-05,-2.448997417917776,False,device spread,False,0.22200480938545963,-1.5694074312282749,33
64,60,20.0,0.15,403.4,336.8506,7.529328728720467e-05,33,0.33549832570443094,0.00022442224451974446,0.0015058657457440935,0.0020961144587381187,48.89317469888895,True,2.8166849088935248e-05,18,0.208719433964618,0.00014083424544467625,4.9999999999999996e-06,9.587655774414509e-06,2.9052970901230404e-05,0.00015051063009007148,3.011731491488187e-05,-0.0001203933151751896,-3.9974783779844745,False,device spread,False,0.14850789960663258,-1.0530049961632908,33
64,60,20.0,0.2,403.4,336.8506,7.528612573416585e-05,33,0.3354664146385108,0.00022442224451974446,0.001505722514683317,0.002097539716323815,48.89990488283591,True,3.740213711253496e-05,18,0.2076540068361765,0.0001870106855626748,4.9999999999999996e-06,9.587655774414509e-06,2.9052970901230404e-05,0.00019666517049657888,3.011445029366634e-05,-0.00016655072020291254,-5.530591413051342,False,device spread,False,0.11181363873686294,-0.7956543776319474,30
64,60,50.0,0.0,403.4,336.8506,2.84528338050454e-05,32,0.12678259174322737,0.0002244222445197436,0.00142264169025227,0.0012855351344366348,53.09916847069072,True,0.0,0,0.0,0.0,4.9999999999999996e-06,9.386540907225377e-06,2.8789265948052627e-05,1.4386540907225376e-05,1.138113352201816e-05,-3.0054073852072157e-06,-0.264069249288122,False,ReRAM HRS leakage residual,False,0.39891852295855684,-43.374685361063236,31
64,60,50.0,0.05,403.4,336.8506,2.844412275204999e-05,33,0.12674377628171124,0.00022442224451974446,0.0014222061376024996,0.0012855947430606405,53.10223087377176,True,4.957230468495743e-06,58,0.19367365076577406,2.4786152342478713e-05,4.9999999999999996e-06,9.386540907225377e-06,2.8789265948052627e-05,3.4671978375154676e-05,1.1377649100819997e-05,-2.3294329274334677e-05,-2.0473763136758922,False,device spread,False,0.10894834926437758,-9.682318148099187,33
64,60,50.0,0.1,403.4,336.8506,2.8432899736829875e-05,33,0.12669376780218583,0.00022442224451974446,0.0014216449868414938,0.0012858124931144216,53.10712975036151,True,9.898317547989628e-06,58,0.20319192917630463,4.9491587739948145e-05,4.9999999999999996e-06,9.386540907225377e-06,2.8789265948052627e-05,5.9130055630463274e-05,1.137315989473195e-05,-4.7756895735731324e-05,-4.199087692229872,False,device spread,False,0.05603913247272767,-4.949202257046648,33
64,60,50.0,0.15,403.4,336.8506,2.84191990972321e-05,33,0.1266327193101921,0.00022442224451974446,0.001420959954861605,0.0012861849607409973,53.1138318504016,True,1.4806524242062083e-05,58,0.21282908547152585,7.403262121031042e-05,4.9999999999999996e-06,9.386540907225377e-06,2.8789265948052627e-05,8.358781450323115e-05,1.1367679638892841e-05,-7.222013486433831e-05,-6.353111378794293,False,device spread,False,0.03757680563892796,-3.325289238061526,33
64,60,50.0,0.2,403.4,336.8506,2.840307274022613e-05,33,0.12656086209728312,0.00022442224451974446,0.0014201536370113065,0.0012867066953225204,53.12228469532719,True,1.9665728589165862e-05,58,0.2226275563193888,9.832864294582932e-05,4.9999999999999996e-06,9.386540907225377e-06,2.8789265948052627e-05,0.00010784222648997062,1.1361229096090453e-05,-9.648099739388017e-05,-8.492126738917758,False,device spread,False,0.02826725936934335,-2.5110088654020872,33
64,100,1.0,0.0,403.4,202.0276,0.00024383576831784985,33,0.9182246388385671,0.00026555132372212305,0.00024383576831784985,0.004099217742422932,44.51207150203631,True,0.0,0,0.0,0.0,4.9999999999999996e-06,9.733358930984377e-06,2.924162404573799e-05,1.4733358930984377e-05,9.753430732713995e-05,8.280094839615557e-05,0.8489417792083436,True,ReRAM HRS leakage residual,True,17.560189679231115,16.748499364530847,32
64,100,1.0,0.05,403.4,202.0276,0.00024362883964426174,23,0.9174453971059887,0.00026555132372212045,0.00024362883964426174,0.004086819417685092,44.49313502837322,True,3.549440302907407e-05,27,0.1403254125111749,0.00017747201514537036,4.9999999999999996e-06,9.733358930984377e-06,2.924162404573799e-05,0.00018727579374519597,9.74515358577047e-05,-8.982425788749127e-05,-0.9217326037698317,False,device spread,False,0.49481549793327323,0.47349280580680886,26
64,100,1.0,0.1,403.4,202.0276,0.00024348728672486143,23,0.9169123441450159,0.00026555132372212045,0.00024348728672486143,0.004091817269958014,44.50879881608043,True,7.099169861073745e-05,27,0.13573292802435533,0.0003549584930536873,4.9999999999999996e-06,9.733358930984377e-06,2.924162404573799e-05,0.00036472706562301095,9.739491468994458e-05,-0.0002673321509330664,-2.7448265834424186,False,device spread,False,0.24759211975037493,0.2365794571514877,26
64,100,1.0,0.15,403.4,202.0276,0.00024352176755358754,23,0.9170421903391256,0.00026555132372212045,0.00024352176755358754,0.0040999657348916715,44.52484879631331,True,0.00010646110587425832,27,0.13104565070611385,0.0005323055293712915,4.9999999999999996e-06,9.733358930984377e-06,2.924162404573799e-05,0.0005420623705387033,9.740870702143502e-05,-0.0004446536635172683,-4.564824614902456,False,device spread,False,0.16532613810688065,0.15776161996854024,26
64,100,1.0,0.2,403.4,202.0276,0.0002437281668348861,23,0.9178194385124939,0.00026555132372212045,0.0002437281668348861,0.0041111877431446574,44.5412317575652,True,0.00014186724841076735,27,0.1263310971182899,0.0007093362420538368,4.9999999999999996e-06,9.733358930984377e-06,2.924162404573799e-05,0.0007190872228741219,9.749126673395444e-05,-0.0006215959561401674,-6.375914243031133,False,device spread,False,0.12432679331506907,0.1173629453761617,26
64,100,2.0,0.0,403.4,202.0276,0.00022473782693592124,32,0.8463065586940645,0.00026555132372212045,0.0004494756538718425,0.0039350692551917,44.865524058194026,True,0.0,0,0.0,0.0,4.9999999999999996e-06,9.726375090352707e-06,2.9232626698092422e-05,1.4726375090352706e-05,8.98951307743685e-05,7.516875568401579e-05,0.8361827279909627,True,ReRAM HRS leakage residual,True,16.03375113680316,13.281110916343737,31
64,100,2.0,0.05,403.4,202.0276,0.00022469046746228404,30,0.8461282147379005,0.00026555132372212045,0.0004493809349245681,0.003935136682241159,44.86750347746828,True,3.268543768264117e-05,27,0.1500446512208631,0.00016342718841320586,4.9999999999999996e-06,9.726375090352707e-06,2.9232626698092422e-05,0.00017323003227466614,8.987618698491363e-05,-8.335384528975251e-05,-0.9274297017489634,False,device spread,False,0.4909288595531555,0.4164824160947177,26
64,100,2.0,0.1,403.4,202.0276,0.00022467329423938188,23,0.8460635446671154,0.00026555132372212045,0.00044934658847876376,0.003916228242552544,44.82633083895719,True,6.536863009790419e-05,27,0.14687507679033523,0.00032684315048952097,4.9999999999999996e-06,9.726375090352707e-06,2.9232626698092422e-05,0.00033660776798679097,8.986931769575275e-05,-0.0002467384502910382,-2.74552490902798,False,device spread,False,0.24565007158819047,0.20787863988970381,26
64,100,2.0,0.15,403.4,202.0276,0.00022467554474974501,23,0.8460720195273858,0.00026555132372212045,0.00044935108949949003,0.003923686191999541,44.84276925598298,True,9.801504496848108e-05,27,0.14359841671823276,0.0004900752248424054,4.9999999999999996e-06,9.726375090352707e-06,2.9232626698092422e-05,0.0004998271055574009,8.987021789989801e-05,-0.0004099568876575029,-4.561654541820891,False,device spread,False,0.16402458491559246,0.1379192766913323,26
64,100,2.0,0.2,403.4,202.0276,0.00022482355741574537,23,0.8466293982816157,0.00026555132372212045,0.00044964711483149074,0.003933955080898694,44.85975162536306,True,0.00013058615150328146,27,0.14027340107012856,0.0006529307575164074,4.9999999999999996e-06,9.726375090352707e-06,2.9232626698092422e-05,0.0006626762767757343,8.992942296629815e-05,-0.0005727468538094362,-6.368848313683478,False,device spread,False,0.12334402838293221,0.10216064550973891,26
64,100,5.0,0.0,403.4,202.0276,0.00017938877586842327,33,0.6755333520993418,0.00026555132372212305,0.0008969438793421164,0.0035143418455683617,45.84097474855001,True,0.0,0,0.0,0.0,4.9999999999999996e-06,9.705472156699632e-06,2.9205670225610283e-05,1.4705472156699632e-05,7.175551034736931e-05,5.705003819066968e-05,0.7950614233595404,True,ReRAM HRS leakage residual,True,12.410007638133937,1.25065164613844,32
64,100,5.0,0.05,403.4,202.0276,0.00017937041985321593,33,0.6754642279279762,0.00026555132372212305,0.0008968520992660796,0.0035153717510230022,45.84440867573019,True,2.606664500074381e-05,27,0.17266293720396592,0.00013033322500371905,4.9999999999999996e-06,9.705472156699632e-06,2.9205670225610283e-05,0.00014013456990666514,7.174816794128637e-05,-6.838640196537877e-05,-0.9531449224089089,False,device spread,False,0.4776604457009507,0.04756559930691987,26
64,100,5.0,0.1,403.4,202.0276,0.00017942793363911428,30,0.6756808104894712,0.00026555132372212045,0.0008971396681955714,0.003516490052677749,45.84438675151125,True,5.212184175130865e-05,27,0.1723647214324735,0.0002606092087565432,4.9999999999999996e-06,9.705472156699632e-06,2.9205670225610283e-05,0.0002703626410370347,7.177117345564571e-05,-0.000198591467581389,-2.7670087866700093,False,device spread,False,0.2390303172416499,0.02075199040450787,26
64,100,5.0,0.15,403.4,202.0276,0.00017953651977935448,30,0.676089718789073,0.00026555132372212045,0.0008976825988967724,0.0035225313008154374,45.85404117060979,True,7.812574410574309e-05,27,0.17191688821264142,0.00039062872052871543,4.9999999999999996e-06,9.705472156699632e-06,2.9205670225610283e-05,0.00040036619107005706,7.181460791174179e-05,-0.00032855158315831526,-4.574996546135798,False,device spread,False,0.15959211744367588,0.011596799069005053,26
64,100,5.0,0.2,403.4,202.0276,0.000179734792518561,30,0.6768363644334154,0.00026555132372212045,0.000898673962592805,0.003530823645357986,45.864877433271374,True,0.00010403582942643841,27,0.1729907388827473,0.000520179147132192,4.9999999999999996e-06,9.705472156699632e-06,2.9205670225610283e-05,0.0005299086489166793,7.18939170074244e-05,-0.00045801473190925496,-6.370702153590495,False,device spread,False,0.11999926038199155,0.006866324625840129,26
64,100,10.0,0.0,403.4,202.0276,0.00012960394477407608,33,0.48805610515312525,0.00026555132372212305,0.0012960394477407608,0.0029848882262355127,47.246197050403424,True,0.0,0,0.0,0.0,4.9999999999999996e-06,9.67079508129489e-06,2.9160860961107392e-05,1.467079508129489e-05,5.1841577909630436e-05,3.7170782828335546e-05,0.7170071654287061,True,ReRAM HRS leakage residual,True,8.43415656566711,-16.51383893493067,32
64,100,10.0,0.05,403.4,202.0276,0.00012958008604735502,33,0.4879662591437488,0.00026555132372212305,0.0012958008604735502,0.0029856280130188123,47.24994865809598,True,1.8864073354311457e-05,27,0.1967943691961654,9.432036677155728e-05,4.9999999999999996e-06,9.67079508129489e-06,2.9160860961107392e-05,0.00010412359592870801,5.183203441894201e-05,-5.2291561509766e-05,-1.008865696590448,False,device spread,False,0.44998921715612555,-0.9725138732400856,30
64,100,10.0,0.1,403.4,202.0276,0.0001296003206045897,33,0.48804245743548036,0.00026555132372212305,0.001296003206045897,0.002988056240959837,47.25565383171218,True,3.771156056998972e-05,27,0.19847201928031058,0.00018855780284994858,4.9999999999999996e-06,9.67079508129489e-06,2.9160860961107392e-05,0.00019829487895077345,5.1840128241835884e-05,-0.00014645475070893758,-2.8251232332165808,False,device spread,False,0.22528574215628266,-0.49118064742712086,30
64,100,10.0,0.15,403.4,202.0276,0.00012966378267215402,33,0.4882814397409526,0.00026555132372212305,0.0012966378267215402,0.002992144600665851,47.263277813065876,True,5.650284470354196e-05,27,0.20089917317875552,0.0002825142235177098,4.9999999999999996e-06,9.67079508129489e-06,2.9160860961107392e-05,0.0002922292606947224,5.186551306886161e-05,-0.0002403637476258608,-4.634365562078426,False,device spread,False,0.15041576067317494,-0.33128375347102756,30
64,100,10.0,0.2,403.4,202.0276,0.00012976747505496594,30,0.48867191937163107,0.00026555132372212045,0.0012976747505496593,0.0029952127857280483,47.265236529870414,True,7.519688520578159e-05,27,0.20722155317161292,0.00037598442602890795,4.9999999999999996e-06,9.67079508129489e-06,2.9160860961107392e-05,0.00038568846569836493,5.1906990021986375e-05,-0.00033378147567637856,-6.430376246725111,False,device spread,False,0.11308914491384624,-0.2519581838194731,30
64,100,20.0,0.0,403.4,202.0276,7.688052082383467e-05,32,0.28951285102342167,0.00026555132372212045,0.0015376104164766934,0.0022960458057088846,49.50328462261277,True,0.0,0,0.0,0.0,4.9999999999999996e-06,9.602039196968636e-06,2.9071682824795275e-05,1.4602039196968635e-05,3.075220832953387e-05,1.6150169132565232e-05,0.5251710368082705,True,ReRAM HRS leakage residual,True,4.230033826513047,-37.577768198724385,31
64,100,20.0,0.05,403.4,202.0276,7.685831636886554e-05,33,0.2894292345885319,0.00026555132372212305,0.0015371663273773108,0.0022964805025645326,49.50743791637394,True,1.153566029486787e-05,18,0.21258320192981292,5.7678301474339354e-05,4.9999999999999996e-06,9.602039196968636e-06,2.9071682824795275e-05,6.749665432622549e-05,3.074332654754622e-05,-3.675332777867927e-05,-1.19548962022175,False,device spread,False,0.37865907099106033,-3.3886434136171126,33
64,100,20.0,0.1,403.4,202.0276,7.684293629292571e-05,33,0.2893713170616138,0.00026555132372212305,0.0015368587258585142,0.0022979074512943427,49.51457163602755,True,2.3033199825269326e-05,18,0.21290749256648364,0.00011516599912634662,4.9999999999999996e-06,9.602039196968636e-06,2.9071682824795275e-05,0.00012487652620415366,3.073717451717029e-05,-9.413935168698337e-05,-3.0627197576145324,False,device spread,False,0.19005231213342616,-1.7063009301975756,33
64,100,20.0,0.15,403.4,202.0276,7.683419236477503e-05,33,0.28933838961079894,0.00026555132372212305,0.0015366838472955007,0.0023003087739231,49.524632106948644,True,3.4463475078407974e-05,18,0.21288736547036408,0.00017231737539203986,4.9999999999999996e-06,9.602039196968636e-06,2.9071682824795275e-05,0.00018199193989303954,3.073367694591001e-05,-0.00015125826294712952,-4.921580428314443,False,device spread,False,0.12700462271926757,-1.1449973419176582,33
64,100,20.0,0.2,403.4,202.0276,7.683173762495299e-05,33,0.28932914567336476,0.00026555132372212305,0.0015366347524990599,0.0023036553617584816,49.5375370342654,True,4.5797372053178226e-05,18,0.21245643717443863,0.00022898686026589114,4.9999999999999996e-06,9.602039196968636e-06,2.9071682824795275e-05,0.00023864348124279306,3.0732695049981196e-05,-0.00020791078619281187,-6.765133544411982,False,device spread,False,0.09549159128756227,-0.865737330439103,30
64,100,50.0,0.0,403.4,202.0276,2.7015890024431784e-05,32,0.10173509830702968,0.00026555132372212045,0.0013507945012215892,0.001358645471174258,54.029737315159856,True,0.0,0,0.0,0.0,4.9999999999999996e-06,9.40044015350968e-06,2.8807616200836935e-05,1.440044015350968e-05,1.0806356009772714e-05,-3.594084143736966e-06,-0.33258983328761893,False,ReRAM HRS leakage residual,False,0.2811831712526068,-51.850098458084766,31
64,100,50.0,0.05,403.4,202.0276,2.7004362798745186e-05,33,0.10169168965244159,0.00026555132372212305,0.0013502181399372593,0.0013587956980599123,54.03440458404137,True,6.217284026210718e-06,58,0.2008298721352771,3.108642013105359e-05,4.9999999999999996e-06,9.40044015350968e-06,2.8807616200836935e-05,4.088639760384576e-05,1.0801745119498075e-05,-3.0084652484347682e-05,-2.7851659293499074,False,device spread,False,0.06902295873405455,-9.779173414006868,33
64,100,50.0,0.1,403.4,202.0276,2.6986235716798055e-05,33,0.10162342758658911,0.00026555132372212305,0.0013493117858399029,0.001359289026947372,54.04339003067912,True,1.2423642407014268e-05,58,0.2087377683225464,6.211821203507134e-05,4.9999999999999996e-06,9.40044015350968e-06,2.8807616200836935e-05,7.171955653391162e-05,1.0794494286719223e-05,-6.092506224719239e-05,-5.6440867565375665,False,device spread,False,0.035191362752766124,-4.971667462737471,33
64,100,50.0,0.15,403.4,202.0276,2.6961631106246752e-05,33,0.1015307727648905,0.00026555132372212305,0.0013480815553123377,0.0013601187211093762,54.05661312231974,True,1.860400038233398e-05,58,0.23383390966558493,9.302000191166989e-05,4.9999999999999996e-06,9.40044015350968e-06,2.8807616200836935e-05,0.00010255472484104872,1.0784652442498701e-05,-9.177007239855002e-05,-8.50932126814907,False,device spread,False,0.023461392094203986,-3.3375961253843514,33
64,100,50.0,0.2,403.4,202.0276,2.6930727767719852e-05,33,0.10141439850588196,0.00026555132372212305,0.0013465363883859926,0.001361273821888775,54.07394806088621,True,2.4743073494043364e-05,58,0.2765161094742081,0.00012371536747021682,4.9999999999999996e-06,9.40044015350968e-06,2.8807616200836935e-05,0.00013321680477584375,1.0772291107087942e-05,-0.00012244451366875581,-11.366617598014027,False,device spread,False,0.017534603861757453,-2.5204258480079904,33
128,20,1.0,0.0,403.4,1016.0459,0.00011663923966420253,65,0.9225561500570023,0.00012643050469827305,0.00011663923966420253,0.003941846028514011,50.57709952909397,True,0.0,0,0.0,0.0,4.9999999999999996e-06,1.9276500147514045e-05,5.823740912539073e-05,2.4276500147514044e-05,4.6655695865681015e-05,2.237919571816697e-05,0.47966695819081445,True,ReRAM HRS leakage residual,True,5.475839143633393,4.790426394430601,64
128,20,1.0,0.05,403.4,1016.0459,0.00011655670762444447,71,0.9219033642443235,0.00012643050469827175,0.00011655670762444447,0.003939929886083675,50.579024437656074,True,1.1404517555414037e-05,72,0.22160395475458125,5.702258777707019e-05,4.9999999999999996e-06,1.9276500147514045e-05,5.823740912539073e-05,7.651787955781193e-05,4.662268304977779e-05,-2.989519650803414e-05,-0.6412157034402297,False,device spread,False,0.47848182708589815,0.4309210246237838,71
128,20,1.0,0.1,403.4,1016.0459,0.00011642127911211516,37,0.9208321946507313,0.00012643050469827825,0.00011642127911211516,0.003913038921362387,50.52963602261816,True,2.2780484699178264e-05,72,0.22390642888065282,0.00011390242349589132,4.9999999999999996e-06,1.9276500147514045e-05,5.823740912539073e-05,0.0001332886138821404,4.656851164484607e-05,-8.672010223729432e-05,-1.8622047210497867,False,device spread,False,0.23997573531839084,0.2153224932636652,77
128,20,1.0,0.15,403.4,1016.0459,0.00011621805795236076,37,0.9192248202260275,0.00012643050469827825,0.00011621805795236076,0.003910769825681238,50.539772834041344,True,3.410169846551363e-05,72,0.22603652270887972,0.00017050849232756813,4.9999999999999996e-06,1.9276500147514045e-05,5.823740912539073e-05,0.00018985828685354067,4.6487223180944304e-05,-0.00014337106367259638,-3.084096099148507,False,device spread,False,0.1601319410652349,0.14235385859996671,77
128,20,1.0,0.2,403.4,1016.0459,0.00011598604915982183,37,0.9173897504927174,0.00012643050469827825,0.00011598604915982183,0.0039076864828299675,50.55027914652101,True,4.5342538470046425e-05,72,0.22797431180529687,0.0002267126923502321,4.9999999999999996e-06,1.9276500147514045e-05,5.823740912539073e-05,0.000246044321658175,4.6394419663928733e-05,-0.00019964990199424626,-4.303317154098866,False,device spread,False,0.12021362630288304,0.10590783777398556,77
128,20,2.0,0.0,403.4,1016.0459,0.00010794622809947663,64,0.8537989178884423,0.00012643050469827478,0.00021589245619895326,0.00379201843708384,50.913259372025514,True,0.0,0,0.0,0.0,4.9999999999999996e-06,1.9249020806797086e-05,5.820175479242032e-05,2.4249020806797086e-05,4.317849123979065e-05,1.8929470432993566e-05,0.4384004602631721,True,ReRAM HRS leakage residual,True,4.785894086598714,2.426889326160414,63
128,20,2.0,0.05,403.4,1016.0459,0.00010787882456609319,67,0.853265790748386,0.00012643050469827739,0.00021575764913218639,0.0037912822218656695,50.91699817172234,True,1.0548555103925904e-05,72,0.2173101717558382,5.2742775519629516e-05,4.9999999999999996e-06,1.9249020806797086e-05,5.820175479242032e-05,7.222826551181371e-05,4.315152982643728e-05,-2.9076735685376426e-05,-0.6738286174865168,False,device spread,False,0.4518656490049702,0.241344925318979,71
128,20,2.0,0.1,403.4,1016.0459,0.00010777678888486441,71,0.8524587412039151,0.00012643050469827175,0.00021555357776972882,0.0037877521645664305,50.91712630044296,True,2.1071391990185085e-05,72,0.21959269099152443,0.00010535695995092542,4.9999999999999996e-06,1.9249020806797086e-05,5.820175479242032e-05,0.0001247245583029431,4.3110715553945766e-05,-8.161384274899733e-05,-1.8931219698005572,False,device spread,False,0.22678510008956762,0.12050409400132331,71
128,20,2.0,0.15,403.4,1016.0459,0.0001076445106252984,71,0.8514124884828514,0.00012643050469827175,0.0002152890212505968,0.0037857334686125276,50.92316293723015,True,3.154481448336853e-05,72,0.22172628189836596,0.00015772407241684263,4.9999999999999996e-06,1.9249020806797086e-05,5.820175479242032e-05,0.00017705232565100312,4.305780425011936e-05,-0.00013399452140088375,-3.111968288548116,False,device spread,False,0.15139307722195647,0.079854174634509,71
128,20,2.0,0.2,403.4,1016.0459,0.00010748777908408422,71,0.8501728229322929,0.00012643050469827175,0.00021497555816816843,0.003782940507944237,50.929408437666766,True,4.194562347880822e-05,72,0.2236943704497552,0.0002097281173940411,4.9999999999999996e-06,1.9249020806797086e-05,5.820175479242032e-05,0.00022903673070813685,4.299511163363369e-05,-0.00018604161907450316,-4.327041191561154,False,device spread,False,0.1136294623443576,0.05956706609672092,70
128,20,5.0,0.0,403.4,1016.0459,8.700128497300414e-05,65,0.6881352342983451,0.00012643050469827305,0.0004350064248650207,0.0034040370306599238,51.84937217749689,True,0.0,0,0.0,0.0,4.9999999999999996e-06,1.9166961610602058e-05,5.809507173981047e-05,2.4166961610602058e-05,3.4800513989201656e-05,1.0633552378599599e-05,0.3055573369375841,True,ReRAM HRS leakage residual,True,3.12671047571992,-6.730895023208014,64
128,20,5.0,0.05,403.4,1016.0459,8.695762580691746e-05,67,0.6877899128413608,0.00012643050469827739,0.00043478812903458735,0.0034030600974492746,51.85123889951693,True,8.496693885424026e-06,72,0.20276671435347382,4.2483469427120134e-05,4.9999999999999996e-06,1.9166961610602058e-05,5.809507173981047e-05,6.194365122732032e-05,3.4783050322766986e-05,-2.7160600904553334e-05,-0.780857361632127,False,device spread,False,0.3661175677724803,-0.8790838567611533,71
128,20,5.0,0.1,403.4,1016.0459,8.688726718443919e-05,67,0.6872334124726707,0.00012643050469827739,0.00043443633592219594,0.0034021020077518566,51.85582386848612,True,1.6974140332902143e-05,72,0.20451753578505022,8.487070166451072e-05,4.9999999999999996e-06,1.9166961610602058e-05,5.809507173981047e-05,0.00010418481856445842,3.475490687377568e-05,-6.942991169068275e-05,-1.9977009848664304,False,device spread,False,0.18404520712500644,-0.44427094565052316,71
128,20,5.0,0.15,403.4,1016.0459,8.680130579842736e-05,67,0.6865535023021231,0.00012643050469827739,0.0004340065289921368,0.0034004916186986993,51.86030900428618,True,2.5414388757463983e-05,72,0.20618454988913826,0.00012707194378731992,4.9999999999999996e-06,1.9166961610602058e-05,5.809507173981047e-05,0.0001463372368241432,3.472052231937095e-05,-0.00011161671450477224,-3.2147187613735895,False,device spread,False,0.12277957272773729,-0.29766528954046184,70
128,20,5.0,0.2,403.4,1016.0459,8.670017713684487e-05,67,0.6857536268146066,0.00012643050469827739,0.0004335008856842244,0.0033982511530241347,51.864709762879535,True,3.3799802548685324e-05,72,0.20776230565912207,0.00016899901274342662,4.9999999999999996e-06,1.9166961610602058e-05,5.809507173981047e-05,0.00018823992310431007,3.468007085473795e-05,-0.00015355985224957213,-4.427899034369849,False,device spread,False,0.09207735713854766,-0.22413488363915035,70
128,20,10.0,0.0,403.4,1016.0459,6.352672421019783e-05,64,0.5024635815684179,0.00012643050469827478,0.0006352672421019783,0.002908385662582391,53.2139106751967,True,0.0,0,0.0,0.0,4.9999999999999996e-06,1.903144651631706e-05,5.791819390639757e-05,2.403144651631706e-05,2.5410689684079137e-05,1.379243167762078e-06,0.054278068990242,True,ReRAM HRS leakage residual,True,1.2758486335524155,-21.376636792486522,63
128,20,10.0,0.05,403.4,1016.0459,6.351191191788431e-05,67,0.5023464239856796,0.00012643050469827739,0.0006351191191788432,0.002907314530652614,53.21273664504466,True,6.2108079148356205e-06,72,0.18774349359717055,3.10540395741781e-05,4.9999999999999996e-06,1.903144651631706e-05,5.791819390639757e-05,5.0485434719319545e-05,2.5404764767153728e-05,-2.5080669952165817e-05,-0.9872427547368224,False,device spread,False,0.20382718840986522,-3.844482161086485,67
128,20,10.0,0.1,403.4,1016.0459,6.346608564007322e-05,67,0.5019839617941345,0.00012643050469827739,0.0006346608564007322,0.002906607023604604,53.21689210480546,True,1.2408965236279802e-05,72,0.18756343979704493,6.204482618139901e-05,4.9999999999999996e-06,1.903144651631706e-05,5.791819390639757e-05,8.127741390280739e-05,2.538643425602929e-05,-5.5890979646778095e-05,-2.2016081141251242,False,device spread,False,0.10273102436528876,-1.9498199643035934,67
128,20,10.0,0.15,403.4,1016.0459,6.341236288188697e-05,67,0.5015590425207799,0.00012643050469827739,0.0006341236288188697,0.0029054190158963574,53.220696768187466,True,1.8582428404936745e-05,72,0.1878729986465918,9.291214202468373e-05,4.9999999999999996e-06,1.903144651631706e-05,5.791819390639757e-05,0.00011207802697801377,2.536494515275479e-05,-8.671308182525898e-05,-3.4186189366091098,False,device spread,False,0.06850138073599338,-1.305117622145427,67
128,20,10.0,0.2,403.4,1016.0459,6.335093036346449e-05,67,0.5010731430254873,0.00012643050469827739,0.0006335093036346449,0.002903766716140835,53.22417451328808,True,2.4719303971977324e-05,72,0.18807647183309326,0.00012359651985988662,4.9999999999999996e-06,1.903144651631706e-05,5.791819390639757e-05,0.00014272906056555953,2.5340372145385794e-05,-0.00011738868842017374,-4.632476892867927,False,device spread,False,0.05132926067098432,-0.9812819246793402,67
128,20,20.0,0.0,403.4,1016.0459,3.812859905884952e-05,64,0.3015775279062839,0.00012643050469827478,0.0007625719811769904,0.002252738404973655,55.429198290589525,True,0.0,0,0.0,0.0,4.9999999999999996e-06,1.8765012762122536e-05,5.756787182069779e-05,2.3765012762122536e-05,1.5251439623539809e-05,-8.513573138582727e-06,-0.5582143947540839,False,ReRAM HRS leakage residual,False,-0.7027146277165456,-39.640823671743995,63
128,20,20.0,0.05,403.4,1016.0459,3.812334697801943e-05,65,0.3015359866592399,0.00012643050469827305,0.0007624669395603886,0.002252599773858568,55.42986028702514,True,3.798635745036859e-06,87,0.18996538460256165,1.8993178725184296e-05,4.9999999999999996e-06,1.8765012762122536e-05,5.756787182069779e-05,3.840529886204464e-05,1.5249338791207773e-05,-2.3155960070836868e-05,-1.5184894497975068,False,device spread,False,-0.18917426629962775,-10.658226133122952,64
128,20,20.0,0.1,403.4,1016.0459,3.811567954792302e-05,65,0.3014753412468475,0.00012643050469827305,0.0007623135909584605,0.00225216357455079,55.42992526185407,True,7.593235792123899e-06,87,0.19465494102175424,3.796617896061949e-05,4.9999999999999996e-06,1.8765012762122536e-05,5.756787182069779e-05,5.7059016794996746e-05,1.524627181916921e-05,-4.181274497582754e-05,-2.74248980155635,False,device spread,False,-0.09739289349357984,-5.488358310632266,64
128,20,20.0,0.15,403.4,1016.0459,3.8092935420928e-05,67,0.3012954469479945,0.00012643050469827739,0.00076185870841856,0.0022506583647954317,55.42930272993673,True,1.1377038180039255e-05,87,0.198704112920949,5.688519090019628e-05,4.9999999999999996e-06,1.8765012762122536e-05,5.756787182069779e-05,7.586952172377787e-05,1.5237174168371201e-05,-6.063234755540667e-05,-3.979238334183066,False,device spread,False,-0.06541791815883466,-3.683795801983363,64
128,20,20.0,0.2,403.4,1016.0459,3.806628903703057e-05,67,0.3010846878122857,0.00012643050469827739,0.0007613257807406114,0.0022496543155132998,55.431504963447004,True,1.5143295972432932e-05,87,0.20200646983241302,7.571647986216466e-05,4.9999999999999996e-06,1.8765012762122536e-05,5.756787182069779e-05,9.464640259334259e-05,1.5226515614812227e-05,-7.941988697853036e-05,-5.215893707242604,False,device spread,False,-0.04930283492225284,-2.7722343747615814,64
128,20,50.0,0.0,403.4,1016.0459,1.3581705948173973e-05,65,0.10742428008641405,0.00012643050469827305,0.0006790852974086986,0.0013441316510670771,59.90974968598791,True,0.0,0,0.0,0.0,4.9999999999999996e-06,1.8000738218400692e-05,5.6543532296006796e-05,2.300073821840069e-05,5.43268237926959e-06,-1.75680558391311e-05,-3.233771940389617,False,ReRAM HRS leakage residual,False,-2.5136111678262205,-51.777180811490595,64
128,20,50.0,0.05,403.4,1016.0459,1.358053077022171e-05,65,0.10741498503570562,0.00012643050469827305,0.0006790265385110854,0.0013440814646491501,59.91017696360842,True,2.016757677174674e-06,13,0.21287988097021313,1.008378838587337e-05,4.9999999999999996e-06,1.8000738218400692e-05,5.6543532296006796e-05,2.9256083091440994e-05,5.432212308088684e-06,-2.382387078335231e-05,-4.385666360624021,False,ReRAM HRS leakage residual,False,-1.5360805778613105,-25.676031873877427,64
128,20,50.0,0.1,403.4,1016.0459,1.3580009977310697e-05,65,0.1074108658327312,0.00012643050469827305,0.0006790004988655348,0.0013439239102801459,59.909491833758814,True,4.026417289378074e-06,13,0.21994629999228882,2.0132086446890366e-05,4.9999999999999996e-06,1.8000738218400692e-05,5.6543532296006796e-05,3.8744433759578176e-05,5.432003990924279e-06,-3.3312429768653894e-05,-6.132622476771347,False,device spread,False,-0.9054590755743782,-14.232214346871876,64
128,20,50.0,0.15,403.4,1016.0459,1.3580132708424464e-05,65,0.10741183657245938,0.00012643050469827305,0.0006790066354212231,0.0013436610863986845,59.90771451598999,True,6.024990531924874e-06,13,0.24369535098126485,3.012495265962437e-05,4.9999999999999996e-06,1.8000738218400692e-05,5.6543532296006796e-05,4.8537810323378425e-05,5.432053083369786e-06,-4.310575724000864e-05,-7.93544477169724,False,device spread,False,-0.6271004691194683,-9.707161685999376,64
128,20,50.0,0.2,403.4,1016.0459,1.3580869938418969e-05,65,0.10741766768099023,0.00012643050469827305,0.0006790434969209485,0.0013432964091553872,59.90488527479017,True,8.008561243884062e-06,13,0.26593494809704954,4.0042806219420306e-05,4.9999999999999996e-06,1.8000738218400692e-05,5.6543532296006796e-05,5.8354502973700115e-05,5.4323479753675874e-06,-5.292215499833253e-05,-9.742040686329833,False,device spread,False,-0.47741800920596383,-7.348663852493284,64
128,40,1.0,0.0,403.4,505.79,0.00016703482344448007,65,0.8880302259399032,0.00018809587620476336,0.00016703482344448007,0.005726926240837191,50.702291346975336,True,0.0,0,0.0,0.0,4.9999999999999996e-06,1.9386676196265357e-05,5.83800069872166e-05,2.4386676196265356e-05,6.681392937779204e-05,4.242725318152668e-05,0.63500610690963,True,ReRAM HRS leakage residual,True,9.485450636305337,7.359266517260322,64
128,40,1.0,0.05,403.4,505.79,0.00016689900930275006,71,0.88730817852201,0.00018809587620476336,0.00016689900930275006,0.005724029126209095,50.704961524146306,True,2.403887861869978e-05,72,0.2181481050793105,0.00012019439309349891,4.9999999999999996e-06,1.9386676196265357e-05,5.83800069872166e-05,0.00013968502253200904,6.675960372110002e-05,-7.292541881090902e-05,-1.0923584734799772,False,device spread,False,0.39473836355360065,0.3197109157761885,71
128,40,1.0,0.1,403.4,505.79,0.00016675336816184862,71,0.8865338864756341,0.00018809587620476336,0.00016675336816184862,0.005724638796307956,50.713469494608844,True,4.799418022408599e-05,72,0.21846105480940414,0.00023997090112042995,4.9999999999999996e-06,1.9386676196265357e-05,5.83800069872166e-05,0.0002594096613134228,6.670134726473945e-05,-0.00019270831404868337,-2.8891217636702127,False,device spread,False,0.19783009628720147,0.15859172503264837,71
128,40,1.0,0.15,403.4,505.79,0.0001665568238573287,37,0.8854889709331979,0.0001880958762047573,0.0001665568238573287,0.005671541469536408,50.642773628637585,True,7.178352603115856e-05,72,0.2186905880985861,0.00035891763015579283,4.9999999999999996e-06,1.9386676196265357e-05,5.83800069872166e-05,0.0003783391315948188,6.662272954293149e-05,-0.0003117164020518873,-4.6788296455343845,False,device spread,False,0.1322275191226951,0.1044565151262134,77
128,40,1.0,0.2,403.4,505.79,0.00016631217059732018,37,0.884188287127976,0.0001880958762047573,0.00016631217059732018,0.005672585447920816,50.657140295982074,True,9.532900673979473e-05,72,0.21883483738901244,0.0004766450336989736,4.9999999999999996e-06,1.9386676196265357e-05,5.83800069872166e-05,0.0004960579341402447,6.652486823892808e-05,-0.00042953306590131664,-6.456729299464716,False,device spread,False,0.0994923527903976,0.07747503332780922,70
128,40,2.0,0.0,403.4,505.79,0.0001493491867233434,65,0.7940056408294679,0.00018809587620476336,0.0002986983734466868,0.005414933326006411,51.18780503048306,True,0.0,0,0.0,0.0,4.9999999999999996e-06,1.9358942494744277e-05,5.834416540719152e-05,2.4358942494744277e-05,5.973967468933736e-05,3.5380732194593086e-05,0.5922484911172109,True,ReRAM HRS leakage residual,True,8.076146438918618,1.2258444779337383,64
128,40,2.0,0.05,403.4,505.79,0.0001492402792640957,67,0.7934266411116299,0.0001880958762047651,0.0002984805585281914,0.005414462608325102,51.19338611665627,True,2.1487926302716347e-05,72,0.2119419769169275,0.00010743963151358174,4.9999999999999996e-06,1.9358942494744277e-05,5.834416540719152e-05,0.00012691485548782072,5.969611170563829e-05,-6.721874378218243e-05,-1.1260154449193989,False,device spread,False,0.37600264584927007,0.05938875637855145,71
128,40,2.0,0.1,403.4,505.79,0.00014912852449269927,67,0.7928325038362609,0.0001880958762047651,0.00029825704898539854,0.005415082146827833,51.20088656754518,True,4.290088304932938e-05,72,0.2127723750551799,0.00021450441524664687,4.9999999999999996e-06,1.9358942494744277e-05,5.834416540719152e-05,0.00023392162368675846,5.965140979707971e-05,-0.00017427021388967875,-2.921476868401027,False,device spread,False,0.1884629093338114,0.028658348934735955,71
128,40,2.0,0.15,403.4,505.79,0.0001490022692356844,71,0.7921612756330648,0.00018809587620476336,0.0002980045384713688,0.005411245685924475,51.202087400328935,True,6.416469011056939e-05,72,0.2135235196042274,0.00032082345055284696,4.9999999999999996e-06,1.9358942494744277e-05,5.834416540719152e-05,0.00034022135292113723,5.960090769427376e-05,-0.0002806204452268635,-4.708325025288574,False,device spread,False,0.12593389126338672,0.018333391492589113,70
128,40,2.0,0.2,403.4,505.79,0.00014887948593257996,71,0.7915085058563858,0.00018809587620476336,0.0002977589718651599,0.005412428940450589,51.21114694038784,True,8.520920727830585e-05,72,0.21419015156403143,0.00042604603639152924,4.9999999999999996e-06,1.9358942494744277e-05,5.834416540719152e-05,0.0004454343174284903,5.955179437303199e-05,-0.0003858825230554583,-6.479779948162319,False,device spread,False,0.09472282132846144,0.013185536539758519,70
128,40,5.0,0.0,403.4,505.79,0.00011043805235663035,65,0.5871370206777218,0.00018809587620476336,0.0005521902617831517,0.004655295139793973,52.49656961850698,True,0.0,0,0.0,0.0,4.9999999999999996e-06,1.9276125293858984e-05,5.82369229928225e-05,2.4276125293858983e-05,4.4175220942652143e-05,1.989909564879316e-05,0.4504583163177832,True,ReRAM HRS leakage residual,True,4.979819129758632,-19.65033191207437,64
128,40,5.0,0.05,403.4,505.79,0.00011037722178680639,67,0.5868136187454075,0.0001880958762047651,0.000551886108934032,0.004654300903812598,52.49949997397806,True,1.5902691840305034e-05,72,0.19111073579686447,7.951345920152516e-05,4.9999999999999996e-06,1.9276125293858984e-05,5.82369229928225e-05,9.894663548547635e-05,4.415088871472256e-05,-5.479574677075379e-05,-1.2411017844920889,False,device spread,False,0.3137730752381895,-1.4030863981852668,71
128,40,5.0,0.1,403.4,505.79,0.00011029209331721803,67,0.5863610385437252,0.0001880958762047651,0.0005514604665860901,0.004654743206257276,52.507026942693585,True,3.1749644550217294e-05,72,0.19225728139319656,0.00015874822275108646,4.9999999999999996e-06,1.9276125293858984e-05,5.82369229928225e-05,0.00017810306956537913,4.411683732688721e-05,-0.00013398623223849192,-3.037077006352706,False,device spread,False,0.15722353172075001,-0.7062623565572492,70
128,40,5.0,0.15,403.4,505.79,0.00011020880903254908,67,0.585918262836201,0.0001880958762047651,0.0005510440451627454,0.004655421916809134,52.514854752020746,True,4.748507392998402e-05,72,0.19333043944602687,0.0002374253696499201,4.9999999999999996e-06,1.9276125293858984e-05,5.82369229928225e-05,0.00025675413723054587,4.408352361301963e-05,-0.00021267061361752624,-4.824265307928245,False,device spread,False,0.10498017622407241,-0.47381342916206926,70
128,40,5.0,0.2,403.4,505.79,0.00011012744898735707,67,0.5854857172278994,0.0001880958762047651,0.0005506372449367854,0.004656330054714138,52.52296355146021,True,6.305625522861564e-05,72,0.19431960103182977,0.0003152812761430782,4.9999999999999996e-06,1.9276125293858984e-05,5.82369229928225e-05,0.00033459704608156685,4.405097959494283e-05,-0.000290546066486624,-6.595677761499304,False,device spread,False,0.07893746829652092,-0.3579249554632752,70
128,40,10.0,0.0,403.4,505.79,7.265509711977059e-05,65,0.38626629453947947,0.00018809587620476336,0.0007265509711977059,0.003774420058752112,54.31168287837011,True,0.0,0,0.0,0.0,4.9999999999999996e-06,1.9139363557695716e-05,5.8059120749465176e-05,2.4139363557695715e-05,2.9062038847908235e-05,4.92267529021252e-06,0.16938506331144187,True,ReRAM HRS leakage residual,True,1.984535058042504,-46.2242855703382,64
128,40,10.0,0.05,403.4,505.79,7.2642404843906e-05,67,0.3861988168460746,0.0001880958762047651,0.00072642404843906,0.0037732725715050753,54.310559309568724,True,1.051456279486008e-05,75,0.18871592664210476,5.25728139743004e-05,4.9999999999999996e-06,1.9139363557695716e-05,5.8059120749465176e-05,7.194940776499017e-05,2.9056961937562402e-05,-4.289244582742777e-05,-1.476150394511135,False,device spread,False,0.18996536707469733,-4.824422252970314,67
128,40,10.0,0.1,403.4,505.79,7.258480965259008e-05,67,0.3858926156019112,0.0001880958762047651,0.0007258480965259008,0.0037735511234192522,54.31808991696027,True,2.0991701606221657e-05,75,0.18808934009037234,0.00010495850803110828,4.9999999999999996e-06,1.9139363557695716e-05,5.8059120749465176e-05,0.00012421689877867536,2.9033923861036034e-05,-9.518297491763933e-05,-3.2783365890607823,False,device spread,False,0.09531025346676968,-2.4294218706281856,67
128,40,10.0,0.15,403.4,505.79,7.252716845661489e-05,67,0.38558616977684457,0.0001880958762047651,0.0007252716845661489,0.0037739792949387525,54.325975814776726,True,3.139393741143918e-05,75,0.187491437547261,0.00015696968705719588,4.9999999999999996e-06,1.9139363557695716e-05,5.8059120749465176e-05,0.00017618866363520004,2.9010867382645955e-05,-0.0001471777962525541,-5.073195306824729,False,device spread,False,0.06365662996573458,-1.6276053779022033,67
128,40,10.0,0.2,403.4,505.79,7.246957202790757e-05,67,0.38527996195416686,0.0001880958762047651,0.0007246957202790758,0.0037745527598831586,54.334196072855725,True,4.168584734032052e-05,75,0.1869195294872862,0.0002084292367016026,4.9999999999999996e-06,1.9139363557695716e-05,5.8059120749465176e-05,0.0002276285640262396,2.898782881116303e-05,-0.00019864073521507657,-6.852556516360456,False,device spread,False,0.04782497918366725,-1.2275255698343908,70
128,40,20.0,0.0,403.4,505.79,3.830813805217031e-05,65,0.2036628278360958,0.00018809587620476336,0.0007661627610434062,0.0027392526211920615,57.086820841343844,True,0.0,0,0.0,0.0,4.9999999999999996e-06,1.8870497489269222e-05,5.770697878978775e-05,2.3870497489269222e-05,1.5323255220868123e-05,-8.547242268401099e-06,-0.5577954648148752,False,ReRAM HRS leakage residual,False,-0.7094484536802199,-70.05866288171825,64
128,40,20.0,0.05,403.4,505.79,3.8301652565503585e-05,65,0.20362834815053552,0.00018809587620476336,0.0007660330513100717,0.002739307887710765,57.08846671126568,True,6.244684368588067e-06,18,0.20457954858275654,3.1223421842940335e-05,4.9999999999999996e-06,1.8870497489269222e-05,5.770697878978775e-05,5.049172566880399e-05,1.5320661026201433e-05,-3.5171064642602556e-05,-2.2956623465823642,False,device spread,False,-0.13148364918389488,-11.615402763737661,64
128,40,20.0,0.1,403.4,505.79,3.8294604635328285e-05,65,0.20359087826912448,0.00018809587620476336,0.0007658920927065657,0.0027394396874282235,57.09048306358572,True,1.2464128883063845e-05,18,0.19919938441000362,6.232064441531923e-05,4.9999999999999996e-06,1.8870497489269222e-05,5.770697878978775e-05,8.139139575809338e-05,1.5317841854131314e-05,-6.607355390396206e-05,-4.313502811503542,False,device spread,False,-0.06677100710136287,-5.883172711727994,64
128,40,20.0,0.15,403.4,505.79,3.8264435998906166e-05,67,0.2034304885942885,0.0001880958762047651,0.0007652887199781234,0.0027386936461743176,57.094962756501424,True,1.8635565450013798e-05,18,0.19357798048080588,9.317782725006899e-05,4.9999999999999996e-06,1.8870497489269222e-05,5.770697878978775e-05,0.00011218238039302215,1.5305774399562467e-05,-9.687660599345969e-05,-6.329415517598967,False,device spread,False,-0.04479245958124916,-3.9442962681761182,64
128,40,20.0,0.2,403.4,505.79,3.823198069945175e-05,67,0.20325794201799308,0.0001880958762047651,0.000764639613989035,0.002738980602233804,57.103243165476115,True,2.4737529502780066e-05,18,0.18773825412229342,0.00012368764751390034,4.9999999999999996e-06,1.8870497489269222e-05,5.770697878978775e-05,0.00014265916477154857,1.52927922797807e-05,-0.00012736637249176786,-8.328523016700146,False,device spread,False,-0.033791821405241,-2.9746055806613882,64
128,40,50.0,0.0,403.4,505.79,1.1552507887521712e-05,64,0.06141818800400266,0.0001880958762047625,0.0005776253943760856,0.001503398259371174,62.28795538757381,False,0.0,0,0.0,0.0,4.9999999999999996e-06,1.809938284760707e-05,5.667740114093686e-05,2.3099382847607068e-05,4.6210031550086855e-06,-1.8478379692598382e-05,-3.9987810163188797,False,ReRAM HRS leakage residual,False,-2.6956759385196767,-73.88013118559878,63
128,40,50.0,0.05,403.4,505.79,1.1550379726509218e-05,65,0.06140687376864839,0.00018809587620476336,0.0005775189863254609,0.0015034140423324908,62.289646803636074,False,3.5431994733085846e-06,7,0.22331353585972072,1.7715997366542923e-05,4.9999999999999996e-06,1.809938284760707e-05,5.667740114093686e-05,3.650743985239049e-05,4.620151890603688e-06,-3.1887287961786796e-05,-6.901783473101416,False,ReRAM HRS leakage residual,False,-1.4116531579048257,-26.791773779561037,64
128,40,50.0,0.1,403.4,505.79,1.1547893599691982e-05,65,0.061393656430408984,0.00018809587620476336,0.0005773946799845991,0.001503451433984853,62.291732598586606,False,7.071172762395759e-06,7,0.2074697824357144,3.535586381197879e-05,4.9999999999999996e-06,1.809938284760707e-05,5.667740114093686e-05,5.380704457294539e-05,4.6191574398767935e-06,-4.91878871330686e-05,-10.648670839498509,False,device spread,False,-0.7933265831178699,-14.289900537075017,64
128,40,50.0,0.15,403.4,505.79,1.154507434404011e-05,65,0.06137866803348739,0.00018809587620476336,0.0005772537172020055,0.0015035100707593218,62.294192150772474,False,1.0570420702558574e-05,7,0.1914463382025808,5.285210351279287e-05,4.9999999999999996e-06,1.809938284760707e-05,5.667740114093686e-05,7.11874685705541e-05,4.618029737616045e-06,-6.656943883293805e-05,-14.415116968757989,False,device spread,False,-0.5437228049936711,-9.683029047738023,64
128,40,50.0,0.2,403.4,505.79,1.1541714639030055e-05,67,0.0613608063712439,0.0001880958762047651,0.0005770857319515027,0.0015031920019785245,62.29488247757984,False,1.4028150237379956e-05,7,0.17531336398636516,7.014075118689978e-05,4.9999999999999996e-06,1.809938284760707e-05,5.667740114093686e-05,8.841812129663347e-05,4.616685855612022e-06,-8.380143544102145e-05,-18.151860027286197,False,device spread,False,-0.41321600614782855,-7.331678945913501,64
128,60,1.0,0.0,403.4,336.8506,0.00019486043883697266,64,0.8682759557469654,0.0002244222445032893,0.00019486043883697266,0.006745900541897494,50.78632515227598,True,0.0,0,0.0,0.0,4.9999999999999996e-06,1.9423378755838508e-05,5.8427384412659475e-05,2.4423378755838507e-05,7.794417553478907e-05,5.352079677895056e-05,0.6866554994229486,True,ReRAM HRS leakage residual,True,11.704159355790113,8.2017481415015,63
128,60,1.0,0.05,403.4,336.8506,0.0001947015862441468,71,0.8675681266582081,0.0002244222445032867,0.0001947015862441468,0.006742819297531542,50.78944062627234,True,3.3293110229875223e-05,72,0.21599075714553506,0.0001664655511493761,4.9999999999999996e-06,1.9423378755838508e-05,5.8427384412659475e-05,0.00018596400358793631,7.788063449765873e-05,-0.00010808336909027759,-1.3878080191235067,False,device spread,False,0.3519561035447573,0.2589988596869203,71
128,60,1.0,0.1,403.4,336.8506,0.0001945762462734913,71,0.8670096260027454,0.0002244222445032867,0.0001945762462734913,0.006746410976168245,50.799659461741314,True,6.649767315591943e-05,72,0.2152662143141816,0.0003324883657795972,4.9999999999999996e-06,1.9423378755838508e-05,5.8427384412659475e-05,0.00035194933771060525,7.783049850939653e-05,-0.0002741188392012087,-3.521997731623345,False,device spread,False,0.1763560032878618,0.1283867334474686,71
128,60,1.0,0.15,403.4,336.8506,0.0001944959683443546,52,0.8666519166797262,0.00022442224450330405,0.0001944959683443546,0.006739478678876275,50.79431400661222,True,9.952077224746671e-05,72,0.2144596463523393,0.0004976038612373335,4.9999999999999996e-06,1.9423378755838508e-05,5.8427384412659475e-05,0.0005170523597429826,7.779838733774185e-05,-0.00043925397240524076,-5.646054981812562,False,device spread,False,0.11786581282501585,0.0841323346746641,70
128,60,1.0,0.2,403.4,336.8506,0.00019435543380413086,37,0.8660257107502516,0.00022442224450329278,0.00019435543380413086,0.00668495133761768,50.7300312606839,True,0.00013227250166135095,72,0.21358430442164641,0.0006613625083067547,4.9999999999999996e-06,1.9423378755838508e-05,5.8427384412659475e-05,0.0006808047871684142,7.774217352165234e-05,-0.0006030626136467619,-7.757213187238714,False,device spread,False,0.08868312182185316,0.06205366870895388,70
128,60,2.0,0.0,403.4,336.8506,0.00017084324149840933,64,0.7612580556643765,0.0002244222445032893,0.00034168648299681866,0.006315791460993467,51.356599576375984,True,0.0,0,0.0,0.0,4.9999999999999996e-06,1.9395560087571984e-05,5.839148048669349e-05,2.4395560087571983e-05,6.833729659936373e-05,4.3941736511791745e-05,0.6430125085194089,True,ReRAM HRS leakage residual,True,9.78834730235835,-1.0725152785610867,63
128,60,2.0,0.05,403.4,336.8506,0.00017071515403388666,67,0.7606873124886716,0.0002244222445032945,0.0003414303080677733,0.006315975642278096,51.363367444317525,True,2.9187364375167297e-05,72,0.2087443887521617,0.00014593682187583648,4.9999999999999996e-06,1.9395560087571984e-05,5.839148048669349e-05,0.00016541801034512528,6.828606161355466e-05,-9.713194873157062e-05,-1.4224271606299534,False,device spread,False,0.3358299631768099,-0.042199062112852286,71
128,60,2.0,0.1,403.4,336.8506,0.0001706182909446884,67,0.7602557015785649,0.0002244222445032945,0.0003412365818893768,0.006319235052865997,51.3727784494991,True,5.829356792683052e-05,72,0.20897414345347537,0.00029146783963415263,4.9999999999999996e-06,1.9395560087571984e-05,5.839148048669349e-05,0.00031090628294524,6.824731637787537e-05,-0.00024265896656736465,-3.5555825407668427,False,device spread,False,0.1682852190304246,-0.02265166737037607,71
128,60,2.0,0.15,403.4,336.8506,0.00017055657247446224,71,0.7599806910939455,0.0002244222445032867,0.0003411131449489245,0.006318081724478438,51.374335588224,True,8.72333053107427e-05,72,0.20910645199834849,0.0004361665265537135,4.9999999999999996e-06,1.9395560087571984e-05,5.839148048669349e-05,0.00045559074447860953,6.82226289897849e-05,-0.00038736811548882463,-5.678000411664376,False,device spread,False,0.11240221931606763,-0.01623464045811775,70
128,60,2.0,0.2,403.4,336.8506,0.00017052341016237814,71,0.7598329236025477,0.0002244222445032867,0.00034104682032475627,0.00632519392356759,51.385796717516726,True,0.00011592416677585046,72,0.2091457600890365,0.0005796208338792523,4.9999999999999996e-06,1.9395560087571984e-05,5.839148048669349e-05,0.000599037959388106,6.820936406495125e-05,-0.0005308285953231548,-7.782341949672511,False,device spread,False,0.08456552375067408,-0.013100796338887609,70
128,60,5.0,0.0,403.4,336.8506,0.00012060098219676425,65,0.537384261812762,0.00022442224450329104,0.0006030049109838212,0.00530407334483661,52.86517352156076,True,0.0,0,0.0,0.0,4.9999999999999996e-06,1.931248968784806e-05,5.828405182867376e-05,2.4312489687848058e-05,4.82403928787057e-05,2.3927903190857645e-05,0.49601385401278336,True,ReRAM HRS leakage residual,True,5.785580638171528,-30.24738766906073,64
128,60,5.0,0.05,403.4,336.8506,0.00012053346646456932,67,0.537083419388045,0.0002244222445032945,0.0006026673323228466,0.005303417094418146,52.86896274739662,True,2.0637910115365723e-05,72,0.19173289536279287,0.00010318955057682861,4.9999999999999996e-06,1.931248968784806e-05,5.828405182867376e-05,0.0001226231055424052,4.821338658582773e-05,-7.440971895657747e-05,-1.5433414706124404,False,device spread,False,0.2814464940649404,-1.6681603941328462,71
128,60,5.0,0.1,403.4,336.8506,0.00012044728911920119,67,0.5366994229372527,0.0002244222445032945,0.000602236445596006,0.00530570445562069,52.878920497637026,True,4.121294252551338e-05,72,0.19227710052134783,0.00020606471262756687,4.9999999999999996e-06,1.931248968784806e-05,5.828405182867376e-05,0.00022543785394533512,4.817891564768048e-05,-0.00017725893829765465,-3.679180735280591,False,device spread,False,0.14086766484059707,-0.8392745397474809,70
128,60,5.0,0.15,403.4,336.8506,0.00012037940754530642,67,0.5363969503635334,0.0002244222445032945,0.0006018970377265321,0.0053094153262999415,52.88988995093839,True,6.165853627430343e-05,72,0.19280896021952879,0.00030829268137151715,4.9999999999999996e-06,1.931248968784806e-05,5.828405182867376e-05,0.0003276457142797493,4.815176301812257e-05,-0.0002794939512616267,-5.804438586317917,False,device spread,False,0.09405790513617612,-0.5634676235407622,70
128,60,5.0,0.2,403.4,336.8506,0.00012032941877616649,67,0.5361742060930152,0.0002244222445032945,0.0006016470938808324,0.005314502501498178,52.90181593724684,True,8.191060596286202e-05,72,0.19333654703885697,0.0004095530298143101,4.9999999999999996e-06,1.931248968784806e-05,5.828405182867376e-05,0.00042889603944306124,4.8131767510466596e-05,-0.0003807642719325946,-7.910872416014947,False,device spread,False,0.07074035700219429,-0.42625643387526885,70
128,60,10.0,0.0,403.4,336.8506,7.532947918171152e-05,65,0.3356595926951744,0.00022442224450329104,0.0007532947918171152,0.004189043630002495,54.902998377803726,True,0.0,0,0.0,0.0,4.9999999999999996e-06,1.9175311548829017e-05,5.810594180246081e-05,2.4175311548829017e-05,3.013179167268461e-05,5.956480123855592e-06,0.1976809141839157,True,ReRAM HRS leakage residual,True,2.1912960247711184,-63.03388213133064,64
128,60,10.0,0.05,403.4,336.8506,7.531773227432731e-05,67,0.33560724981173445,0.0002244222445032945,0.0007531773227432731,0.004188090845762851,54.902377162504365,True,1.3024772261114118e-05,87,0.18864244582105624,6.512386130557059e-05,4.9999999999999996e-06,1.9175311548829017e-05,5.810594180246081e-05,8.449083276199239e-05,3.0127092909730925e-05,-5.436373985226147e-05,-1.8044801074949455,False,device spread,False,0.17058423268493092,-5.2016841796950954,67
128,60,10.0,0.1,403.4,336.8506,7.525185212426492e-05,67,0.3353136953550085,0.0002244222445032945,0.0007525185212426493,0.0041895082679569715,54.9129171686475,True,2.6003070817680657e-05,87,0.1883522988607915,0.00013001535408840327,4.9999999999999996e-06,1.9175311548829017e-05,5.810594180246081e-05,0.0001492867726071573,3.010074084970597e-05,-0.00011918603175745134,-3.959571372430708,False,device spread,False,0.08548967839319198,-2.6160874547862676,67
128,60,10.0,0.15,403.4,336.8506,7.518925938801427e-05,67,0.3350347892403798,0.0002244222445032945,0.0007518925938801426,0.004191809655045387,54.924914931655266,True,3.888964842344808e-05,87,0.1880561114047829,0.0001944482421172404,4.9999999999999996e-06,1.9175311548829017e-05,5.810594180246081e-05,0.00021368782750213455,3.0075703755205708e-05,-0.00018361212374692884,-6.104998414713671,False,device spread,False,0.05709693963058716,-1.753460607813364,67
128,60,10.0,0.2,403.4,336.8506,7.512998151011624e-05,67,0.33477065375760173,0.0002244222445032945,0.0007512998151011624,0.0041949648208327965,54.938300824179024,True,5.1645260738515466e-05,82,0.18775524057393325,0.00025822630369257734,4.9999999999999996e-06,1.9175311548829017e-05,5.810594180246081e-05,0.00027745001785730824,3.0051992604046497e-05,-0.00024739802525326174,-8.232333493252279,False,device spread,False,0.04288815120033504,-1.3238753381584696,70
128,60,20.0,0.0,403.4,336.8506,3.744577924707582e-05,64,0.16685413395607931,0.0002244222445032893,0.0007489155849415164,0.002950952648745911,57.93118736275417,True,0.0,0,0.0,0.0,4.9999999999999996e-06,1.890563310109417e-05,5.7753193937567626e-05,2.390563310109417e-05,1.4978311698830329e-05,-8.92732140226384e-06,-0.596016532554933,False,ReRAM HRS leakage residual,False,-0.7854642804527682,-87.50085814901547,63
128,60,20.0,0.05,403.4,336.8506,3.743745536802951e-05,65,0.16681704369764697,0.00022442224450329104,0.0007487491073605902,0.0029511965128268505,57.9338361414381,True,7.882879618191638e-06,18,0.22179009386979537,3.941439809095819e-05,4.9999999999999996e-06,1.890563310109417e-05,5.7753193937567626e-05,5.863590841945219e-05,1.4974982147211806e-05,-4.366092627224038e-05,-2.915591206923049,False,device spread,False,-0.1256886738553029,-11.775199944418418,64
128,60,20.0,0.1,403.4,336.8506,3.742664946149679e-05,67,0.16676889380699234,0.0002244222445032945,0.0007485329892299359,0.0029508742512195933,57.935395064802115,True,1.5737096822419e-05,18,0.22014674546408325,7.8685484112095e-05,4.9999999999999996e-06,1.890563310109417e-05,5.7753193937567626e-05,9.774981747733561e-05,1.4970659784598718e-05,-8.27791576927369e-05,-5.52942614980117,False,device spread,False,-0.06364835668801858,-5.943852017087789,64
128,60,20.0,0.15,403.4,336.8506,3.738461342332324e-05,67,0.1665815860012684,0.0002244222445032945,0.0007476922684664648,0.002952007126968018,57.94849014977877,True,2.3535088514340206e-05,18,0.21793086782022436,0.00011767544257170104,4.9999999999999996e-06,1.890563310109417e-05,5.7753193937567626e-05,0.00013668725214432904,1.4953845369329296e-05,-0.00012173340677499975,-8.140608904829119,False,device spread,False,-0.04270269197428995,-3.984423458340889,64
128,60,20.0,0.2,403.4,336.8506,3.733995393533978e-05,67,0.1663825884015327,0.0002244222445032945,0.0007467990787067957,0.0029535604559767915,57.963441738973344,True,3.125044645545094e-05,18,0.2150703715328289,0.00015625223227725468,4.9999999999999996e-06,1.890563310109417e-05,5.7753193937567626e-05,0.00017523784376679527,1.4935981574135913e-05,-0.00016030186219265937,-10.732596408008977,False,device spread,False,-0.03223989590017262,-3.00681791988013,64
128,60,50.0,0.0,403.4,336.8506,1.054908715545375e-05,64,0.04700553271268586,0.0002244222445032893,0.0005274543577726875,0.001564979755978241,63.42587687201047,False,0.0,0,0.0,0.0,4.9999999999999996e-06,1.8132234344422904e-05,5.672187248803606e-05,2.3132234344422903e-05,4.2196348621814995e-06,-1.8912599482241403e-05,-4.4820464566130305,False,ReRAM HRS leakage residual,False,-2.782519896448281,-84.54099682726155,63
128,60,50.0,0.05,403.4,336.8506,1.054596519375878e-05,65,0.0469916216064051,0.00022442224450329104,0.000527298259687939,0.001565047614835446,63.428824427446564,False,4.593865184777207e-06,5,0.22696440294594206,2.2969325923886034e-05,4.9999999999999996e-06,1.8132234344422904e-05,5.672187248803606e-05,4.16394658572511e-05,4.218386077503512e-06,-3.742107977974759e-05,-8.870947109206705,False,device spread,False,-1.371590472513108,-26.99325622213128,64
128,60,50.0,0.1,403.4,336.8506,1.054087642206993e-05,65,0.04696894661845944,0.00022442224450329104,0.0005270438211034964,0.0015652395718610086,63.43408194450164,False,9.1720074199506e-06,5,0.2144014290449335,4.5860037099752996e-05,4.9999999999999996e-06,1.8132234344422904e-05,5.672187248803606e-05,6.426403468638573e-05,4.216350568827972e-06,-6.004768411755776e-05,-14.241625106199207,False,device spread,False,-0.7600802253515774,-14.293784186051282,64
128,60,50.0,0.15,403.4,336.8506,1.0533879136862267e-05,65,0.04693776751131189,0.00022442224450329104,0.0005266939568431134,0.0015655528983830073,63.441588309836604,False,1.371797785055429e-05,5,0.20123881179558226,6.858988925277145e-05,4.9999999999999996e-06,1.8132234344422904e-05,5.672187248803606e-05,8.690412473364699e-05,4.213551654744907e-06,-8.269057307890208e-05,-19.6249102549351,False,device spread,False,-0.5195246044729843,-9.678865877439376,64
128,60,50.0,0.2,403.4,336.8506,1.0520860401127031e-05,67,0.046879757505377706,0.0002244222445032945,0.0005260430200563516,0.0015656056003575914,63.452622161796334,False,1.821596220181226e-05,5,0.18744355465084198,9.10798110090613e-05,4.9999999999999996e-06,1.8132234344422904e-05,5.672187248803606e-05,0.00010934918437809989,4.208344160450813e-06,-0.00010514084021764908,-24.983897753834373,False,device spread,False,-0.39471795576322805,-7.329446038022644,64
128,100,1.0,0.0,403.4,202.0276,0.00022473676971839981,65,0.8463025775506323,0.0002655513236989454,0.00022473676971839981,0.007870347247113505,50.886395201493485,True,0.0,0,0.0,0.0,4.9999999999999996e-06,1.9452750180705414e-05,5.8465253396184844e-05,2.4452750180705413e-05,8.989470788735993e-05,6.544195770665451e-05,0.72798454152223,True,ReRAM HRS leakage residual,True,14.088391541330903,8.460752777272042,64
128,100,1.0,0.05,403.4,202.0276,0.00022456378488815132,71,0.8456511598592207,0.0002655513236989298,0.00022456378488815132,0.007867585562277638,50.890035104559786,True,4.5223445294960516e-05,72,0.21357925342006887,0.00022611722647480258,4.9999999999999996e-06,1.9452750180705414e-05,5.8465253396184844e-05,0.0002456252509597727,8.982551395526054e-05,-0.00015579973700451214,-1.7344708662854011,False,device spread,False,0.31207451453181917,0.19725358311971078,71
128,100,1.0,0.1,403.4,202.0276,0.00022450357598128223,71,0.8454244281448747,0.0002655513236989298,0.00022450357598128223,0.007876673459831916,50.90239156916766,True,9.042078659778266e-05,72,0.2117980654943437,0.00045210393298891326,4.9999999999999996e-06,1.9452750180705414e-05,5.8465253396184844e-05,0.00047158433083399685,8.980143039251289e-05,-0.00038178290044148396,-4.251412241127451,False,device spread,False,0.15629544862715933,0.0973793731831404,71
128,100,1.0,0.15,403.4,202.0276,0.00022458848716669453,52,0.8457441824741974,0.0002655513236989324,0.00022458848716669453,0.007874227422482942,50.896409282833545,True,0.0001355486100794866,72,0.20988517713290641,0.0006777430503974329,4.9999999999999996e-06,1.9452750180705414e-05,5.8465253396184844e-05,0.0006972142438951369,8.983539486667782e-05,-0.0006073788490284591,-6.761019417011,False,device spread,False,0.10433831306126386,0.06375819725448575,70
128,100,1.0,0.2,403.4,202.0276,0.00022478058308013447,37,0.8464675677345728,0.00026555132369893587,0.00022478058308013447,0.007809471297750012,50.81725679278081,True,0.0001805584528037209,72,0.2078730566122823,0.0009027922640186045,4.9999999999999996e-06,1.9452750180705414e-05,5.8465253396184844e-05,0.0009222588600248057,8.991223323205379e-05,-0.0008323466267927519,-9.25732346837115,False,device spread,False,0.07844260847931006,0.0464785328567309,70
128,100,2.0,0.0,403.4,202.0276,0.00019281381384803585,65,0.7260886941261426,0.0002655513236989454,0.0003856276276960717,0.00728836826244293,51.54984326519607,True,0.0,0,0.0,0.0,4.9999999999999996e-06,1.9424863433627204e-05,5.8429299588705005e-05,2.4424863433627204e-05,7.712552553921435e-05,5.270066210558715e-05,0.6833102495851594,True,ReRAM HRS leakage residual,True,11.54013242111743,-5.171921238931594,64
128,100,2.0,0.05,403.4,202.0276,0.0001926702033836555,67,0.7255478929643421,0.00026555132369893673,0.000385340406767311,0.007289845835627081,51.5580757641418,True,3.879988274695766e-05,72,0.2052305354395695,0.00019399941373478833,4.9999999999999996e-06,1.9424863433627204e-05,5.8429299588705005e-05,0.0002134886996562516,7.70680813534622e-05,-0.0001364206183027894,-1.7701312386007757,False,device spread,False,0.29807447903057716,-0.14876048561151742,71
128,100,2.0,0.1,403.4,202.0276,0.0001926143819901181,67,0.7253376835300231,0.00026555132369893673,0.0003852287639802362,0.00729780546524777,51.57007141563476,True,7.756526291315127e-05,72,0.20499291521794616,0.00038782631456575633,4.9999999999999996e-06,1.9424863433627204e-05,5.8429299588705005e-05,0.00040728340758298194,7.704575279604725e-05,-0.0003302376547869347,-4.286253853098534,False,device spread,False,0.14921297091284194,-0.07617810849616331,70
128,100,2.0,0.15,403.4,202.0276,0.0001926633228574035,67,0.7255219826199455,0.00026555132369893673,0.000385326645714807,0.00731084552481902,51.583371225203855,True,0.00011624638763369562,72,0.2045896765552206,0.0005812319381684781,4.9999999999999996e-06,1.9424863433627204e-05,5.8429299588705005e-05,0.0006006783072488751,7.70653291429614e-05,-0.0005236129781059137,-6.794403967763197,False,device spread,False,0.09958872475253487,-0.05240849155854245,70
128,100,2.0,0.2,403.4,202.0276,0.0001928144538989806,67,0.7260911043982592,0.00026555132369893673,0.0003856289077979612,0.007328834551701035,51.59790661849078,True,0.0001547896696747456,72,0.20404033946411387,0.000773948348373728,4.9999999999999996e-06,1.9424863433627204e-05,5.8429299588705005e-05,0.0007933893625874459,7.712578155959225e-05,-0.0007162635810278536,-9.28695394126312,False,device spread,False,0.07486502374068076,-0.04073187928520525,70
128,100,5.0,0.0,403.4,202.0276,0.00012959548193975344,64,0.48802423627412284,0.00026555132369893153,0.0006479774096987672,0.005970227917388201,53.26802099687056,True,0.0,0,0.0,0.0,4.9999999999999996e-06,1.934159016258978e-05,5.8321721922214784e-05,2.434159016258978e-05,5.1838192775901376e-05,2.7496602613311596e-05,0.5304313507259123,True,ReRAM HRS leakage residual,True,6.49932052266232,-44.415413595932584,63
128,100,5.0,0.05,403.4,202.0276,0.00012952204371891247,67,0.48774768626555737,0.00026555132369893673,0.0006476102185945623,0.0059702952673533405,53.273042433185715,True,2.6137746657593132e-05,72,0.1921992054935473,0.00013068873328796567,4.9999999999999996e-06,1.934159016258978e-05,5.8321721922214784e-05,0.00015012593558822942,5.180881748756499e-05,-9.831711810066443e-05,-1.8976908346588346,False,device spread,False,0.24997389502663533,-1.9272748269146944,70
128,100,5.0,0.1,403.4,202.0276,0.0001294373501299857,67,0.4874287513502761,0.00026555132369893673,0.0006471867506499285,0.005975637705403056,53.28649291097734,True,5.223438873731184e-05,72,0.19310733739849312,0.0002611719436865592,4.9999999999999996e-06,1.934159016258978e-05,5.8321721922214784e-05,0.00028056139065446535,5.1774940051994285e-05,-0.00022878645060247105,-4.418864616216172,False,device spread,False,0.12498598586456779,-0.9692807846275311,70
128,100,5.0,0.15,403.4,202.0276,0.00012939168730823433,67,0.48725679656159215,0.00026555132369893673,0.0006469584365411717,0.0059843905835679665,53.30227109331342,True,7.823756218036112e-05,72,0.1938616646439003,0.0003911878109018056,4.9999999999999996e-06,1.934159016258978e-05,5.8321721922214784e-05,0.00041056135372029507,5.175667492329374e-05,-0.00035880467879700136,-6.932529559303603,False,device spread,False,0.08338684073804012,-0.6510333775053669,70
128,100,5.0,0.2,403.4,202.0276,0.00012938404157410632,67,0.4872280046353404,0.00026555132369893673,0.0006469202078705316,0.005996458467750665,53.3202823391606,True,0.00010409318182989944,72,0.1944866755261227,0.0005204659091494972,4.9999999999999996e-06,1.934159016258978e-05,5.8321721922214784e-05,0.0005398315157008395,5.175361662964253e-05,-0.000488077899071197,-9.43079790083007,False,device spread,False,0.06265947854607086,-0.49296441082339854,70
128,100,10.0,0.0,403.4,202.0276,7.686878482605127e-05,65,0.2894686562104926,0.0002655513236989454,0.0007686878482605127,0.004592502217256882,55.52598718081043,True,0.0,0,0.0,0.0,4.9999999999999996e-06,1.920407839393727e-05,5.814336564959055e-05,2.420407839393727e-05,3.074751393042051e-05,6.543435536483237e-06,0.21281185696152793,True,ReRAM HRS leakage residual,True,2.3086871072966475,-83.01554765905315,64
128,100,10.0,0.05,403.4,202.0276,7.685537714443121e-05,65,0.2894181662282425,0.0002655513236989454,0.0007685537714443121,0.0045935844026570435,55.52954884899385,True,1.5934300387431492e-05,100,0.18834981850076513,7.967150193715746e-05,4.9999999999999996e-06,1.920407839393727e-05,5.814336564959055e-05,9.90323203946383e-05,3.0742150857772487e-05,-6.829016953686581e-05,-2.2213855449739985,False,device spread,False,0.14968253241503324,-5.50267673760021,67
128,100,10.0,0.1,403.4,202.0276,7.677659327700565e-05,67,0.2891214858490011,0.00026555132369893673,0.0007677659327700564,0.004595123697714549,55.54136738125055,True,3.182318256959843e-05,100,0.1883965732222386,0.00015911591284799217,4.9999999999999996e-06,1.920407839393727e-05,5.814336564959055e-05,0.00017839853094002894,3.071063731080226e-05,-0.00014768789362922669,-4.80901428826026,False,device spread,False,0.0749164823395407,-2.7647650205599397,67
128,100,10.0,0.15,403.4,202.0276,7.670064607122557e-05,67,0.28883548762943967,0.00026555132369893673,0.0007670064607122557,0.004600300325418095,55.559743257658376,True,4.7629295684711105e-05,100,0.19189347901520648,0.00023814647842355553,4.9999999999999996e-06,1.920407839393727e-05,5.814336564959055e-05,0.00025740303973831633,3.068025842849023e-05,-0.0002267227813098261,-7.3898589165496515,False,device spread,False,0.049988357335218565,-1.8531489542626203,67
128,100,10.0,0.2,403.4,202.0276,7.662827208026058e-05,67,0.2885629452449512,0.00026555132369893673,0.0007662827208026058,0.0046074333004273,55.581400485381025,True,6.331500852143668e-05,100,0.19476670415763117,0.0003165750426071834,4.9999999999999996e-06,1.920407839393727e-05,5.814336564959055e-05,0.00033581860364781754,3.065130883210423e-05,-0.0003051672948157133,-9.956093440815179,False,device spread,False,0.03749522677819717,-1.3996997085401381,70
128,100,20.0,0.0,403.4,202.0276,3.6151256482738585e-05,65,0.1361366080920882,0.0002655513236989454,0.0007230251296547717,0.0031452409681137668,58.79061055110188,True,0.0,0,0.0,0.0,4.9999999999999996e-06,1.8933749075111025e-05,5.779013302915307e-05,2.3933749075111024e-05,1.4460502593095435e-05,-9.47324648201559e-06,-0.6551118414472573,False,ReRAM HRS leakage residual,False,-0.8946492964031181,-106.24913520394755,64
128,100,20.0,0.05,403.4,202.0276,3.6139690276910786e-05,65,0.13609305264801552,0.0002655513236989454,0.0007227938055382158,0.0031457479611636716,58.79478995066169,True,9.902997940623681e-06,13,0.23526039925071413,4.95149897031184e-05,4.9999999999999996e-06,1.8933749075111025e-05,5.779013302915307e-05,6.870054729741904e-05,1.4455876110764316e-05,-5.424467118665473e-05,-3.752430552878243,False,device spread,False,-0.12606580972166218,-11.802835100137877,64
128,100,20.0,0.1,403.4,202.0276,3.611767125408077e-05,67,0.13601013450427543,0.00026555132369893673,0.0007223534250816153,0.0031461773127616746,58.80126908634629,True,1.979233672494072e-05,13,0.23857723141940873,9.896168362470359e-05,4.9999999999999996e-06,1.8933749075111025e-05,5.779013302915307e-05,0.00011802166370568506,1.4447068501632309e-05,-0.00010357459520405275,-7.169246494010209,False,device spread,False,-0.06372922476188983,-5.943624258504712,64
128,100,20.0,0.15,403.4,202.0276,3.605783718052042e-05,67,0.13578481431860698,0.00026555132369893673,0.0007211567436104084,0.0031486001963919874,58.82235689732248,True,2.964619343194853e-05,13,0.2409759149752355,0.00014823096715974266,4.9999999999999996e-06,1.8933749075111025e-05,5.779013302915307e-05,0.00016724902011997918,1.442313487220817e-05,-0.00015282588524777102,-10.595885471628645,False,device spread,False,-0.042768122047732775,-3.9823783988927497,64
128,100,20.0,0.2,403.4,202.0276,3.599036497887625e-05,67,0.13553073084915054,0.00026555132369893673,0.0007198072995775249,0.0031519367257175604,58.847824793948185,True,3.944205015459348e-05,13,0.24230135472398515,0.00019721025077296738,4.9999999999999996e-06,1.8933749075111025e-05,5.779013302915307e-05,0.00021620737379452628,1.4396145991550501e-05,-0.0002018112278029758,-14.018420480135754,False,device spread,False,-0.032314220103111926,-3.005132320058693,64
128,100,50.0,0.0,403.4,202.0276,9.588482075669575e-06,65,0.036107830087640624,0.0002655513236989454,0.00047942410378347877,0.001617941732494737,64.5442603284975,False,0.0,0,0.0,0.0,4.9999999999999996e-06,1.8158520464240822e-05,5.675741650991678e-05,2.315852046424082e-05,3.83539283026783e-06,-1.9323127633972992e-05,-5.038109129651691,False,ReRAM HRS leakage residual,False,-2.864625526794599,-94.93237561097312,64
128,100,50.0,0.05,403.4,202.0276,9.583958330456792e-06,65,0.036090794792354684,0.0002655513236989454,0.0004791979165228396,0.0016180753623949889,64.54907656702305,False,5.897094827020113e-06,5,0.23032823520853068,2.9485474135100562e-05,4.9999999999999996e-06,1.8158520464240822e-05,5.675741650991678e-05,4.8064927553219e-05,3.833583332182717e-06,-4.423134422103628e-05,-11.537859070315918,False,device spread,False,-1.340498886256051,-27.132156432846013,64
128,100,50.0,0.1,403.4,202.0276,9.575000496415448e-06,65,0.0360570618253464,0.0002655513236989454,0.0004787500248207724,0.0016184630058591841,64.55927943552742,False,1.1782359213384856e-05,5,0.22118295835470814,5.891179606692428e-05,4.9999999999999996e-06,1.8158520464240822e-05,5.675741650991678e-05,7.728211741022233e-05,3.8300001985661795e-06,-7.345211721165615e-05,-19.17809749439546,False,device spread,False,-0.735009563758147,-14.271953017295955,64
128,100,50.0,0.15,403.4,202.0276,9.56169932954814e-06,65,0.03600697295106766,0.0002655513236989454,0.00047808496647740704,0.0016190993483935503,64.57476829893088,False,1.7641743246717914e-05,5,0.24082957093691773,8.820871623358957e-05,4.9999999999999996e-06,1.8158520464240822e-05,5.675741650991678e-05,0.00010650883240244469,3.8246797318192565e-06,-0.00010268415267062543,-26.847778080959067,False,device spread,False,-0.5012924105885935,-9.647969986880474,64
128,100,50.0,0.2,403.4,202.0276,9.535468752810337e-06,67,0.035908195146566,0.00026555132369893673,0.0004767734376405168,0.0016196214961878579,64.60142969828173,False,2.346111308838434e-05,5,0.28916327182608603,0.00011730556544192171,4.9999999999999996e-06,1.8158520464240822e-05,5.675741650991678e-05,0.00013557059686036363,3.814187501124135e-06,-0.0001317564093592395,-34.54376831773678,False,device spread,False,-0.38068125265571223,-7.304885613749626,64
