g,a,area,r_s,sigma,ratio,r_tx,delta_a,delta_loc,delta_norm,delta_unc_a,v_step,i_cm_a,cmrr_req_db,cmrr_ok,spread_std_max_a,spread_std_loc,max_abs_skew,spread5_a,comp5_a,leak_resid_a,leak_raw_shift_a,total_err_a,limit_a,margin_left_a,margin_left_frac,budget_closes,binding_term,ok,mu_nonuniform_min,mu_uniform_min,mu_nonuniform_argmin
1,1,20,1.0,0.01,403.4,1016.0459,0.0001263413010922481,1,0.9992944454619302,0.00012643050470859568,0.0001263413010922481,3.204052913720586e-05,8.083086692657552,True,2.297008828333767e-07,0,0.11023823380808005,1.1485044141668835e-06,4.9999999999999996e-06,1.508111527548996e-07,4.5525649362658516e-07,5.281021907622657e-06,5.0536520436899236e-05,4.5255498529276576e-05,0.8955008801166547,True,absolute signal (comparator noise),True,9.831262463358854,9.821372199248593,1
1,1,20,1.0,0.02,403.4,1016.0459,0.00012633191222206523,1,0.9992201843474587,0.00012643050470859568,0.00012633191222206523,3.203817456180539e-05,8.083093868947703,True,4.593885135814601e-07,0,0.11926942242137811,2.2969425679073005e-06,4.9999999999999996e-06,1.508111527548996e-07,4.5525649362658516e-07,5.653169298156249e-06,5.0532764888826095e-05,4.487959559066984e-05,0.888128636725233,True,absolute signal (comparator noise),True,9.188550977868807,9.156429371682833,1
1,1,20,1.0,0.03,403.4,1016.0459,0.00012632112884309314,1,0.9991348933886276,0.00012643050470859568,0.00012632112884309314,3.203551671617826e-05,8.083114706518753,True,6.890402050490476e-07,0,0.12828209343477326,3.445201025245238e-06,4.9999999999999996e-06,1.508111527548996e-07,4.5525649362658516e-07,6.222829771332319e-06,5.0528451537237255e-05,4.4305621765904933e-05,0.8768450332037908,True,absolute signal (comparator noise),True,8.350611366698095,8.29668740315639,1
1,1,20,2.0,0.01,403.4,1016.0459,0.00012626020264460162,1,0.9986529986225509,0.00012643050470859568,0.00025252040528920324,3.202025234515808e-05,8.083165363199013,True,2.294101697545278e-07,0,0.11024999331558019,1.147050848772639e-06,4.9999999999999996e-06,1.5080946977766925e-07,4.5525431320358805e-07,5.280695009404263e-06,5.050408105784065e-05,4.522338604843639e-05,0.8954402317833196,True,absolute signal (comparator noise),True,9.825532192620148,9.815671558186114,1
1,1,20,2.0,0.02,403.4,1016.0459,0.00012625082265255836,1,0.9985788077295786,0.00012643050470859568,0.0002525016453051167,3.201789998870897e-05,8.083172541042298,True,4.588071537549421e-07,0,0.11929510634661497,2.2940357687747104e-06,4.9999999999999996e-06,1.5080946977766925e-07,4.5525431320358805e-07,5.65195481492333e-06,5.0500329061023344e-05,4.484837424610001e-05,0.888080831946785,True,absolute signal (comparator noise),True,9.184592138661406,9.15255213819705,1
1,1,20,2.0,0.03,403.4,1016.0459,0.00012624004778401075,1,0.9984935840838103,0.00012643050470859568,0.0002524800955680215,3.201524426923385e-05,8.083193389808802,True,6.881683283366859e-07,0,0.12832166284627153,3.4408416416834293e-06,4.9999999999999996e-06,1.5080946977766925e-07,4.5525431320358805e-07,6.22035568042165e-06,5.049601911360431e-05,4.427566343318266e-05,0.8768149293823084,True,absolute signal (comparator noise),True,8.348540291395384,8.29472383875054,1
1,1,20,5.0,0.01,403.4,1016.0459,0.00012601752853318743,1,0.9967335717249559,0.00012643050470859568,0.0006300876426659372,3.1959577277030286e-05,8.083401368240978,True,2.2854134108147904e-07,0,0.11028515642076071,1.1427067054073953e-06,4.9999999999999996e-06,1.5080442102819195e-07,4.552477720688074e-07,5.2797203507918114e-06,5.0407011413274975e-05,4.512729106248316e-05,0.8952582150228139,True,absolute signal (comparator noise),True,9.808374578028237,9.798602215451595,1
1,1,20,5.0,0.02,403.4,1016.0459,0.0001260081751084302,1,0.996659590965496,0.00012643050470859568,0.0006300408755421509,3.1957231560652196e-05,8.083408550719854,True,4.570696944435216e-07,0,0.11937193741392893,2.285348472217608e-06,4.9999999999999996e-06,1.5080442102819195e-07,4.552477720688074e-07,5.6483327419618236e-06,5.0403270043372075e-05,4.475493730141025e-05,0.8879371767525911,True,absolute signal (comparator noise),True,9.172716301605673,9.140919825913626,1
1,1,20,5.0,0.03,403.4,1016.0459,0.00012599742573082693,1,0.9965745689399331,0.00012643050470859568,0.0006299871286541347,3.1954582209550996e-05,8.083429433032151,True,6.855626262270868e-07,0,0.1284400452968586,3.4278131311354337e-06,4.9999999999999996e-06,1.5080442102819195e-07,4.552477720688074e-07,6.212974235705483e-06,5.0398970292330777e-05,4.4185996056625293e-05,0.8767241830603251,True,absolute signal (comparator noise),True,8.342303643479417,8.288808695138385,1
1,1,20,10.0,0.01,403.4,1016.0459,0.00012561513054113967,1,0.9935508114174239,0.00012643050470859568,0.0012561513054113967,3.185896687900868e-05,8.083794688089847,True,2.271042448419784e-07,0,0.1103433787825092,1.1355212242098919e-06,4.9999999999999996e-06,1.507960070531631e-07,4.552368706249566e-07,5.27811581867318e-06,5.024605221645587e-05,4.496793639778269e-05,0.8949546166147444,True,absolute signal (comparator noise),True,9.779888943102703,9.77026166689897,1
1,1,20,10.0,0.02,403.4,1016.0459,0.00012560582117227622,1,0.9934771791173321,0.00012643050470859568,0.0012560582117227622,3.185663217368696e-05,8.083801878215723,True,4.541958288473256e-07,0,0.11949925735250065,2.270979144236628e-06,4.9999999999999996e-06,1.507960070531631e-07,4.552368706249566e-07,5.642366481294364e-06,5.024232846891049e-05,4.4599961987616123e-05,0.8876969548737015,True,absolute signal (comparator noise),True,9.152926269030454,9.121531390121827,1
1,1,20,10.0,0.03,403.4,1016.0459,0.00012559511414477403,1,0.993392492059198,0.00012643050470859568,0.0012559511414477402,3.185399340284156e-05,8.083822816303227,True,6.812526318916066e-07,0,0.12863626923058474,3.4062631594580333e-06,4.9999999999999996e-06,1.507960070531631e-07,4.552368706249566e-07,6.2008066443562925e-06,5.023804565790961e-05,4.403723901355332e-05,0.8765714994850716,True,absolute signal (comparator noise),True,8.331832222561363,8.278869683638026,1
1,1,20,20.0,0.01,403.4,1016.0459,0.00012481796703111842,1,0.9872456597306645,0.00012643050470859568,0.0024963593406223685,3.1659654203161725e-05,8.084581246105312,True,2.2427050258319804e-07,0,0.11045840209857646,1.1213525129159902e-06,4.9999999999999996e-06,1.5077918138058045e-07,4.5521506941499006e-07,5.2749797491006805e-06,4.992718681244737e-05,4.465220706334669e-05,0.8943465457223484,True,absolute signal (comparator noise),True,9.723329588289987,9.713985034979553,1
1,1,20,20.0,0.02,403.4,1016.0459,0.00012480874494454663,1,0.9871727177884247,0.00012643050470859568,0.0024961748988909325,3.165734131258015e-05,8.084588451232033,True,4.485289863471069e-07,0,0.11975118138104868,2.2426449317355346e-06,4.9999999999999996e-06,1.5077918138058045e-07,4.5521506941499006e-07,5.630693075762414e-06,4.992349797781865e-05,4.4292804902056236e-05,0.8872135706864096,True,absolute signal (comparator noise),True,9.113363135828793,9.082755633709226,1
1,1,20,20.0,0.03,403.4,1016.0459,0.0001247981221091041,1,0.9870886966460033,0.00012643050470859568,0.0024959624421820818,3.165472357521367e-05,8.08460950037083,True,6.727539489578311e-07,0,0.12902470949208344,3.3637697447891554e-06,4.9999999999999996e-06,1.5077918138058045e-07,4.5521506941499006e-07,6.1769676032571234e-06,4.9919248843641644e-05,4.374228124038452e-05,0.876260806275255,True,absolute signal (comparator noise),True,8.310608504764243,8.258697899585966,1
1,1,20,50.0,0.01,403.4,1016.0459,0.00012248582431779542,1,0.9687996152519347,0.00012643050470859568,0.006124291215889771,3.107655314322405e-05,8.086940274342142,True,2.1608097260338119e-07,0,0.11079237523040411,1.080404863016906e-06,4.9999999999999996e-06,1.5072872257531483e-07,4.551496792037864e-07,5.266124569235725e-06,4.899432972711817e-05,4.372820515788245e-05,0.8925156319401397,True,absolute signal (comparator noise),True,9.556904810608918,9.548352164462585,1
1,1,20,50.0,0.02,403.4,1016.0459,0.00012247685757049942,1,0.9687286929115022,0.00012643050470859568,0.006123842878524971,3.107430406997457e-05,8.086947522186005,True,4.321517615504945e-07,0,0.12048578081471338,2.1607588077524726e-06,4.9999999999999996e-06,1.5072872257531483e-07,4.551496792037864e-07,5.597643319416344e-06,4.899074302819977e-05,4.339309970878342e-05,0.8857407956398158,True,absolute signal (comparator noise),True,8.994914194154804,8.966546737110491,1
1,1,20,50.0,0.03,403.4,1016.0459,0.00012246648320284487,1,0.968646637020968,0.00012643050470859568,0.0061233241601422435,3.1071748405970566e-05,8.086968900585049,True,6.481926424677034e-07,0,0.13015880321397486,3.240963212338517e-06,4.9999999999999996e-06,1.5072872257531483e-07,4.551496792037864e-07,6.109238816863282e-06,4.898659328113795e-05,4.287735446427467e-05,0.8752875346566381,True,absolute signal (comparator noise),True,8.24484388965463,8.195985873277008,1
1,1,40,1.0,0.01,403.4,505.79,0.00018790014080686417,1,0.9989593848377836,0.00018809587622761701,0.00018790014080686417,4.743135441966992e-05,8.04276841436926,True,5.023250237588508e-07,0,0.10066565254237075,2.511625118794254e-06,4.9999999999999996e-06,1.5167388138810222e-07,4.563719939385658e-07,5.747052397392023e-06,7.516005632274568e-05,6.941300392535366e-05,0.9235358157168811,True,absolute signal (comparator noise),True,13.460314795565758,13.405417028860215,1
1,1,40,1.0,0.02,403.4,505.79,0.00018788455516579908,1,0.9988765247486754,0.00018809587622761701,0.00018788455516579908,4.742745095179689e-05,8.042774053714076,True,1.004574945391521e-06,0,0.09922534448533239,5.022874726957605e-06,4.9999999999999996e-06,1.5167388138810222e-07,4.563719939385658e-07,7.238935025349812e-06,7.515382206631964e-05,6.791488704096983e-05,0.9036784181254042,True,device spread,True,10.692117962950698,10.582670323758675,1
1,1,40,1.0,0.03,403.4,505.79,0.0001878693368729315,1,0.9987956176433588,0.00018809587622761701,0.0001878693368729315,4.742368512480953e-05,8.04278791978389,True,1.5066765982121916e-06,0,0.09778915282518212,7.533382991060958e-06,4.9999999999999996e-06,1.5167388138810222e-07,4.563719939385658e-07,9.193347359788357e-06,7.51477347491726e-05,6.595438738938424e-05,0.8776630141883341,True,device spread,True,8.414077624334608,8.294488962352307,1
1,1,40,2.0,0.01,403.4,505.79,0.00018772072599215344,1,0.9980055371601576,0.00018809587622761701,0.0003754414519843069,4.738649852439171e-05,8.042847878593637,True,5.013805960293754e-07,0,0.10069445686160097,2.506902980146877e-06,4.9999999999999996e-06,1.516721828083759e-07,4.563698020506728e-07,5.744932640883727e-06,7.508829039686138e-05,6.934335775597765e-05,0.9234909649624429,True,absolute signal (comparator noise),True,13.452362136991093,13.397662915171805,1
1,1,40,2.0,0.02,403.4,505.79,0.00018770515542737516,1,0.9979227572231885,0.00018809587622761701,0.0003754103108547503,4.7382598824997064e-05,8.042853523047883,True,1.002686265336625e-06,0,0.09928434714338097,5.013431326683125e-06,4.9999999999999996e-06,1.516721828083759e-07,4.563698020506728e-07,7.232243746415915e-06,7.508206217095007e-05,6.784981842453415e-05,0.9036754780396251,True,device spread,True,10.691768371695952,10.582534095589986,1
1,1,40,2.0,0.03,403.4,505.79,0.00018768994185460437,1,0.9978418752119721,0.00018809587622761701,0.00037537988370920874,4.7378834176559634e-05,8.04286740631358,True,1.503843951095848e-06,0,0.09787831578990602,7.519219755479239e-06,4.9999999999999996e-06,1.516721828083759e-07,4.563698020506728e-07,9.181548468294753e-06,7.507597674184175e-05,6.5894428273547e-05,0.8777032432109851,True,device spread,True,8.416863146856777,8.297378855506402,1
1,1,40,5.0,0.01,403.4,505.79,0.00018718454384072724,1,0.9951549581778871,0.00018809587622761701,0.0009359227192036362,4.725244641186902e-05,8.043086256764882,True,4.985633646370152e-07,0,0.10078052625883845,2.492816823185076e-06,4.9999999999999996e-06,1.5166708725391793e-07,4.5636322652238364e-07,5.738628310848953e-06,7.48738175362909e-05,6.913518922544195e-05,0.9233560074846261,True,absolute signal (comparator noise),True,13.428489366324175,13.374381431800169,1
1,1,40,5.0,0.02,403.4,505.79,0.00018716901848328128,1,0.995072418582882,0.00018809587622761701,0.0009358450924164064,4.724855801252759e-05,8.043091916475884,True,9.97052328519749e-07,0,0.09946067557822076,4.985261642598745e-06,4.9999999999999996e-06,1.5166708725391793e-07,4.5636322652238364e-07,7.2123209978465e-06,7.486760739331251e-05,6.7655286395466e-05,0.9036656673164803,True,absolute signal (comparator noise),True,10.690608716766645,10.582014251395007,1
1,1,40,5.0,0.03,403.4,505.79,0.00018715381938146704,1,0.9949916135056041,0.00018809587622761701,0.0009357690969073352,4.72447969774067e-05,8.043105851208953,True,1.495394166231786e-06,0,0.09814478837532094,7.47697083115893e-06,4.9999999999999996e-06,1.5166708725391793e-07,4.5636322652238364e-07,9.146392920207442e-06,7.486152775258682e-05,6.571513483237938e-05,0.8778225185246585,True,device spread,True,8.425132167983639,8.305963078009798,1
1,1,40,10.0,0.01,403.4,505.79,0.00018629772144381724,1,0.9904402221895402,0.00018809587622761701,0.0018629772144381723,4.703072985531585e-05,8.043483505748217,True,4.93920875328021e-07,0,0.1009228394744541,2.469604376640105e-06,4.9999999999999996e-06,1.5165859527871493e-07,4.5635226775985393e-07,5.728301472236138e-06,7.45190885775269e-05,6.879078710529076e-05,0.9231297432432144,True,absolute signal (comparator noise),True,13.388656346511832,13.335519527264857,1
1,1,40,10.0,0.02,403.4,505.79,0.00018628227135244498,1,0.9903580827419237,0.00018809587622761701,0.0018628227135244497,4.7026860269526764e-05,8.043489190650618,True,9.877682254953962e-07,0,0.09975231011028145,4.938841127476981e-06,4.9999999999999996e-06,1.5165859527871493e-07,4.5635226775985393e-07,7.179613609538417e-06,7.4512908540978e-05,6.733329493143958e-05,0.9036460426774238,True,absolute signal (comparator noise),True,10.688309781082047,10.580780581950297,1
1,1,40,10.0,0.03,403.4,505.79,0.00018626709737842872,1,0.9902774112550172,0.00018809587622761701,0.0018626709737842872,4.7023105508985216e-05,8.043503210764971,True,1.481469883215102e-06,0,0.09858555018822958,7.4073494160755095e-06,4.9999999999999996e-06,1.5165859527871493e-07,4.5635226775985393e-07,9.088594612272133e-06,7.450683895137149e-05,6.541824433909936e-05,0.8780166392751677,True,device spread,True,8.438622645130314,8.319985755152299,1
1,1,40,20.0,0.01,403.4,505.79,0.00018454919098793006,1,0.9811442690248293,0.00018809587622761701,0.0036909838197586014,4.659357532838466e-05,8.044277826553106,True,4.848297890906915e-07,0,0.10120327607808048,2.424148945453457e-06,4.9999999999999996e-06,1.5164161363646694e-07,4.563303519267869e-07,5.708304111012307e-06,7.381967639517203e-05,6.811137228415972e-05,0.9226723227496342,True,absolute signal (comparator noise),True,13.308852182059852,13.25760468920429,1
1,1,40,20.0,0.02,403.4,505.79,0.00018453389107543817,1,0.9810629279938682,0.00018809587622761701,0.0036906778215087636,4.658974328138499e-05,8.044283560965548,True,9.695877989341416e-07,0,0.10032729534680866,4.847938994670708e-06,4.9999999999999996e-06,1.5164161363646694e-07,4.563303519267869e-07,7.1160161365960726e-06,7.381355643017527e-05,6.669754029357919e-05,0.9035947259453952,True,absolute signal (comparator noise),True,10.6823644629816,10.576960583279368,1
1,1,40,20.0,0.03,403.4,505.79,0.00018451877095435304,1,0.9809825428127128,0.00018809587622761701,0.0036903754190870607,4.658600196933885e-05,8.044297750374973,True,1.4542029978981096e-06,0,0.09945468696230485,7.2710149894905485e-06,4.9999999999999996e-06,1.5164161363646694e-07,4.563303519267869e-07,8.975906964213604e-06,7.380750838174122e-05,6.483160141752763e-05,0.8783876171813152,True,device spread,True,8.46451621730996,8.34696870978471,1
1,1,40,50.0,0.01,403.4,505.79,0.00017949611068424602,1,0.9542798826011245,0.00018809587622761701,0.008974805534212302,4.533023952711781e-05,8.04665942318634,True,4.590232281730711e-07,0,0.10201239110179561,2.2951161408653555e-06,4.9999999999999996e-06,1.5159068716695035e-07,4.5626461796057015e-07,5.653186646528259e-06,7.179844427369842e-05,6.614525762717015e-05,0.9212631039054537,True,absolute signal (comparator noise),True,13.068905312121792,13.022921733214499,1
1,1,40,50.0,0.02,403.4,505.79,0.00017948125750232418,1,0.9542009165853897,0.00018809587622761701,0.008974062875116208,4.532651914498025e-05,8.046665299417958,True,9.179798475940115e-07,0,0.10198864139910468,4.589899237970057e-06,4.9999999999999996e-06,1.5159068716695035e-07,4.5626461796057015e-07,6.938871071438556e-06,7.179250300092968e-05,6.485363192949113e-05,0.903348249728127,True,absolute signal (comparator noise),True,10.654263060372319,10.555172065644825,1
1,1,40,50.0,0.03,403.4,505.79,0.0001794663242638991,1,0.9541215249542463,0.00018809587622761701,0.008973316213194955,4.532282450941086e-05,8.04667998542777,True,1.3768023483108189e-06,0,0.1019670109213986,6.884011741554095e-06,4.9999999999999996e-06,1.5159068716695035e-07,4.5626461796057015e-07,8.659799526743859e-06,7.178652970555964e-05,6.312673017881579e-05,0.8793673470181248,True,device spread,True,8.533603642276496,8.419508779001116,1
1,1,60,1.0,0.01,403.4,336.8506,0.0002241442028941831,1,0.9987610780636628,0.00022442224453594073,0.0002241442028941831,5.6492740513370696e-05,8.029302643936479,True,7.109638968366935e-07,0,0.09481945630536297,3.5548194841834675e-06,4.9999999999999996e-06,1.5196128095745526e-07,4.567426143743962e-07,6.286840380428805e-06,8.965768115767325e-05,8.337084077724444e-05,0.9298795117244592,True,absolute signal (comparator noise),True,14.69001722952534,14.589646906722024,1
1,1,60,1.0,0.02,403.4,336.8506,0.00022412619209627194,1,0.9986808239963869,0.00022442224453594073,0.00022412619209627194,5.64882308568013e-05,8.029307216832894,True,1.4218276283076101e-06,0,0.08731389294247853,7.10913814153805e-06,4.9999999999999996e-06,1.5196128095745526e-07,4.567426143743962e-07,8.843327405766091e-06,8.965047683850878e-05,8.080714943274268e-05,0.9013577203644331,True,device spread,True,10.44094126202028,10.297404835137106,1
1,1,60,1.0,0.03,403.4,336.8506,0.00022411143898382958,1,0.9986150858050911,0.00022442224453594073,0.00022411143898382958,5.6484581574555654e-05,8.02931783605042,True,2.1325111567890295e-06,0,0.07981541880727314,1.0662555783945148e-05,4.9999999999999996e-06,1.5196128095745526e-07,4.567426143743962e-07,1.1928637206096183e-05,8.964457559353183e-05,7.771593838743565e-05,0.866934088012383,True,device spread,True,7.730121025426262,7.5991404434881025,1
1,1,60,2.0,0.01,403.4,336.8506,0.00022388806184903004,1,0.9976197426952249,0.00022442224453594073,0.0004477761236980601,5.6428703056664714e-05,8.02938263811728,True,7.093648503965435e-07,0,0.09486088897717336,3.546824251982717e-06,4.9999999999999996e-06,1.5195957716583359e-07,4.5674041866912223e-07,6.282209349765051e-06,8.955522473961202e-05,8.327301538984696e-05,0.9298510012338084,True,absolute signal (comparator noise),True,14.683976807466772,14.583951466718023,1
1,1,60,2.0,0.02,403.4,336.8506,0.00022387006318626268,1,0.9975395427007699,0.00022442224453594073,0.00044774012637252537,5.642419643328465e-05,8.029387218736678,True,1.4186296085389644e-06,0,0.08739797117467436,7.093148042694822e-06,4.9999999999999996e-06,1.5195957716583359e-07,4.5674041866912223e-07,8.83025141113785e-06,8.954802527450508e-05,8.071777386336723e-05,0.9013908862415543,True,device spread,True,10.444476259483132,10.301113100090696,1
1,1,60,2.0,0.03,403.4,336.8506,0.00022385529576347157,1,0.9974737407441874,0.00022442224453594073,0.00044771059152694313,5.642054357197079e-05,8.029397859545744,True,2.1277141439410194e-06,0,0.07994215772994553,1.0638570719705098e-05,4.9999999999999996e-06,1.5195957716583359e-07,4.5674041866912223e-07,1.1906923930925764e-05,8.954211830538863e-05,7.763519437446287e-05,0.867024321556516,True,device spread,True,7.735415844191529,7.604460212559516,1
1,1,60,5.0,0.01,403.4,336.8506,0.00022312318787171448,1,0.9942115512349837,0.00022442224453594073,0.0011156159393585724,5.6237477976218416e-05,8.029622596233473,True,7.046004215822805e-07,0,0.09498460698563568,3.5230021079114025e-06,4.9999999999999996e-06,1.5195446597638068e-07,4.5673383168904247e-07,6.268452144578751e-06,8.92492751486858e-05,8.298082300410705e-05,0.9297646716554756,True,absolute signal (comparator noise),True,14.665717831652946,14.566721899429922,1
1,1,60,5.0,0.02,403.4,336.8506,0.00022310522592567625,1,0.9941315148460982,0.00022442224453594073,0.0011155261296283813,5.623298053023094e-05,8.0296271999025,True,1.409100980845745e-06,0,0.0876490507348572,7.045504904228725e-06,4.9999999999999996e-06,1.5195446597638068e-07,4.5673383168904247e-07,8.79134908339669e-06,8.924209037027051e-05,8.045074128687382e-05,0.90148875887016,True,device spread,True,10.454920895728323,10.312080863241794,1
1,1,60,5.0,0.03,403.4,336.8506,0.00022309041679650847,1,0.9940655270506442,0.00022442224453594073,0.0011154520839825423,5.6229317237880096e-05,8.02963790528531,True,2.113421285024249e-06,0,0.08032064069629342,1.0567106425121244e-05,4.9999999999999996e-06,1.5195446597638068e-07,4.5673383168904247e-07,1.1842281159437033e-05,8.92361667186034e-05,7.739388555916637e-05,0.8672928074467791,True,device spread,True,7.751212984406322,7.620335563629632,1
1,1,60,10.0,0.01,403.4,336.8506,0.00022186010349379263,1,0.9885833908869146,0.00022442224453594073,0.0022186010349379264,5.592169590532812e-05,8.030022445887417,True,6.96767235643044e-07,0,0.0951888904381384,3.4838361782152202e-06,4.9999999999999996e-06,1.5194594794563107e-07,4.56722853841451e-07,6.245968799612765e-06,8.874404139751706e-05,8.24980725979043e-05,0.9296181613857906,True,absolute signal (comparator noise),True,14.634837859376585,14.537539094612258,1
1,1,60,10.0,0.02,403.4,336.8506,0.00022184220374109152,1,0.9885036316244666,0.00022442224453594073,0.0022184220374109154,5.591721400469245e-05,8.030027087578741,True,1.3934350261290248e-06,0,0.08806370672701265,6.967175130645124e-06,4.9999999999999996e-06,1.5194594794563107e-07,4.56722853841451e-07,8.727581743679956e-06,8.873688149643662e-05,8.000929975275666e-05,0.9016465127408108,True,device spread,True,10.471796134560401,10.329838819945538,1
1,1,60,10.0,0.03,403.4,336.8506,0.00022182732908625642,1,0.9884373518540907,0.00022442224453594073,0.0022182732908625643,5.59135343235209e-05,8.030037899921721,True,2.0899225941523894e-06,0,0.08094572749066321,1.0449612970761947e-05,4.9999999999999996e-06,1.5194594794563107e-07,4.56722853841451e-07,1.1736177093719454e-05,8.873093163450257e-05,7.699475454078311e-05,0.8677329666495252,True,device spread,True,7.777249914386632,7.646514004416466,1
1,1,60,20.0,0.01,403.4,336.8506,0.00021937691475946123,1,0.9775185842788793,0.00022442224453594073,0.0043875382951892245,5.530087677062234e-05,8.030821849605722,True,6.814931114037658e-07,0,0.09559043009768682,3.407465557018829e-06,4.9999999999999996e-06,1.519289142024407e-07,4.5670089984313933e-07,6.202616604231536e-06,8.77507659037845e-05,8.154814929955297e-05,0.9293155274447122,True,absolute signal (comparator noise),True,14.57147515834158,14.477500984546904,1
1,1,60,20.0,0.02,403.4,336.8506,0.00021935914286019085,1,0.9774393947167789,0.00022442224453594073,0.004387182857203817,5.529642682738089e-05,8.030826565894676,True,1.3628877292841878e-06,0,0.08887902801652027,6.814438646420939e-06,4.9999999999999996e-06,1.519289142024407e-07,4.5670089984313933e-07,8.603944890632872e-06,8.774365714407634e-05,7.913971225344347e-05,0.9019422580425948,True,device spread,True,10.503565570080188,10.363412524791135,1
1,1,60,20.0,0.03,403.4,336.8506,0.0002193441513962006,1,0.9773725944580913,0.00022442224453594073,0.0043868830279240115,5.5292717929115786e-05,8.030837589722772,True,2.044102491878909e-06,0,0.08217490593358642,1.0220512459394546e-05,4.9999999999999996e-06,1.519289142024407e-07,4.5670089984313933e-07,1.152992851574221e-05,8.773766055848025e-05,7.620773204273804e-05,0.8685863237935653,True,device spread,True,7.828225978724503,7.697814616940657,1
1,1,60,50.0,0.01,403.4,336.8506,0.000212253877589054,1,0.9457791406905834,0.00022442224453594073,0.0106126938794527,5.352005163822226e-05,8.033217816548108,True,6.386037129965005e-07,0,0.09674160800796724,3.1930185649825025e-06,4.9999999999999996e-06,1.5187783151227952e-07,4.5663505141924424e-07,6.084446209232245e-06,8.490155103562161e-05,7.881710482638936e-05,0.9283352761520289,True,absolute signal (comparator noise),True,14.37005508797533,14.285494546070574,1
1,1,60,50.0,0.02,403.4,336.8506,0.00021223651199992426,1,0.9457017616002635,0.00022442224453594073,0.010611825599996213,5.351570325463723e-05,8.033222745612346,True,1.277112551150417e-06,0,0.09121865451025546,6.385562755752086e-06,4.9999999999999996e-06,1.5187783151227952e-07,4.5663505141924424e-07,8.262082003273195e-06,8.489460479996971e-05,7.663252279669651e-05,0.9026783619201659,True,device spread,True,10.58336761921962,10.448901799972539,1
1,1,60,50.0,0.03,403.4,336.8506,0.00021222127131748504,1,0.9456338508525088,0.00022442224453594073,0.010611063565874252,5.351193200736958e-05,8.033234385357645,True,1.915444653034768e-06,0,0.08570291776361227,9.57722326517384e-06,4.9999999999999996e-06,1.5187783151227952e-07,4.5663505141924424e-07,1.095572924991799e-05,8.488850852699402e-05,7.393277927707604e-05,0.8709397839586953,True,device spread,True,7.972300163909046,7.843187342536229,1
1,1,100,1.0,0.01,403.4,202.0276,0.0002651619739015247,1,0.9985338056766884,0.00026555132374494745,0.0002651619739015247,6.674747946533904e-05,8.018472542148668,True,9.89954668142092e-07,0,0.08817363672929573,4.949773340710461e-06,4.9999999999999996e-06,1.5219127469479434e-07,4.5703885328572734e-07,7.18783311637548e-06,0.00010606478956060989,9.88769564442344e-05,0.9322316751284548,True,absolute signal (comparator noise),True,15.20782345044576,15.053722271430251,1
1,1,100,1.0,0.02,403.4,202.0276,0.0002651432054606731,1,0.9984631284132994,0.00026555132374494745,0.0002651432054606731,6.67427804786499e-05,8.018475856739881,True,1.9798310638488373e-06,0,0.073863756847045,9.899155319244187e-06,4.9999999999999996e-06,1.5219127469479434e-07,4.5703885328572734e-07,1.1242424637186337e-05,0.00010605728218426926,9.481485754708292e-05,0.8939966741967499,True,device spread,True,9.709609467925269,9.54940148218682,1
1,1,100,1.0,0.03,403.4,202.0276,0.00026513321382180106,1,0.9984255023953562,0.00026555132374494745,0.00026513321382180106,6.674032176483879e-05,8.018483199066488,True,2.969605664952464e-06,0,0.08232136814367604,1.4848028324762321e-05,4.9999999999999996e-06,1.5219127469479434e-07,4.5703885328572734e-07,1.5819480291399126e-05,0.00010605328552872043,9.02338052373213e-05,0.8508346043921945,True,device spread,True,6.888437924191738,6.759375801462192,1
1,1,100,2.0,0.01,403.4,202.0276,0.0002648012373738523,1,0.9971753619582194,0.00026555132374494745,0.0005296024747477046,6.665729313494917e-05,8.018553267869672,True,9.87301851250082e-07,0,0.08823219057749715,4.93650925625041e-06,4.9999999999999996e-06,1.5218956672704274e-07,4.570366545262694e-07,7.178506072339779e-06,0.00010592049494954092,9.874198887720115e-05,0.9322274119304341,True,absolute signal (comparator noise),True,15.206831112062629,15.053165523973254,1
1,1,100,2.0,0.02,403.4,202.0276,0.0002647824640701953,1,0.9971046663827191,0.00026555132374494745,0.0005295649281403906,6.665259293195939e-05,8.018556593683387,True,1.97452486951637e-06,0,0.07398202599139476,9.87262434758185e-06,4.9999999999999996e-06,1.5218956672704274e-07,4.570366545262694e-07,1.121874781708049e-05,0.00010591298562807812,9.469423781099763e-05,0.8940758042977278,True,device spread,True,9.716935650394975,9.556792063871642,1
1,1,100,2.0,0.03,403.4,202.0276,0.00026477240705430317,1,0.9970667941712374,0.00026555132374494745,0.0005295448141086063,6.665011787240687e-05,8.018563963504372,True,2.961644592115217e-06,0,0.08215766873086298,1.4808222960576084e-05,4.9999999999999996e-06,1.5218956672704274e-07,4.570366545262694e-07,1.5781759850331537e-05,0.00010590896282172127,9.012720297138974e-05,0.8509874950159101,True,device spread,True,6.895569502520985,6.7664543129463794,1
1,1,100,5.0,0.01,403.4,202.0276,0.0002637250418212842,1,0.9931226781403005,0.00026555132374494745,0.001318625209106421,6.638823765152781e-05,8.018795402126846,True,9.794087140329866e-07,0,0.08840686117035254,4.897043570164933e-06,4.9999999999999996e-06,1.5218444301013517e-07,4.570300583838546e-07,7.150829721068861e-06,0.00010549001672851368,9.833918700744482e-05,0.9322132089572793,True,absolute signal (comparator noise),True,15.203534743147982,15.051174634574705,1
1,1,100,5.0,0.02,403.4,202.0276,0.00026370625535610654,1,0.9930519330017988,0.00026555132374494745,0.0013185312767805327,6.638353415636027e-05,8.018798761406579,True,1.958736970040874e-06,0,0.07433485022636063,9.793684850204371e-06,4.9999999999999996e-06,1.5218444301013517e-07,4.570300583838546e-07,1.114837755449752e-05,0.00010548250214244262,9.43341245879451e-05,0.8943106455756723,True,device spread,True,9.738742763721689,9.57879846520676,1
1,1,100,5.0,0.03,403.4,202.0276,0.00026369600599660686,1,0.9930133364723026,0.00026555132374494745,0.0013184800299830342,6.638101100644687e-05,8.018806213370024,True,2.937957555308044e-06,0,0.08166927003387267,1.468978777654022e-05,4.9999999999999996e-06,1.5218444301013517e-07,4.570300583838546e-07,1.5669589668104647e-05,0.00010547840239864275,8.98088127305381e-05,0.8514426715633847,True,device spread,True,6.9168888868514165,6.787617931463223,1
1,1,100,10.0,0.01,403.4,202.0276,0.0002619511718467356,1,0.9864427265982312,0.00026555132374494745,0.0026195117184673556,6.5944759166212e-05,8.01919881822183,True,9.664675361590331e-07,0,0.08869472013356375,4.8323376807951655e-06,4.9999999999999996e-06,1.5217590410246287e-07,4.570190652667392e-07,7.105699288778234e-06,0.00010478046873869424,9.767476944991601e-05,0.9321848873715319,True,absolute signal (comparator noise),True,15.19699171466108,15.046802469259314,1
1,1,100,10.0,0.02,403.4,202.0276,0.00026193236805216707,1,0.9863719162015692,0.00026555132374494745,0.002619323680521671,6.594005133570111e-05,8.01920223261543,True,1.9328520878675084e-06,0,0.07491636967489729,9.664260439337542e-06,4.9999999999999996e-06,1.5217590410246287e-07,4.570190652667392e-07,1.1033257184901015e-05,0.00010477294722086684,9.373969003596583e-05,0.8946936449001256,True,device spread,True,9.774516156932414,9.61492416212209,1
1,1,100,10.0,0.03,403.4,202.0276,0.00026192181041606485,1,0.9863321587793378,0.00026555132374494745,0.0026192181041606484,6.593745110920616e-05,8.019209820362619,True,2.899122089554542e-06,0,0.08086414711924164,1.449561044777271e-05,4.9999999999999996e-06,1.5217590410246287e-07,4.570190652667392e-07,1.5485887856972104e-05,0.00010476872416642595,8.928283630945383e-05,0.8521897829702244,True,device spread,True,6.952168987405125,6.82264989611631,1
1,1,100,20.0,0.01,403.4,202.0276,0.0002584757640137572,1,0.9733552082083158,0.00026555132374494745,0.005169515280275144,6.50758852263106e-05,8.020005136330006,True,9.413613467078142e-07,0,0.08925854109994422,4.7068067335390706e-06,4.9999999999999996e-06,1.521588286136806e-07,4.569970807331337e-07,7.01903800527674e-06,0.00010339030560550288,9.637126760022615e-05,0.932111255845798,True,absolute signal (comparator noise),True,15.180086816523227,15.034216289656271,1
1,1,100,20.0,0.02,403.4,202.0276,0.000258456941765798,1,0.9732843283207906,0.00026555132374494745,0.00516913883531596,6.507117277646229e-05,8.020008658530374,True,1.8826352910834543e-06,0,0.07605560673401959,9.413176455417272e-06,4.9999999999999996e-06,1.521588286136806e-07,4.569970807331337e-07,1.0810859076806332e-05,0.00010338277670631921,9.257191762951288e-05,0.8954288187913846,True,device spread,True,9.84391668666575,9.685103762553965,1
1,1,100,20.0,0.03,403.4,202.0276,0.0002584458113327145,1,0.9732424138881057,0.00026555132374494745,0.00516891622665429,6.506842933586319e-05,8.02001651375402,True,2.8237823706388934e-06,0,0.07928628480590408,1.4118911853194466e-05,4.9999999999999996e-06,1.521588286136806e-07,4.569970807331337e-07,1.5130265248260831e-05,0.0001033783245330858,8.824805928482497e-05,0.8536418024126667,True,device spread,True,7.021775628785951,6.8918034638255605,1
1,1,100,50.0,0.01,403.4,202.0276,0.00024859315510109144,1,0.936139769876863,0.00026555132374494745,0.012429657755054573,6.260516706677491e-05,8.022420249258861,True,8.717647768129168e-07,0,0.090860805833795,4.358823884064584e-06,4.9999999999999996e-06,1.521076207524328e-07,4.5693114073409435e-07,6.7853078779655275e-06,9.943726204043658e-05,9.265195416247106e-05,0.9317629252985038,True,absolute signal (comparator noise),True,15.101090372611887,14.967911501197209,1
1,1,100,50.0,0.02,403.4,202.0276,0.0002485743882390431,1,0.9360690985588531,0.00026555132374494745,0.012428719411952156,6.260046844544668e-05,8.022424076706356,True,1.7434331545128578e-06,0,0.07929495598031482,8.717165772564288e-06,4.9999999999999996e-06,1.521076207524328e-07,4.5693114073409435e-07,1.0201434916963176e-05,9.942975529561725e-05,8.922832037865407e-05,0.897400583088704,True,device spread,True,10.03493880650481,9.879034163042833,1
1,1,100,50.0,0.03,403.4,202.0276,0.0002485618474515393,1,0.9360218730834649,0.00026555132374494745,0.012428092372576964,6.259737237169016e-05,8.022432703668866,True,2.6149474792584765e-06,0,0.07479517342465464,1.3074737396292382e-05,4.9999999999999996e-06,1.521076207524328e-07,4.5693114073409435e-07,1.4150277429052606e-05,9.942473898061572e-05,8.52744615515631e-05,0.857678505630159,True,device spread,True,7.222812458146687,7.091829340504204,1
2,2,20,1.0,0.01,403.4,1016.0459,0.00012625661473743543,2,0.9986246201304037,0.00012643050470851442,0.00012625661473743543,6.406201889726385e-05,14.106929612295254,True,3.2095028499262504e-07,0,0.05913088844990129,1.6047514249631252e-06,4.9999999999999996e-06,3.016189395553385e-07,9.105086264071761e-07,5.5528309078461995e-06,5.0502645894974175e-05,4.4949814987127975e-05,0.8900487131031921,True,absolute signal (comparator noise),True,9.574945397000917,9.560265583362495,1
2,2,20,1.0,0.02,403.4,1016.0459,0.0001262436601585786,2,0.9985221561017525,0.00012643050470851442,0.0001262436601585786,6.405887436074424e-05,14.107394510575464,True,6.419163186434296e-07,0,0.05803002123081007,3.209581593217148e-06,4.9999999999999996e-06,3.016189395553385e-07,9.105086264071761e-07,6.243118245582254e-06,5.049746406343144e-05,4.425434581784919e-05,0.876367687736951,True,absolute signal (comparator noise),True,8.489344256271416,8.449003966253013,1
2,2,20,1.0,0.03,403.4,1016.0459,0.00012622932378591879,2,0.9984087627977167,0.00012643050470851442,0.00012622932378591879,6.405515068810214e-05,14.107876030040465,True,9.628658576369608e-07,0,0.05693326594427694,4.814329288184804e-06,4.9999999999999996e-06,3.016189395553385e-07,9.105086264071761e-07,7.242639505370858e-06,5.0491729514367516e-05,4.324909000899666e-05,0.8565579041353704,True,absolute signal (comparator noise),True,7.288851748448599,7.231784727018366,1
2,2,20,2.0,0.01,403.4,1016.0459,0.00012609472729413634,2,0.9973441740571057,0.00012643050470851442,0.00025218945458827267,6.400096596210659e-05,14.1097920413901,True,3.2013914815955283e-07,0,0.059129059640724055,1.6006957407977642e-06,4.9999999999999996e-06,3.016122078286173e-07,9.104999048493848e-07,5.5515861939173194e-06,5.0437890917654536e-05,4.4886304723737214e-05,0.8899322296608139,True,absolute signal (comparator noise),True,9.564264206711961,9.550186826910775,1
2,2,20,2.0,0.02,403.4,1016.0459,0.00012608179084714393,2,0.9972418534421384,0.00012643050470851442,0.00025216358169428786,6.3997825088997e-05,14.110256925330017,True,6.402941837640086e-07,0,0.05802649042539053,3.201470918820043e-06,4.9999999999999996e-06,3.016122078286173e-07,9.104999048493848e-07,6.238734073181429e-06,5.0432716338857577e-05,4.419398226567615e-05,0.8762958942908536,True,absolute signal (comparator noise),True,8.483042895977679,8.4443288529383,1
2,2,20,2.0,0.03,403.4,1016.0459,0.00012606747365818236,2,0.9971286118712487,0.00012643050470851442,0.0002521349473163647,6.399410522765187e-05,14.110738425201685,True,9.604330057639576e-07,0,0.05692802317693106,4.802165028819788e-06,4.9999999999999996e-06,3.016122078286173e-07,9.104999048493848e-07,7.234201115590259e-06,5.042698946327295e-05,4.319278834768269e-05,0.8565410865770783,True,absolute signal (comparator noise),True,7.2860659645643295,7.2312425930633175,1
2,2,20,5.0,0.01,403.4,1016.0459,0.00012561153732216807,2,0.9935223909116357,0.00012643050470851442,0.0006280576866108403,6.381858413370983e-05,14.118352679001502,True,3.177241388826831e-07,0,0.05912358746942763,1.5886206944134156e-06,4.9999999999999996e-06,3.015920141063262e-07,9.104737412499132e-07,5.5478969719522344e-06,5.024461492886723e-05,4.4696717956914996e-05,0.889582257127325,True,absolute signal (comparator noise),True,9.532336176110993,9.520029003221769,1
2,2,20,5.0,0.02,403.4,1016.0459,0.00012559865506047197,2,0.9934204988743793,0.00012643050470851442,0.0006279932753023599,6.381545421620726e-05,14.11881751682057,True,6.354645750807514e-07,0,0.05801592486898447,3.177322875403757e-06,4.9999999999999996e-06,3.015920141063262e-07,9.104737412499132e-07,6.225727449303937e-06,5.023946202418879e-05,4.4013734574884854e-05,0.8760789387771224,True,absolute signal (comparator noise),True,8.464134469343724,8.43022135350407,1
2,2,20,5.0,0.03,403.4,1016.0459,0.00012558439523508892,2,0.9933077110197716,0.00012643050470851442,0.0006279219761754445,6.3811745766454e-05,14.119298954134255,True,9.53189630694887e-07,0,0.056912334274812994,4.765948153474435e-06,4.9999999999999996e-06,3.015920141063262e-07,9.104737412499132e-07,7.209143085333116e-06,5.023375809403557e-05,4.302461500870245e-05,0.8564880797523073,True,absolute signal (comparator noise),True,7.27765204040479,7.22948224907858,1
2,2,20,10.0,0.01,403.4,1016.0459,0.0001248143676897473,2,0.9872171907998538,0.00012643050470851442,0.0012481436768974731,6.351717771878729e-05,14.13253223508763,True,3.13759537795918e-07,0,0.059114514427258784,1.56879768897959e-06,4.9999999999999996e-06,3.015583627611609e-07,9.104301388299801e-07,5.541894820370318e-06,4.9925747075898927e-05,4.4383852255528606e-05,0.888997258029102,True,absolute signal (comparator noise),True,9.479506268223409,9.470029135293448,1
2,2,20,10.0,0.02,403.4,1016.0459,0.00012480157503976647,2,0.9871160075449873,0.00012643050470851442,0.0012480157503976647,6.351406594553319e-05,14.1329969858674,True,6.275360348364941e-07,0,0.05799840463085804,3.1376801741824707e-06,4.9999999999999996e-06,3.015583627611609e-07,9.104301388299801e-07,6.204526842725943e-06,4.992063001590659e-05,4.3716103173180644e-05,0.8757121686815862,True,absolute signal (comparator noise),True,8.432609829386292,8.406443424508106,1
2,2,20,10.0,0.03,403.4,1016.0459,0.0001247874101957903,2,0.9870039709442568,0.00012643050470851442,0.001247874101957903,6.351037643993648e-05,14.133478306549003,True,9.412985064714927e-07,0,0.056886316698026324,4.706492532357463e-06,4.9999999999999996e-06,3.015583627611609e-07,9.104301388299801e-07,7.168222178409671e-06,4.991496407831612e-05,4.2746741899906445e-05,0.8563913184999432,True,absolute signal (comparator noise),True,7.263443987114834,7.226107628741254,1
2,2,20,20.0,0.01,403.4,1016.0459,0.00012324989001025847,2,0.9748429802950731,0.00012643050470851442,0.0024649978002051695,6.292378208986235e-05,14.16056556024159,True,3.060501707947531e-07,0,0.05909654344972163,1.5302508539737655e-06,4.9999999999999996e-06,3.0149107828491184e-07,9.103429474095553e-07,5.530417132082903e-06,4.929995600410339e-05,4.3769538872020486e-05,0.8878210533976422,True,absolute signal (comparator noise),True,9.375271719287328,9.37102756628654,1
2,2,20,20.0,0.02,403.4,1016.0459,0.00012323727399884596,2,0.9747431941600608,0.00012643050470851442,0.0024647454799769193,6.292070617599737e-05,14.161030099984037,True,6.121185484536822e-07,0,0.05796369420836136,3.060592742268411e-06,4.9999999999999996e-06,3.0149107828491184e-07,9.103429474095553e-07,6.1638479365822695e-06,4.929490959953839e-05,4.313106166295612e-05,0.8749597476360927,True,absolute signal (comparator noise),True,8.369548934231636,8.357953863123749,1
2,2,20,20.0,0.03,403.4,1016.0459,0.00012322329678076646,2,0.9746326415832779,0.00012643050470851442,0.002464465935615329,6.291705427111075e-05,14.161511142654442,True,9.18175490992675e-07,0,0.05683476578847728,4.590877454963375e-06,4.9999999999999996e-06,3.0149107828491184e-07,9.103429474095553e-07,7.089433020176503e-06,4.928931871230659e-05,4.2199885692130084e-05,0.8561669504592603,True,absolute signal (comparator noise),True,7.234362239952415,7.217748933772541,1
2,2,20,50.0,0.01,403.4,1016.0459,0.00011878236122065078,2,0.9395071347259394,0.00012643050470851442,0.005939118061032539,6.121524419593129e-05,14.24215264244841,True,2.919186050451776e-07,1,0.05904399151855899,1.459593025225888e-06,4.9999999999999996e-06,3.012893704549619e-07,9.10081480450008e-07,5.509975557900703e-06,4.7512944488260315e-05,4.2002968930359614e-05,0.8840321176208701,True,absolute signal (comparator noise),True,9.073587438147483,9.063653784742707,0
2,2,20,50.0,0.02,403.4,1016.0459,0.00011877025503973196,2,0.9394113810868415,0.00012643050470851442,0.005938512751986598,6.121227248396571e-05,14.242616275562918,True,5.839011689523665e-07,1,0.057862130016809114,2.9195058447618326e-06,4.9999999999999996e-06,3.012893704549619e-07,9.10081480450008e-07,6.091238798351418e-06,4.750810201589278e-05,4.141686321754136e-05,0.8717852631470369,True,absolute signal (comparator noise),True,8.180451372727784,8.152568296508843,0
2,2,20,50.0,0.03,403.4,1016.0459,0.00011875682217081026,2,0.9393051340307796,0.00012643050470851442,0.005937841108540513,6.120873098837579e-05,14.243096156671486,True,8.759217661744376e-07,1,0.05668388063101649,4.379608830872188e-06,4.9999999999999996e-06,3.012893704549619e-07,9.10081480450008e-07,6.948166344753015e-06,4.750272886832411e-05,4.055456252357109e-05,0.8537312169157042,True,absolute signal (comparator noise),True,7.141819552488239,7.100425766731413,0
2,2,40,1.0,0.01,403.4,505.79,0.00018771277102694412,2,0.9979632450844924,0.00018809587622743706,0.00018771277102694412,9.482073690125736e-05,14.068190105983707,True,7.014263270414516e-07,0,0.058499407083286735,3.5071316352072583e-06,4.9999999999999996e-06,3.033443656167518e-07,9.127396041013456e-07,6.410714692252556e-06,7.508510841077766e-05,6.867439371852511e-05,0.914620690734298,True,absolute signal (comparator noise),True,12.31040728759567,12.24521962473027,1
2,2,40,1.0,0.02,403.4,505.79,0.000187689250775876,2,0.9978382011359495,0.00018809587622743706,0.000187689250775876,9.481625591548285e-05,14.068868026128392,True,1.4027275287287959e-06,0,0.05867202498926687,7.013637643643979e-06,4.9999999999999996e-06,3.033443656167518e-07,9.127396041013456e-07,8.916770687141762e-06,7.507570031035041e-05,6.615892962320865e-05,0.8812296035830326,True,device spread,True,8.775846717281663,8.68191213706383,1
2,2,40,1.0,0.03,403.4,505.79,0.00018766609214625437,2,0.9977150797252832,0.00018809587622743706,0.00018766609214625437,9.481204229364215e-05,14.069553819755134,True,2.103800084908124e-06,0,0.05884989924462952,1.051900042454062e-05,4.9999999999999996e-06,3.033443656167518e-07,9.127396041013456e-07,1.1950205313163337e-05,7.506643685850175e-05,6.311623154533841e-05,0.8408049480796702,True,device spread,True,6.506366726901852,6.420277167980996,1
2,2,40,2.0,0.01,403.4,505.79,0.00018735497072721655,2,0.9960610220963875,0.00018809587622743706,0.0003747099414544331,9.468597438866244e-05,14.072408657315014,True,6.987951897120466e-07,0,0.05849564191443496,3.493975948560233e-06,4.9999999999999996e-06,3.0333757148262174e-07,9.127308366851635e-07,6.403162809070775e-06,7.494198829088663e-05,6.853882548181585e-05,0.9145584077084136,True,absolute signal (comparator noise),True,12.298145536105917,12.236904075079986,1
2,2,40,2.0,0.02,403.4,505.79,0.00018733148674243311,2,0.9959361709552862,0.00018809587622743706,0.00037466297348486623,9.46814964441629e-05,14.073086669388797,True,1.3974662675746986e-06,0,0.05866460286693257,6.987331337873493e-06,4.9999999999999996e-06,3.0333757148262174e-07,9.127308366851635e-07,8.895357079446332e-06,7.493259469697325e-05,6.603723761752691e-05,0.8812885485225878,True,device spread,True,8.775411458078564,8.686887765542576,1
2,2,40,2.0,0.03,403.4,505.79,0.00018730835277255343,2,0.9958131806466006,0.00018809587622743706,0.00037461670554510685,9.467728050523223e-05,14.073772604545297,True,2.0959100475209242e-06,0,0.05883883197246435,1.047955023760462e-05,4.9999999999999996e-06,3.0333757148262174e-07,9.127308366851635e-07,1.1914580966678463e-05,7.492334110902137e-05,6.300876014234291e-05,0.8409763794524128,True,device spread,True,6.5089071226225395,6.427647779635256,1
2,2,40,5.0,0.01,403.4,505.79,0.00018628975577823472,2,0.9903978732260006,0.00018809587622743706,0.0009314487788911736,9.428425695218699e-05,14.085004188392178,True,6.909906805718992e-07,0,0.058484388557892404,3.454953402859496e-06,4.9999999999999996e-06,3.0331719055742986e-07,9.127045355197079e-07,6.3808745136873735e-06,7.451590231129389e-05,6.813502779760651e-05,0.9143689559440485,True,absolute signal (comparator noise),True,12.261302250060375,12.211634134576611,1
2,2,40,5.0,0.02,403.4,505.79,0.00018626638046578543,2,0.9902735998345892,0.00018809587622743706,0.0009313319023289272,9.427978825770264e-05,14.085682461020859,True,1.3818602463679895e-06,0,0.058642418462093455,6.9093012318399475e-06,4.9999999999999996e-06,3.0331719055742986e-07,9.127045355197079e-07,8.832000764961219e-06,7.450655218631418e-05,6.567455142135296e-05,0.8814600796064815,True,device spread,True,8.773910414437212,8.701445923562785,1
2,2,40,5.0,0.03,403.4,505.79,0.00018624332105072485,2,0.9901510058919517,0.00018809587622743706,0.0009312166052536242,9.427556574771296e-05,14.086368800050064,True,2.072506513054962e-06,0,0.058805751298599544,1.036253256527481e-05,4.9999999999999996e-06,3.0331719055742986e-07,9.127045355197079e-07,1.1809058416848803e-05,7.449732842028995e-05,6.268827000344115e-05,0.8414834643435011,True,device spread,True,6.516404183086509,6.449560920628639,1
2,2,40,10.0,0.01,403.4,505.79,0.00018454121404960343,2,0.9811018601304395,0.00018809587622743706,0.0018454121404960343,9.362316213275967e-05,14.105798639730398,True,6.782728329705041e-07,0,0.05846577225736177,3.3913641648525207e-06,4.9999999999999996e-06,3.032832272729339e-07,9.126607038535738e-07,6.3449180142031925e-06,7.381648561984138e-05,6.747156760563818e-05,0.9140447020618153,True,absolute signal (comparator noise),True,12.199723169765218,12.168480648477503,1
2,2,40,10.0,0.02,403.4,505.79,0.00018451801938861468,2,0.9809785471612562,0.00018809587622743706,0.0018451801938861468,9.361870925572664e-05,14.106477297025084,True,1.3564294047842252e-06,0,0.05860571534477027,6.782147023921126e-06,4.9999999999999996e-06,3.032832272729339e-07,9.126607038535738e-07,8.729285734635616e-06,7.380720775544588e-05,6.507792202081026e-05,0.8817285465728578,True,device spread,True,8.770766545350398,8.724487508261277,1
2,2,40,10.0,0.03,403.4,505.79,0.00018449508602819592,2,0.9808566233802636,0.00018809587622743706,0.001844950860281959,9.361447701846508e-05,14.107164241856731,True,2.0343691975583462e-06,0,0.0587510172521046,1.0171845987791732e-05,4.9999999999999996e-06,3.032832272729339e-07,9.126607038535738e-07,1.1637587387624143e-05,7.379803441127838e-05,6.216044702365423e-05,0.8423049139389327,True,device spread,True,6.528487925838348,6.485417773690615,1
2,2,40,20.0,0.01,403.4,505.79,0.00018114129532809854,2,0.9630264041996893,0.00018809587622743706,0.003622825906561971,9.233163921555559e-05,14.146661537552747,True,6.550527957252141e-07,1,0.058429053130518147,3.2752639786260706e-06,4.9999999999999996e-06,3.0321531916275494e-07,9.125730540550489e-07,6.280451647909132e-06,7.245651813123942e-05,6.617606648333029e-05,0.9133210950527122,True,absolute signal (comparator noise),True,12.076028367313622,12.070629812061776,0
2,2,40,20.0,0.02,403.4,505.79,0.00018111845988562583,2,0.9629050009933527,0.00018809587622743706,0.0036223691977125168,9.232721933638839e-05,14.147340786720328,True,1.309996028683822e-06,1,0.0585333078996379,6.54998014341911e-06,4.9999999999999996e-06,3.0321531916275494e-07,9.125730540550489e-07,8.543496860419984e-06,7.244738395425033e-05,6.390388709383035e-05,0.8820730798807711,True,device spread,True,8.762094469217878,8.754018116674693,0
2,2,40,20.0,0.03,403.4,505.79,0.00018109578451803727,2,0.9627844488151586,0.00018809587622743706,0.0036219156903607454,9.232297193288704e-05,14.148028703182147,True,1.964737556554772e-06,1,0.05864302567652506,9.82368778277386e-06,4.9999999999999996e-06,3.0321531916275494e-07,9.125730540550489e-07,1.132613878135827e-05,7.243831380721491e-05,6.111217502585665e-05,0.8436443618566095,True,device spread,True,6.551091454746123,6.542928644626348,0
2,2,40,50.0,0.01,403.4,505.79,0.00017165678418927958,2,0.912602591997923,0.00018809587622743706,0.00858283920946398,8.868474084508627e-05,14.263758581076775,True,6.200274834682422e-07,1,0.05832283415623133,3.100137417341211e-06,4.9999999999999996e-06,3.030117423878241e-07,9.123102128751298e-07,6.18611058622846e-06,6.866271367571183e-05,6.247660308948337e-05,0.909905824354031,True,absolute signal (comparator noise),True,11.702750923700142,11.618957429597048,0
2,2,40,50.0,0.02,403.4,505.79,0.0001716350045169303,2,0.9124868017276305,0.00018809587622743706,0.008581750225846514,8.868042846949384e-05,14.264438340073555,True,1.2399675452431526e-06,1,0.05832375037822446,6.199837726215763e-06,4.9999999999999996e-06,3.030117423878241e-07,9.123102128751298e-07,8.267808527705591e-06,6.865400180677212e-05,6.038619327906653e-05,0.8795728098854968,True,device spread,True,8.717587294729825,8.580574178608796,0
2,2,40,50.0,0.03,403.4,505.79,0.000171613135814351,2,0.9123705381336703,0.00018809587622743706,0.00858065679071755,8.867616460111247e-05,14.265127475813088,True,1.8597325108636337e-06,1,0.05833038533415479,9.298662554318168e-06,4.9999999999999996e-06,3.030117423878241e-07,9.123102128751298e-07,1.0860716289261585e-05,6.86452543257404e-05,5.7784538036478815e-05,0.8417848925473488,True,device spread,True,6.606034622140821,6.47200741198603,0
2,2,60,1.0,0.01,403.4,336.8506,0.00022387675656098606,2,0.9975693676184987,0.0002244222445356837,0.00022387675656098606,0.0001129255968388209,14.055667763968065,True,9.92365371227695e-07,0,0.05876192039958653,4.961826856138475e-06,4.9999999999999996e-06,3.0391915433166717e-07,9.134808373382445e-07,7.348046193951056e-06,8.955070262439442e-05,8.220265643044336e-05,0.9179454099341775,True,absolute signal (comparator noise),True,12.771486397680604,12.670544998709785,1
2,2,60,1.0,0.02,403.4,336.8506,0.00022384744276199788,2,0.9974387486638188,0.0002244222445356837,0.00022384744276199788,0.00011292120430557274,14.056467277910087,True,1.984481423449086e-06,0,0.059669983067887435,9.92240711724543e-06,4.9999999999999996e-06,3.0391915433166717e-07,9.134808373382445e-07,1.1414912044274616e-05,8.953897710479915e-05,7.812406506052454e-05,0.8725146029877664,True,device spread,True,8.136567885123199,8.032347281536975,1
2,2,60,1.0,0.03,403.4,336.8506,0.0002238213496000986,2,0.997322480501751,0.0002244222445356837,0.0002238213496000986,0.000112918466056727,14.057269194152974,True,2.976236149690023e-06,0,0.06057928371895754,1.4881180748450114e-05,4.9999999999999996e-06,3.0391915433166717e-07,9.134808373382445e-07,1.6002630581325996e-05,8.952853984003944e-05,7.352590925871345e-05,0.8212566561465441,True,device spread,True,5.768528519848893,5.684738672190511,1
2,2,60,2.0,0.01,403.4,336.8506,0.0002233662479638396,2,0.9952945993654556,0.0002244222445356837,0.0004467324959276792,0.0001127333825810923,14.060699782755373,True,9.879146613104226e-07,0,0.05875667458678185,4.939573306552113e-06,4.9999999999999996e-06,3.0391233935060614e-07,9.134720546528365e-07,7.332381906105673e-06,8.934649918553585e-05,8.201411727943018e-05,0.9179331929852188,True,absolute signal (comparator noise),True,12.763447452737994,12.669718327590395,1
2,2,60,2.0,0.02,403.4,336.8506,0.00022333697365860177,2,0.9951641563904359,0.0002244222445356837,0.00044667394731720355,0.000112728986606833,14.061499519190303,True,1.9755818408814296e-06,0,0.059659607788131175,9.877909204407148e-06,4.9999999999999996e-06,3.0391233935060614e-07,9.134720546528365e-07,1.1375185538513901e-05,8.933478946344071e-05,7.795960392492681e-05,0.8726679090325827,True,device spread,True,8.13985008413296,8.042721610471009,1
2,2,60,2.0,0.03,403.4,336.8506,0.00022331088579123182,2,0.9950479118201887,0.0002244222445356837,0.00044662177158246363,0.00011272623015574419,14.062301782260576,True,2.96288955120232e-06,0,0.06056381752399422,1.48144477560116e-05,4.9999999999999996e-06,3.0391233935060614e-07,9.134720546528365e-07,1.593938042686232e-05,8.932435431649273e-05,7.338497388963041e-05,0.8215561640626459,True,device spread,True,5.772879088027826,5.694673560952286,1
2,2,60,5.0,0.01,403.4,336.8506,0.00022184878651993435,2,0.9885329637395185,0.0002244222445356837,0.0011092439325996717,0.00011216115481422729,14.075708292413186,True,9.747432872985168e-07,0,0.05874100770816835,4.873716436492584e-06,4.9999999999999996e-06,3.0389189589126214e-07,9.13445707682902e-07,7.286234762246219e-06,8.873951460797375e-05,8.145327984572753e-05,0.9178918794582689,True,absolute signal (comparator noise),True,12.739012515158674,12.666487431857837,1
2,2,60,5.0,0.02,403.4,336.8506,0.0002218196314689562,2,0.9884030521479181,0.0002244222445356837,0.001109098157344781,0.00011215674911437536,14.076508665452323,True,1.9492445261984063e-06,0,0.059628619968596336,9.746222630992032e-06,4.9999999999999996e-06,3.0389189589126214e-07,9.13445707682902e-07,1.125783436300607e-05,8.872785258758249e-05,7.747001822457642e-05,0.8731194992925861,True,device spread,True,8.149465119715442,8.073461927084209,1
2,2,60,5.0,0.03,403.4,336.8506,0.0002217935623726801,2,0.9882868912195305,0.0002244222445356837,0.0011089678118634005,0.00011215393939717238,14.077311925575147,True,2.9233918301602104e-06,0,0.06051762304504266,1.4616959150801052e-05,4.9999999999999996e-06,3.0389189589126214e-07,9.13445707682902e-07,1.575237061763557e-05,8.871742494907205e-05,7.296505433143648e-05,0.8224433291805058,True,device spread,True,5.785811846786025,5.724314904844013,1
2,2,60,10.0,0.01,403.4,336.8506,0.0002193655869861786,2,0.9774681090104635,0.0002244222445356837,0.002193655869861786,0.00011122188218957149,14.100434834714024,True,9.533771054674781e-07,0,0.05871512894486632,4.766885527337391e-06,4.9999999999999996e-06,3.038578284048814e-07,9.134017996862787e-07,7.212055685352717e-06,8.774623479447145e-05,8.053417910911873e-05,0.9178078044916052,True,absolute signal (comparator noise),True,12.697263210513063,12.658655784955414,1
2,2,60,10.0,0.02,403.4,336.8506,0.00021933663304735918,2,0.9773390935517718,0.0002244222445356837,0.0021933663304735916,0.00011121746219200838,14.101236168769393,True,1.9065209620150044e-06,0,0.05957742882489818,9.532604810075023e-06,4.9999999999999996e-06,3.038578284048814e-07,9.134017996862787e-07,1.106817640716617e-05,8.773465321894368e-05,7.666647681177751e-05,0.8738448719966407,True,device spread,True,8.164724740132293,8.123416728135282,1
2,2,60,10.0,0.03,403.4,336.8506,0.00021931060438581273,2,0.9772231127959412,0.0002244222445356837,0.0021931060438581274,0.00011121456800959747,14.10204095026134,True,2.8593199837335962e-06,0,0.060441305477723896,1.429659991866798e-05,4.9999999999999996e-06,3.038578284048814e-07,9.134017996862787e-07,1.5449575679812828e-05,8.77242417543251e-05,7.227466607451227e-05,0.8238847624003417,True,device spread,True,5.806972212493918,5.773167705354427,1
2,2,60,20.0,0.01,403.4,336.8506,0.0002145643097461352,2,0.9560741636376376,0.0002244222445356837,0.004291286194922704,0.0001093955015927006,14.14883960142446,True,9.206834447944467e-07,1,0.05866422575776197,4.603417223972234e-06,4.9999999999999996e-06,3.037897119731426e-07,9.133139972647766e-07,7.100218931641675e-06,8.582572389845408e-05,7.87255049668124e-05,0.9172716685729048,True,absolute signal (comparator noise),True,12.610007268805298,12.582466689369474,0
2,2,60,20.0,0.02,403.4,336.8506,0.00021453576533669348,2,0.9559469729952806,0.0002244222445356837,0.00429071530673387,0.00010939105960948478,14.149642503375139,True,1.8410676740362304e-06,1,0.05947671815739092,9.205338370181152e-06,4.9999999999999996e-06,3.037897119731426e-07,9.133139972647766e-07,1.0779392535177609e-05,8.58143061346774e-05,7.503491359949979e-05,0.8743869988500476,True,device spread,True,8.192227868618614,8.161661904337834,0
2,2,60,20.0,0.03,403.4,336.8506,0.00021450984855091867,2,0.9558314907451657,0.0002244222445356837,0.004290196971018374,0.0001093880115624715,14.150449832283753,True,2.76104788051154e-06,1,0.060291142808722,1.38052394025577e-05,4.9999999999999996e-06,3.037897119731426e-07,9.133139972647766e-07,1.4986590363140877e-05,8.580393942036747e-05,7.081734905722659e-05,0.8253391340260132,True,device spread,True,5.847673016282905,5.821903990008629,0
2,2,60,50.0,0.01,403.4,336.8506,0.0002013557329046574,2,0.8972182473321684,0.0002244222445356837,0.010067786645232871,0.00010429784338456476,14.286226585264599,True,8.625294917486408e-07,1,0.05851800632086402,4.312647458743204e-06,4.9999999999999996e-06,3.0358551088917633e-07,9.130506985210475e-07,6.906533951048633e-06,8.054229316186297e-05,7.363575921081433e-05,0.9142495988142674,True,absolute signal (comparator noise),True,12.323845415494159,12.151047879174437,0
2,2,60,50.0,0.02,403.4,336.8506,0.00020132845076239255,2,0.8970966812088043,0.0002244222445356837,0.010066422538119627,0.00010429337887807056,14.287031725201338,True,1.7248035645879114e-06,1,0.059187290714357986,8.624017822939556e-06,4.9999999999999996e-06,3.0358551088917633e-07,9.130506985210475e-07,1.0272220493191374e-05,8.053138030495702e-05,7.025915981176565e-05,0.8724444998422674,True,device spread,True,8.252309809246384,8.04682413548343,0
2,2,60,50.0,0.03,403.4,336.8506,0.0002013030627362737,2,0.896983555051585,0.0002244222445356837,0.010065153136813686,0.0001042899709567692,14.287843279551941,True,2.586716543156077e-06,1,0.05985945142718722,1.2933582715780384e-05,4.9999999999999996e-06,3.0358551088917633e-07,9.130506985210475e-07,1.4170004005436826e-05,8.052122509450949e-05,6.635122108907267e-05,0.8240215050279578,True,device spread,True,5.957665153768237,5.78373630130992,0
2,2,100,1.0,0.01,403.4,202.0276,0.0002647854436650094,2,0.9971158867944026,0.000265551323744585,0.0002647854436650094,0.00013341062310549384,14.045926121917622,True,1.3811326724513745e-06,0,0.0592638899054709,6.9056633622568726e-06,4.9999999999999996e-06,3.043791334540855e-07,9.140733090525388e-07,8.830115844895326e-06,0.00010591417746600375,9.708406162110842e-05,0.9166295197096761,True,device spread,True,12.517831016126813,12.38818191557293,1
2,2,100,1.0,0.02,403.4,202.0276,0.0002647508384709286,2,0.9969855722714215,0.000265551323744585,0.0002647508384709286,0.0001334075400426513,14.046860638090571,True,2.761877602428128e-06,0,0.060991021738807626,1.3809388012140641e-05,4.9999999999999996e-06,3.043791334540855e-07,9.140733090525388e-07,1.4991080508162214e-05,0.00010590033538837145,9.090925488020924e-05,0.8584416144369612,True,device spread,True,7.2939206409283415,7.191072077789815,1
2,2,100,1.0,0.03,403.4,202.0276,0.0002647249109092219,2,0.996887935545906,0.000265551323744585,0.0002647249109092219,0.00013340875835061959,14.04779062687356,True,4.142205597116867e-06,0,0.06271152910394324,2.0711027985584335e-05,4.9999999999999996e-06,3.043791334540855e-07,9.140733090525388e-07,2.1610403638735627e-05,0.00010588996436368876,8.427956072495313e-05,0.7959164140946093,True,device spread,True,5.033375996437435,4.956877991060188,1
2,2,100,2.0,0.01,403.4,202.0276,0.0002640669796656613,2,0.9944103307112436,0.000265551323744585,0.0005281339593313226,0.00013314016156047676,14.051899629936585,True,1.373757266011646e-06,0,0.059256623898718976,6.86878633005823e-06,4.9999999999999996e-06,3.043723017694534e-07,9.140645141506119e-07,8.800266936709013e-06,0.00010562679186626452,9.682652492955551e-05,0.9166852767065846,True,device spread,True,12.516612430109376,12.397869695921539,1
2,2,100,2.0,0.02,403.4,202.0276,0.0002640323992538675,2,0.9942801095121694,0.000265551323744585,0.000528064798507735,0.00013313705679609175,14.05283459620275,True,2.7471294631885006e-06,0,0.06097663254364145,1.3735647315942503e-05,4.9999999999999996e-06,3.043723017694534e-07,9.140645141506119e-07,1.4921759455018098e-05,0.00010561295970154701,9.069120024652892e-05,0.8587127990997915,True,device spread,True,7.300055650823286,7.205511521473457,1
2,2,100,2.0,0.03,403.4,202.0276,0.0002640064126687533,2,0.9941822505192343,0.000265551323744585,0.0005280128253375066,0.00013313821830188954,14.053765297073094,True,4.12008581799057e-06,0,0.06269009960875156,2.060042908995285e-05,4.9999999999999996e-06,3.043723017694534e-07,9.140645141506119e-07,2.15029024085994e-05,0.00010560256506750132,8.409966265890192e-05,0.7963789762601438,True,device spread,True,5.038882019292146,4.968455806857425,1
2,2,100,5.0,0.01,403.4,202.0276,0.00026193537078774136,2,0.9863832237555645,0.000265551323744585,0.0013096768539387067,0.0001323362429051914,14.0696930544743,True,1.3519909471569167e-06,0,0.05923494541514195,6.759954735784583e-06,4.9999999999999996e-06,3.0435180820492574e-07,9.140381305334784e-07,8.712501903788164e-06,0.00010477414831509656,9.606164641130839e-05,0.9168449274568543,True,device spread,True,12.512391454382351,12.425843703105482,1
2,2,100,5.0,0.02,403.4,202.0276,0.00026190086858166614,2,0.9862532970597052,0.000265551323744585,0.0013095043429083306,0.00013233307499506256,14.070629309557942,True,2.703604753034866e-06,0,0.060933699487594487,1.351802376517433e-05,4.9999999999999996e-06,3.0435180820492574e-07,9.140381305334784e-07,1.4717434979956136e-05,0.00010476034743266646,9.004291245271033e-05,0.8595133049800584,True,device spread,True,7.31822835121811,7.248493162248265,1
2,2,100,5.0,0.03,403.4,202.0276,0.0002618747145450067,2,0.986154807486049,0.000265551323744585,0.0013093735727250336,0.00013233407004576437,14.07156205771025,True,4.054806125575991e-06,0,0.06262615788107607,2.0274030627879955e-05,4.9999999999999996e-06,3.0435180820492574e-07,9.140381305334784e-07,2.118583446390288e-05,0.00010474988581800269,8.356405135409981e-05,0.7977483765403608,True,device spread,True,5.055286102790808,5.003057784755091,1
2,2,100,10.0,0.01,403.4,202.0276,0.00025845996029198737,2,0.973295695338283,0.000265551323744585,0.0025845996029198737,0.00013102069821138295,14.098932723943742,True,1.3168737845167547e-06,0,0.05919920766177739,6.584368922583773e-06,4.9999999999999996e-06,3.043176572273612e-07,9.139941614662674e-07,8.571960254043396e-06,0.00010338398411679496,9.481202386275156e-05,0.9170861876984787,True,device spread,True,12.50351263388981,12.46887537310914,1
2,2,100,10.0,0.02,403.4,202.0276,0.0002584256004659103,2,0.9731663048099567,0.000265551323744585,0.002584256004659103,0.00013101743130925097,14.09987092941811,True,2.6333833291339867e-06,0,0.060862915624337266,1.3166916645669934e-05,4.9999999999999996e-06,3.043176572273612e-07,9.139941614662674e-07,1.4388624312296328e-05,0.00010337024018636412,8.898161587406779e-05,0.860804963920415,True,device spread,True,7.347748097420684,7.31899819115177,1
2,2,100,10.0,0.03,403.4,202.0276,0.0002583991977725234,2,0.9730668788571329,0.000265551323744585,0.002583991977725234,0.000131018161583644,14.100806804146057,True,3.949486510192089e-06,0,0.06252072868218883,1.9747432550960445e-05,4.9999999999999996e-06,3.043176572273612e-07,9.139941614662674e-07,2.0674911471712304e-05,0.00010335967910900935,8.268476763729705e-05,0.799971210728051,True,device spread,True,5.082250335900279,5.06028559977143,1
2,2,100,20.0,0.01,403.4,202.0276,0.0002517846679018468,2,0.9481582104407833,0.000265551323744585,0.005035693358036936,0.0001284767719923103,14.15590671086289,True,1.2716402429990568e-06,1,0.05912916685023354,6.358201214995284e-06,4.9999999999999996e-06,3.042493738787677e-07,9.139062369345171e-07,8.392928047825922e-06,0.00010071386716073872,9.23209391129128e-05,0.9166656163204332,True,device spread,True,12.478752075862024,12.412550837962277,0
2,2,100,20.0,0.02,403.4,202.0276,0.0002517506323413427,2,0.9480300410156637,0.000265551323744585,0.005035012646826854,0.00012847332861895783,14.156848126751546,True,2.5427021714914495e-06,1,0.06072416346941793,1.2713510857457248e-05,4.9999999999999996e-06,3.042493738787677e-07,9.139062369345171e-07,1.3965631380201676e-05,0.0001007002529365371,8.673462155633541e-05,0.861314833151382,True,device spread,True,7.403632428607591,7.3476477106199924,0
2,2,100,20.0,0.03,403.4,202.0276,0.00025172383523113184,2,0.9479291297875327,0.000265551323744585,0.005034476704622637,0.00012847357314949644,14.157789261049277,True,3.8131363952332805e-06,1,0.06231403387388575,1.9065681976166404e-05,4.9999999999999996e-06,3.042493738787677e-07,9.139062369345171e-07,2.0014658532907314e-05,0.00010068953409245274,8.067487555954543e-05,0.8012240426643554,True,device spread,True,5.134558519811704,5.09171511835833,0
2,2,100,50.0,0.01,403.4,202.0276,0.00023371374351196882,2,0.8801076199370089,0.000265551323744585,0.01168568717559844,0.00012147109046970394,14.315773569354647,True,1.1773499355578378e-06,1,0.05892979578450467,5.8867496777891895e-06,4.9999999999999996e-06,3.040446725708886e-07,9.1364257210388e-07,8.02763333128072e-06,9.348549740478753e-05,8.54578640735068e-05,0.9141296398464729,True,device spread,True,12.356821440711204,12.063458618298382,0
2,2,100,50.0,0.02,403.4,202.0276,0.00023368090713172786,2,0.8799839663254285,0.000265551323744585,0.011684045356586393,0.00012146725799870512,14.316719959397462,True,2.3541975250764266e-06,1,0.06032901516514721,1.1770987625382132e-05,4.9999999999999996e-06,3.040446725708886e-07,9.1364257210388e-07,1.3092951962754022e-05,9.347236285269115e-05,8.037941088993713e-05,0.8599270248106597,True,device spread,True,7.548909182446981,7.28379482409626,0
2,2,100,50.0,0.03,403.4,202.0276,0.00023365356854749403,2,0.8798810160412863,0.000265551323744585,0.011682678427374702,0.00012146633562538166,14.317670233157262,True,3.530469446655631e-06,1,0.06172517216900453,1.7652347233278155e-05,4.9999999999999996e-06,3.040446725708886e-07,9.1364257210388e-07,1.865085264682687e-05,9.346142741899762e-05,7.481057477217075e-05,0.8004433148317637,True,device spread,True,5.280478883216637,5.076225807054206,0
4,4,20,1.0,0.01,403.4,1016.0459,0.00012609828894514678,4,0.9973723448785441,0.00012643050470835193,0.00012609828894514678,0.0001279904883378592,20.129370050174316,True,4.4494652209095933e-07,0,0.1703998552496319,2.2247326104547965e-06,4.9999999999999996e-06,6.032244156572346e-07,1.8209998096987696e-06,6.075832129354701e-06,5.043931557805872e-05,4.436348344870402e-05,0.8795417412047972,True,absolute signal (comparator noise),True,9.113581028975391,9.10734279092014,1
4,4,20,1.0,0.02,403.4,1016.0459,0.00012608877334463996,4,0.997297081392657,0.00012643050470835193,0.00012608877334463996,0.00012799267675248424,20.130174039870255,True,8.897737986312951e-07,0,0.17485154316205712,4.448868993156475e-06,4.9999999999999996e-06,6.032244156572346e-07,1.8209998096987696e-06,7.295939508821526e-06,5.0435509337855984e-05,4.313956982903446e-05,0.8553412148582125,True,absolute signal (comparator noise),True,7.4604361266531125,7.447201743730724,1
4,4,20,1.0,0.03,403.4,1016.0459,0.00012607788661761875,4,0.9972109730041291,0.00012643050470835193,0.00012607788661761875,0.00012799367599983176,20.130991838329297,True,1.334441112285307e-06,0,0.17928609630487372,6.672205561426536e-06,4.9999999999999996e-06,6.032244156572346e-07,1.8209998096987696e-06,8.940989527120329e-06,5.0431154647047506e-05,4.1490165119927176e-05,0.8227090061749402,True,device spread,True,5.993405206817476,5.977926049944894,1
4,4,20,2.0,0.01,403.4,1016.0459,0.00012577619863440108,4,0.9948247768569761,0.00012643050470835193,0.00025155239726880216,0.00012772723774327695,20.13370110662988,True,4.427023541415375e-07,0,0.17041006157096789,2.2135117707076873e-06,4.9999999999999996e-06,6.031974902082765e-07,1.8209649245415067e-06,6.071253301834697e-06,5.031047945376044e-05,4.423922615192574e-05,0.8793242805921838,True,absolute signal (comparator noise),True,9.096173413382262,9.09133075921991,1
4,4,20,2.0,0.02,403.4,1016.0459,0.00012576671586350633,4,0.9947497730363664,0.00012643050470835193,0.00025153343172701267,0.00012772941600636546,20.13450412338056,True,8.852858976487606e-07,0,0.17488989368120952,4.426429488243803e-06,4.9999999999999996e-06,6.031974902082765e-07,1.8209649245415067e-06,7.281017345100612e-06,5.030668634540254e-05,4.302566900030193e-05,0.8552674033207116,True,absolute signal (comparator noise),True,7.45465897467759,7.444492823503392,1
4,4,20,2.0,0.03,403.4,1016.0459,0.0001257558662934334,4,0.9946639585401105,0.00012643050470835193,0.0002515117325868668,0.0001277304082936013,20.13532094250835,True,1.3277102231423195e-06,0,0.17935264523246072,6.6385511157115975e-06,4.9999999999999996e-06,6.031974902082765e-07,1.8209649245415067e-06,8.914055503429035e-06,5.030234651737337e-05,4.138829101394434e-05,0.822790463654607,True,device spread,True,5.993678790147778,5.981755471017399,1
4,4,20,5.0,0.01,403.4,1016.0459,0.00012482147374307814,4,0.9872733960132052,0.00012643050470835193,0.0006241073687153907,0.00012694455569589412,20.146495480052266,True,4.3612562071206563e-07,1,0.17043954685870455,2.1806281035603283e-06,4.9999999999999996e-06,6.031167255223218e-07,1.8208602776599602e-06,6.057943847075956e-06,4.9928589497231256e-05,4.38706456501553e-05,0.8786678352407313,True,absolute signal (comparator noise),True,9.044273320739777,9.041065552031009,0
4,4,20,5.0,0.02,403.4,1016.0459,0.00012481208844777503,4,0.9871991631741862,0.00012643050470835193,0.0006240604422388751,0.00012694670394626186,20.147295582322894,True,8.721282118572068e-07,1,0.1750029690376355,4.360641059286034e-06,4.9999999999999996e-06,6.031167255223218e-07,1.8208602776599602e-06,7.237511230519083e-06,4.9924835379110015e-05,4.268732414859093e-05,0.8550318458626812,True,absolute signal (comparator noise),True,7.437145240141583,7.4324998946840255,0
4,4,20,5.0,0.03,403.4,1016.0459,0.0001248013491678035,4,0.9871142210156754,0.00012643050470835193,0.0006240067458390175,0.00012694767572949198,20.148109470246713,True,1.3079674273008861e-06,1,0.17954947444246802,6.539837136504431e-06,4.9999999999999996e-06,6.031167255223218e-07,1.8208602776599602e-06,8.835338161562685e-06,4.99205396671214e-05,4.1085201505558716e-05,0.8230119662071321,True,device spread,True,5.994267435993953,5.988940528678396,0
4,4,20,10.0,0.01,403.4,1016.0459,0.0001232459616573838,2,0.9748119090537983,0.00012643050470835193,0.001232459616573838,0.00012643866245429477,20.222143901993515,True,4.2936395447516724e-07,1,0.1704849691902018,2.1468197723758362e-06,4.9999999999999996e-06,6.029821565698237e-07,1.8206858948191106e-06,6.044382264544226e-06,4.9298384662953516e-05,4.325400239840929e-05,0.8773918799597824,True,absolute signal (comparator noise),True,8.952821884095352,8.946808859525682,2
4,4,20,10.0,0.02,403.4,1016.0459,0.00012324393913990737,2,0.9747959119850444,0.00012643050470835193,0.0012324393913990738,0.00012644552213247643,20.22275766510972,True,8.586061638682759e-07,1,0.17518496022882374,4.29303081934138e-06,4.9999999999999996e-06,6.029821565698237e-07,1.8206858948191106e-06,7.193134932933579e-06,4.9297575655962954e-05,4.2104440723029376e-05,0.854087450808273,True,absolute signal (comparator noise),True,7.397402944813085,7.386160607896738,2
4,4,20,10.0,0.03,403.4,1016.0459,0.00012324057846034206,2,0.9747693307452316,0.00012643050470835193,0.0012324057846034206,0.0001264512129411658,20.22338542813342,True,1.2876873055662906e-06,1,0.1798683110411691,6.4384365278314536e-06,4.9999999999999996e-06,6.029821565698237e-07,1.8206858948191106e-06,8.754881623743983e-06,4.929623138413683e-05,4.0541349760392846e-05,0.822402618254481,True,device spread,True,5.983153042260655,5.9701616207377155,2
4,4,20,20.0,0.01,403.4,1016.0459,0.00012019013061683553,2,0.9506418636395417,0.00012643050470835193,0.0024038026123367104,0.00012467283390920768,20.318060485817924,True,4.164387021305123e-07,2,0.17056228709801013,2.0821935106525615e-06,4.9999999999999996e-06,6.027131642889001e-07,1.8203372364509834e-06,6.018941539810341e-06,4.8076052246734213e-05,4.2057110706923874e-05,0.8748037482586936,True,absolute signal (comparator noise),True,8.76508945324658,8.759940874946883,1
4,4,20,20.0,0.02,403.4,1016.0459,0.00012018791784004785,2,0.9506243617178909,0.00012643050470835193,0.002403758356800957,0.00012467950137303428,20.318684906262465,True,8.328007590899746e-07,2,0.17552554433249298,4.164003795449873e-06,4.9999999999999996e-06,6.027131642889001e-07,1.8203372364509834e-06,7.109550153834662e-06,4.8075167136019146e-05,4.0965616982184484e-05,0.852115955546871,True,absolute signal (comparator noise),True,7.296020769714039,7.290965242696987,1
4,4,20,20.0,0.03,403.4,1016.0459,0.00012018441033686842,2,0.9505966191791142,0.00012643050470835193,0.0024036882067373683,0.00012468501481395408,20.319322484000427,True,1.2490488671567144e-06,2,0.1804727259684845,6.245244335783572e-06,4.9999999999999996e-06,6.027131642889001e-07,1.8203372364509834e-06,8.60290546283003e-06,4.807376413474737e-05,3.947085867191734e-05,0.8210478081409084,True,device spread,True,5.9341210900242585,5.929424545317842,1
4,4,20,50.0,0.01,403.4,1016.0459,0.00011172262433468371,2,0.8836682618044107,0.00012643050470835193,0.0055861312167341855,0.00011968167006251682,20.597730243725522,True,3.869813874998354e-07,2,0.17069354483354143,1.934906937499177e-06,4.9999999999999996e-06,6.019073506177393e-07,1.8192921190017487e-06,5.963237862420051e-06,4.4689049733873485e-05,3.8725811871453434e-05,0.8665615425270494,True,absolute signal (comparator noise),True,8.230717838870527,8.215137843827545,1
4,4,20,50.0,0.02,403.4,1016.0459,0.00011171993756486719,2,0.883647010842685,0.00012643050470835193,0.005585996878243359,0.00011968781254426003,20.598384908283126,True,7.738922905486426e-07,2,0.17637536858751784,3.869461452743213e-06,4.9999999999999996e-06,6.019073506177393e-07,1.8192921190017487e-06,6.924306573560373e-06,4.468797502594688e-05,3.7763668452386505e-05,0.8450521293582903,True,absolute signal (comparator noise),True,6.991532931983621,6.989918254785301,1
4,4,20,50.0,0.03,403.4,1016.0459,0.00011171608006610345,2,0.8836165000195838,0.00012643050470835193,0.005585804003305172,0.00011969284532104796,20.599050049438667,True,1.160700012446184e-06,2,0.18204287179707357,5.80350006223092e-06,4.9999999999999996e-06,6.019073506177393e-07,1.8192921190017487e-06,8.262234561143037e-06,4.468643202644138e-05,3.642419746529835e-05,0.8151064162774465,True,device spread,True,5.778513166047735,5.769741241492609,1
4,4,40,1.0,0.01,403.4,505.79,0.0001873630101845532,4,0.9961037633720413,0.0001880958762270771,0.0001873630101845532,0.00018934593785680561,20.091442744265024,True,9.71870529216485e-07,0,0.16714265096707998,4.859352646082425e-06,4.9999999999999996e-06,6.066751429652435e-07,1.825461673370327e-06,7.578999586003466e-06,7.494520407382129e-05,6.736620448781782e-05,0.8988727873962673,True,absolute signal (comparator noise),True,10.681574350388523,10.663460080858233,1
4,4,40,1.0,0.02,403.4,505.79,0.00018734706223358459,4,0.9960189770849175,0.0001880958762270771,0.00018734706223358459,0.00018935526763341008,20.09261007610213,True,1.9436482259108038e-06,0,0.1664438281053808,9.718241129554018e-06,4.9999999999999996e-06,6.066751429652435e-07,1.825461673370327e-06,1.1535728654233058e-05,7.493882489343384e-05,6.340309623920079e-05,0.8460647245184677,True,device spread,True,6.822454646790106,6.803288041702197,1
4,4,40,1.0,0.03,403.4,505.79,0.0001873314648577175,4,0.9959360546084659,0.0001880958762270771,0.0001873314648577175,0.0001893651221979832,20.09378526612319,True,2.915202710602471e-06,0,0.16573083752492343,1.4576013553012356e-05,4.9999999999999996e-06,6.066751429652435e-07,1.825461673370327e-06,1.6016417875976715e-05,7.493258594308701e-05,5.8916168067110294e-05,0.7862556366579748,True,device spread,True,4.841240814373038,4.825390850925422,1
4,4,40,2.0,0.01,403.4,505.79,0.000186653003892182,4,0.9923290591806849,0.0001880958762270771,0.000373306007784364,0.00018876559523842927,20.09775716504379,True,9.646094848929203e-07,0,0.16719140230447846,4.823047424464601e-06,4.9999999999999996e-06,6.066479679058944e-07,1.8254266047887705e-06,7.553718318682156e-06,7.46612015568728e-05,6.710748323819065e-05,0.8988267244409649,True,absolute signal (comparator noise),True,10.672217816105277,10.661250684942626,1
4,4,40,2.0,0.02,403.4,505.79,0.0001866371248556437,4,0.9922446392728337,0.0001880958762270771,0.0003732742497112874,0.000188774859218205,20.09892239052565,True,1.929125376044551e-06,0,0.16655321441797744,9.645626880222755e-06,4.9999999999999996e-06,6.066479679058944e-07,1.8254266047887705e-06,1.147118283657265e-05,7.465484994225748e-05,6.318366710568483e-05,0.8463437694209398,True,device spread,True,6.829242254415625,6.817486094765579,1
4,4,40,2.0,0.03,403.4,505.79,0.0001866215842597816,4,0.9921620186637389,0.0001880958762270771,0.0003732431685195632,0.00018878463644168134,20.100095520100464,True,2.893418174496068e-06,0,0.16590080715236974,1.446709087248034e-05,4.9999999999999996e-06,6.066479679058944e-07,1.8254266047887705e-06,1.59134019775777e-05,7.464863370391265e-05,5.873523172633495e-05,0.7868225955655554,True,device spread,True,4.849166781792109,4.839256201809643,1
4,4,40,5.0,0.01,403.4,505.79,0.00018455264379960802,2,0.9811626256856815,0.0001880958762270772,0.00092276321899804,0.0001879241359373464,20.157245820513225,True,9.476590680316195e-07,1,0.16733473639198235,4.7382953401580975e-06,4.9999999999999996e-06,6.065664545458677e-07,1.8253214077071475e-06,7.495067215274862e-06,7.382105751984321e-05,6.632599030456836e-05,0.898469793483246,True,absolute signal (comparator noise),True,10.643297129954298,10.625706853954396,0
4,4,40,5.0,0.02,403.4,505.79,0.00018454532204046874,4,0.981123700009659,0.0001880958762270771,0.0009227266102023437,0.00018705692276429394,20.117414892979724,True,1.8952167322392633e-06,1,0.16687581694705209,9.476083661196317e-06,4.9999999999999996e-06,6.065664545458677e-07,1.8253214077071475e-06,1.1320863517535664e-05,7.38181288161875e-05,6.249726529865183e-05,0.8466384382930453,True,device spread,True,6.848924493537757,6.830224115098535,0
4,4,40,5.0,0.03,403.4,505.79,0.00018452995142164517,4,0.981041983072893,0.0001880958762270771,0.0009226497571082258,0.00018706647328721842,20.11858182545522,True,2.8425422327096643e-06,1,0.16640253621876253,1.4212711163548322e-05,4.9999999999999996e-06,6.065664545458677e-07,1.8253214077071475e-06,1.5673124077919933e-05,7.381198056865808e-05,5.8138856490738146e-05,0.7876615156892968,True,device spread,True,4.872571787645807,4.856254437758657,0
4,4,40,10.0,0.01,403.4,505.79,0.0001811167349431689,2,0.9628958304461561,0.0001880958762270772,0.001811167349431689,0.0001859536565287371,20.22892284402154,True,9.261407039140041e-07,1,0.16756418065419548,4.63070351957002e-06,4.9999999999999996e-06,6.064306383255099e-07,1.8251461081100978e-06,7.421371216654727e-06,7.244669397726756e-05,6.502532276061283e-05,0.8975609401999294,True,absolute signal (comparator noise),True,10.547517157810248,10.536745870450247,2
4,4,40,10.0,0.02,403.4,505.79,0.00018111681927512403,2,0.9628962787917383,0.0001880958762270772,0.0018111681927512403,0.0001859728983792061,20.22981753943171,True,1.85217898093279e-06,1,0.16739553994306924,9.26089490466395e-06,4.9999999999999996e-06,6.064306383255099e-07,1.8251461081100978e-06,1.1130886654444855e-05,7.244672771004961e-05,6.131584105560476e-05,0.8463576339984118,True,device spread,True,6.832504568662659,6.8215705530288675,2
4,4,40,10.0,0.03,403.4,505.79,0.00018111716322113367,2,0.9628981073592568,0.0001880958762270772,0.0018111716322113365,0.00018599256271593695,20.23071942167715,True,2.7779867186252427e-06,1,0.16721234267814322,1.3889933593126213e-05,4.9999999999999996e-06,6.064306383255099e-07,1.8251461081100978e-06,1.5368891653395323e-05,7.244686528845347e-05,5.7077973635058145e-05,0.7878598115708285,True,device spread,True,4.871719124486548,4.862295539127745,2
4,4,40,20.0,0.01,403.4,505.79,0.00017455076353067,2,0.9279882527565093,0.0001880958762270772,0.0034910152706134,0.00018214505733095632,20.36991275793353,True,8.904694374265894e-07,2,0.16798965088924592,4.452347187132947e-06,4.9999999999999996e-06,6.06159153466177e-07,1.8247956171436614e-06,7.301186821427726e-06,6.9820305412268e-05,6.251911859084028e-05,0.895428890230193,True,absolute signal (comparator noise),True,10.35036363295945,10.347874952818337,1
4,4,40,20.0,0.02,403.4,505.79,0.0001745499184500907,2,0.9279837599382921,0.0001880958762270772,0.003490998369001814,0.00018216348308898602,20.370833428865367,True,1.7808231909263426e-06,2,0.16837168369076067,8.904115954631713e-06,4.9999999999999996e-06,6.06159153466177e-07,1.8247956171436614e-06,1.0818077726071768e-05,6.981996738003628e-05,5.900188965396451e-05,0.8450575368047938,True,device spread,True,6.791529472530549,6.783620433964399,1
4,4,40,20.0,0.03,403.4,505.79,0.00017454923988463304,2,0.9279801523873384,0.0001880958762270772,0.003490984797692661,0.00018218223561156587,20.371761304176708,True,2.6709385742892872e-06,2,0.1687389078978151,1.3354692871446437e-05,4.9999999999999996e-06,6.06159153466177e-07,1.8247956171436614e-06,1.4866166926628935e-05,6.981969595385323e-05,5.495352902722429e-05,0.787077747567755,True,device spread,True,4.8650616233380095,4.857522431525427,1
4,4,40,50.0,0.01,403.4,505.79,0.00015701118714216784,2,0.8347401883102284,0.0001880958762270772,0.007850559357108391,0.00017167211670124051,20.775383294586312,True,8.005338664760953e-07,2,0.16903247396009607,4.002669332380477e-06,4.9999999999999996e-06,6.0534587768428e-07,1.823745009201438e-06,7.010137973012525e-06,6.280447485686714e-05,5.5794336883854615e-05,0.8883815526045111,True,absolute signal (comparator noise),True,9.75554054628256,9.743092583163598,1
4,4,40,50.0,0.02,403.4,505.79,0.0001570081559275471,2,0.8347240730466642,0.0001880958762270772,0.007850407796377355,0.0001716884101853152,20.77637532648221,True,1.6009582485834894e-06,2,0.1708611761767706,8.004791242917447e-06,4.9999999999999996e-06,6.0534587768428e-07,1.823745009201438e-06,1.0043390317221945e-05,6.280326237101883e-05,5.275987205379689e-05,0.8400817101205788,True,device spread,True,6.645795910442369,6.627133090781885,1
4,4,40,50.0,0.03,403.4,505.79,0.0001570051023140387,2,0.8347078387008101,0.0001880958762270772,0.007850255115701935,0.00017170479944648466,20.777373367545255,True,2.401162598009298e-06,2,0.17267516302405103,1.200581299004649e-05,4.9999999999999996e-06,6.0534587768428e-07,1.823745009201438e-06,1.3610711906826599e-05,6.280204092561548e-05,4.9191329018788875e-05,0.7832759619556391,True,device spread,True,4.830395695501144,4.808983652031942,1
4,4,60,1.0,0.01,403.4,336.8506,0.00022337780644965635,4,0.9953461026660858,0.00022442224453516962,0.00022337780644965635,0.00022542923884698738,20.079404455361853,True,1.3742902399876628e-06,0,0.16463233534928653,6.871451199938314e-06,4.9999999999999996e-06,6.078246787012123e-07,1.826944109305673e-06,9.105873960338362e-06,8.935112257986254e-05,8.024524861952418e-05,0.898088868976442,True,device spread,True,10.466466841142987,10.444540911412172,1
4,4,60,1.0,0.02,403.4,336.8506,0.0002233592082707704,4,0.995263231295984,0.00022442224453516962,0.0002233592082707704,0.0002254462824855543,20.080784336847476,True,2.7486644844195235e-06,0,0.1609642999556172,1.3743322422097617e-05,4.9999999999999996e-06,6.078246787012123e-07,1.826944109305673e-06,1.5232424201345623e-05,8.934368330830817e-05,7.411125910696255e-05,0.8295075416940065,True,device spread,True,6.087459981742673,6.069639121659276,1
4,4,60,1.0,0.03,403.4,336.8506,0.00022334378590556066,4,0.9951945109904649,0.00022442224453516962,0.00022334378590556066,0.00022546666516907524,20.08216935442695,True,4.122979746448752e-06,0,0.1572874843626756,2.061489873224376e-05,4.9999999999999996e-06,6.078246787012123e-07,1.826944109305673e-06,2.1820416452000988e-05,8.933751436222427e-05,6.751709791022329e-05,0.7557530382642078,True,device spread,True,4.198708961576978,4.185019504400873,1
4,4,60,2.0,0.01,403.4,336.8506,0.00022236641183985868,4,0.9908394433022045,0.00022442224453516962,0.00044473282367971735,0.00022460224234737808,20.086897990881702,True,1.3620272227768975e-06,0,0.16470765017464134,6.810136113884487e-06,4.9999999999999996e-06,6.07797420260753e-07,1.826908979650412e-06,9.056344862847183e-06,8.894656473594347e-05,7.989021987309629e-05,0.8981821851160543,True,device spread,True,10.468398191302928,10.457719820492942,1
4,4,60,2.0,0.02,403.4,336.8506,0.00022234789309482711,4,0.9907569258803245,0.00022442224453516962,0.00044469578618965423,0.00022461914289038378,20.088274943244837,True,2.7241341522361584e-06,0,0.16112479103071578,1.3620670761180792e-05,4.9999999999999996e-06,6.07797420260753e-07,1.826908979650412e-06,1.511719685595365e-05,8.893915723793086e-05,7.38219603819772e-05,0.8300276579469716,True,device spread,True,6.098859548225225,6.089864681542135,1
4,4,60,2.0,0.03,403.4,336.8506,0.00022233250445649646,4,0.9906883558579431,0.00022442224453516962,0.0004446650089129929,0.0002246393417242623,20.089657154015292,True,4.086178259654525e-06,0,0.1575329594455107,2.0430891298272627e-05,4.9999999999999996e-06,6.07797420260753e-07,1.826908979650412e-06,2.1641611131564562e-05,8.893300178259859e-05,6.729139065103403e-05,0.756652640777058,True,device spread,True,4.208478166197154,4.201294642024965,1
4,4,60,5.0,0.01,403.4,336.8506,0.00021937794526935697,2,0.9775231761171429,0.00022442224453516946,0.0010968897263467848,0.0002234075495478649,20.15809761053486,True,1.3359363126449353e-06,1,0.16492884294701618,6.679681563224676e-06,4.9999999999999996e-06,6.077156568097628e-07,1.8268035993725573e-06,8.95146456159373e-06,8.77511781077428e-05,7.879971354614906e-05,0.8979903773986609,True,device spread,True,10.463567244645395,10.440715660425415,2
4,4,60,5.0,0.02,403.4,336.8506,0.00021937899700578812,4,0.9775278625350743,0.00022442224453516962,0.0010968949850289405,0.00022217761862313834,20.110105219379825,True,2.6719401526481273e-06,1,0.16159705492405047,1.3359700763240637e-05,4.9999999999999996e-06,6.077156568097628e-07,1.8268035993725573e-06,1.4872413497399743e-05,8.775159880231525e-05,7.28791853049155e-05,0.8305168942744396,True,device spread,True,6.124830984647681,6.105718403506321,2
4,4,60,5.0,0.03,403.4,336.8506,0.00021936371490549752,4,0.9774597672340838,0.00022442224453516962,0.0010968185745274875,0.00022219728073728806,20.111478949403264,True,4.007866594036413e-06,1,0.1582557473161208,2.0039332970182065e-05,4.9999999999999996e-06,6.077156568097628e-07,1.8268035993725573e-06,2.1261404574042587e-05,8.774548596219901e-05,6.648408138815642e-05,0.7576923263813018,True,device spread,True,4.231212476214583,4.216145175036058,2
4,4,60,10.0,0.01,403.4,336.8506,0.0002145156730568522,2,0.9558574440834238,0.00022442224453516946,0.002145156730568522,0.0002206159825266911,20.243558867591513,True,1.2999438183256583e-06,1,0.16528226221788478,6.4997190916282915e-06,4.9999999999999996e-06,6.075794239462852e-07,1.8266279945295533e-06,8.807966504449089e-06,8.580626922274089e-05,7.69983027182918e-05,0.8973505481098956,True,device spread,True,10.392177677063023,10.38326095225694,2
4,4,60,10.0,0.02,403.4,336.8506,0.00021451924428880645,2,0.9558733570868858,0.00022442224453516946,0.0021451924428880645,0.00022064666430155594,20.244622157757192,True,2.599945691878841e-06,1,0.1623546664077858,1.2999728459394204e-05,4.9999999999999996e-06,6.075794239462852e-07,1.8266279945295533e-06,1.4535714260240182e-05,8.580769771552259e-05,7.127198345528241e-05,0.8306012788219737,True,device spread,True,6.119345881720435,6.111979717236976,2
4,4,60,10.0,0.03,403.4,336.8506,0.00021452563437651472,2,0.9559018305910232,0.00022442224453516946,0.0021452563437651473,0.00022068036634278516,20.245690026760457,True,3.899861649283427e-06,1,0.15941673183631497,1.9499308246417138e-05,4.9999999999999996e-06,6.075794239462852e-07,1.8266279945295533e-06,2.073773148717699e-05,8.581025375060589e-05,6.50725222634289e-05,0.7583303791706762,True,device spread,True,4.234329085767314,4.228051556916731,2
4,4,60,20.0,0.01,403.4,336.8506,0.00020530681079969088,2,0.9148238011117344,0.00022442224453516946,0.004106136215993818,0.00021525655488534442,20.41106056907968,True,1.2432976206070792e-06,2,0.16593609900942807,6.216488103035396e-06,4.9999999999999996e-06,6.073071064565468e-07,1.826276893376411e-06,8.585071475951338e-06,8.212272431987636e-05,7.353765284392502e-05,0.8954604642375037,True,device spread,True,10.24325069501614,10.23171928881207,1
4,4,60,20.0,0.02,403.4,336.8506,0.00020530853572235804,2,0.9148314871709784,0.00022442224453516946,0.00410617071444716,0.00021528567741882672,20.412162646954695,True,2.486536220967448e-06,2,0.16376751535862344,1.243268110483724e-05,4.9999999999999996e-06,6.073071064565468e-07,1.826276893376411e-06,1.4007738422446973e-05,8.212341428894323e-05,6.811567586649625e-05,0.8294306374895458,True,device spread,True,6.104492049543115,6.090840640155687,1
4,4,60,20.0,0.03,403.4,336.8506,0.00020531271239049203,2,0.9148500979292061,0.00022442224453516946,0.0041062542478098405,0.00021531752475739655,20.41327076226039,True,3.7295753858488966e-06,2,0.16158726283592525,1.8647876929244484e-05,4.9999999999999996e-06,6.073071064565468e-07,1.826276893376411e-06,1.9913868529150354e-05,8.212508495619681e-05,6.221121642704646e-05,0.7575178334394193,True,device spread,True,4.238310906888694,4.227291569066308,1
4,4,60,50.0,0.01,403.4,336.8506,0.00018123143063553682,2,0.8075466449901576,0.00022442224453516946,0.00906157153177684,0.00020075586715885403,20.888694555409803,True,1.0965367846270592e-06,2,0.16754035509013507,5.482683923135296e-06,4.9999999999999996e-06,6.0649133801872e-07,1.8252244573111398e-06,8.026721994878804e-06,7.249257225421473e-05,6.446585025933592e-05,0.8892752492389021,True,device spread,True,9.761438629917796,9.756820984548787,1
4,4,60,50.0,0.02,403.4,336.8506,0.00018122896300807389,2,0.8075356495228052,0.00022442224453516946,0.009061448150403694,0.00020078101973307235,20.889901003735282,True,2.193002247042145e-06,2,0.16732018856037367,1.0965011235210727e-05,4.9999999999999996e-06,6.0649133801872e-07,1.8252244573111398e-06,1.2657693410355631e-05,7.249158520322955e-05,5.983389179287392e-05,0.8253908591615166,True,device spread,True,6.034140129040755,6.011852756448069,1
4,4,60,50.0,0.03,403.4,336.8506,0.0001812281474084049,2,0.8075320153034314,0.00022442224453516946,0.009061407370420245,0.00020080818301405345,20.891115111601156,True,3.2892630715403477e-06,2,0.1670862187143046,1.644631535770174e-05,4.9999999999999996e-06,6.0649133801872e-07,1.8252244573111398e-06,1.7796060525318793e-05,7.249125896336197e-05,5.469519843804317e-05,0.7545074981479745,True,device spread,True,4.235567671321749,4.214507838240012,1
4,4,100,1.0,0.01,403.4,202.0276,0.00026408335960097744,4,0.9944720134617027,0.00026555132374386054,0.00026408335960097744,0.0002662269184894176,20.0702185799831,True,1.911434346345072e-06,0,0.16162264303669496,9.557171731725359e-06,4.9999999999999996e-06,6.087446035389068e-07,1.8281290283012237e-06,1.1394825055199292e-05,0.00010563334384039098,9.423851878519169e-05,0.8921285207782823,True,device spread,True,9.76113163316641,9.738967023339587,1
4,4,100,1.0,0.02,403.4,202.0276,0.0002640636478656048,4,0.9943977839866063,0.00026555132374386054,0.0002640636478656048,0.0002662566841725619,20.07183801474643,True,3.823411776422917e-06,0,0.15463861053441827,1.9117058882114584e-05,4.9999999999999996e-06,6.087446035389068e-07,1.8281290283012237e-06,2.0368854428695147e-05,0.00010562545914624192,8.525660471754677e-05,0.8071596129064509,True,device spread,True,5.331889862423848,5.316702537147788,1
4,4,100,1.0,0.03,403.4,202.0276,0.0002640525037370308,4,0.9943558179801225,0.00026555132374386054,0.0002640525037370308,0.0002662951633310438,20.07345977383548,True,5.735887619602061e-06,0,0.14765334013021297,2.8679438098010307e-05,4.9999999999999996e-06,6.087446035389068e-07,1.8281290283012237e-06,2.9720772523586063e-05,0.00010562100149481233,7.590022897122626e-05,0.7186092528667621,True,device spread,True,3.6206243436174237,3.6093448523442477,1
4,4,100,2.0,0.01,403.4,202.0276,0.0002626627205387584,4,0.9891222413642029,0.00026555132374386054,0.0005253254410775168,0.00026506460861482604,20.079066130015416,True,1.8911518958339013e-06,0,0.16173295431105195,9.455759479169506e-06,4.9999999999999996e-06,6.087172782897471e-07,1.8280938497821633e-06,1.1305043158137648e-05,0.00010506508821550337,9.376004505736571e-05,0.8923996224611794,True,device spread,True,9.774565337186939,9.767382743795821,1
4,4,100,2.0,0.02,403.4,202.0276,0.0002626430711875874,4,0.989048246812438,0.00026555132374386054,0.0005252861423751748,0.00026509407816951584,20.080681563712254,True,3.782832889224738e-06,0,0.1548673739736415,1.891416444612369e-05,4.9999999999999996e-06,6.087172782897471e-07,1.8280938497821633e-06,2.0172602799704185e-05,0.00010505722847503497,8.48846256753308e-05,0.8079846280687116,True,device spread,True,5.3463031273836705,5.340876215635595,1
4,4,100,2.0,0.03,403.4,202.0276,0.0002626318671030334,4,0.9890060550266994,0.00026555132374386054,0.0005252637342060668,0.0002651321542149785,20.082299586620206,True,5.674995868181645e-06,0,0.14800011823371692,2.8374979340908225e-05,4.9999999999999996e-06,6.087172782897471e-07,1.8280938497821633e-06,2.9420857993567544e-05,0.00010505274684121337,7.563188884764582e-05,0.7199420398018054,True,device spread,True,3.631517727678115,3.627109922144967,1
4,4,100,5.0,0.01,403.4,202.0276,0.0002584707193308517,2,0.9733362111956998,0.0002655513237438603,0.0012923535966542583,0.00026339147178181676,20.163807151493724,True,1.8514865723569536e-06,1,0.16205599459929645,9.257432861784768e-06,4.9999999999999996e-06,6.086353144547224e-07,1.8279883229325349e-06,1.1130045067451348e-05,0.00010338828773234067,9.225824266488933e-05,0.892347138040765,True,device spread,True,9.786793758020412,9.764589744406283,2
4,4,100,5.0,0.02,403.4,202.0276,0.0002584828389259215,2,0.9733818505655171,0.0002655513237438603,0.0012924141946296075,0.00026344104683958207,20.165034571253003,True,3.703481675840969e-06,1,0.15553820060521445,1.8517408379204845e-05,4.9999999999999996e-06,6.086353144547224e-07,1.8279883229325349e-06,1.9789209160986162e-05,0.0001033931355703686,8.360392640938244e-05,0.8086022920978369,True,device spread,True,5.37099759890908,5.355099652437389,2
4,4,100,5.0,0.03,403.4,202.0276,0.00025847944082279124,4,0.9733690541573404,0.00026555132374386054,0.0012923972041139562,0.00026171039413217044,20.107899320103385,True,5.555933656624546e-06,1,0.14901748109908663,2.7779668283122728e-05,4.9999999999999996e-06,6.086353144547224e-07,1.8279883229325349e-06,2.8834686577788297e-05,0.0001033917763291165,7.45570897513282e-05,0.7211123785512517,True,device spread,True,3.6505363154995414,3.6382615748793143,2
4,4,100,10.0,0.01,403.4,202.0276,0.0002516940894628615,2,0.9478171146517614,0.0002655513237438603,0.0025169408946286147,0.00025949388572159445,20.265082243926127,True,1.7945169645777278e-06,2,0.1625693864183758,8.972584822888638e-06,4.9999999999999996e-06,6.084987477575354e-07,1.8278124738690341e-06,1.0880172340893735e-05,0.00010067763578514461,8.979746344425088e-05,0.8919305935618808,True,device spread,True,9.746136225861587,9.742193324761589,1
4,4,100,10.0,0.02,403.4,202.0276,0.0002517042087685505,2,0.9478552214310701,0.0002655513237438603,0.0025170420876855053,0.00025954189265781053,20.266339796608662,True,3.5892172988270944e-06,2,0.15660729187795983,1.7946086494135473e-05,4.9999999999999996e-06,6.084987477575354e-07,1.8278124738690341e-06,1.9238099399811022e-05,0.00010068168350742021,8.144358410760919e-05,0.8089215562392421,True,device spread,True,5.3741398040181885,5.37076994820326,1
4,4,100,10.0,0.03,403.4,202.0276,0.0002517219228940001,2,0.9479219284058268,0.0002655513237438603,0.002517219228940001,0.0002595978280842052,20.26760027975437,True,5.384044527387314e-06,2,0.15064038189986378,2.692022263693657e-05,4.9999999999999996e-06,6.084987477575354e-07,1.8278124738690341e-06,2.7989119391238794e-05,0.00010068876915760005,7.269964976636126e-05,0.7220234230152355,True,device spread,True,3.656716488670927,3.6533544653091425,1
4,4,100,20.0,0.01,403.4,202.0276,0.00023899338685978106,2,0.899989438916539,0.0002655513237438603,0.0047798677371956215,0.0002520697912324419,20.462698357244417,True,1.7040474524187901e-06,2,0.16351106306612054,8.52023726209395e-06,4.9999999999999996e-06,6.082257631274089e-07,1.8274608845185187e-06,1.048721574198528e-05,9.559735474391243e-05,8.511013900192715e-05,0.8902980551075018,True,device spread,True,9.655665482725365,9.63387573881494,1
4,4,100,20.0,0.02,403.4,202.0276,0.00023899997907808558,2,0.9000142635651666,0.0002655513237438603,0.004779999581561712,0.00025211489868759174,20.46401296127996,True,3.4082445291215843e-06,2,0.15857916327777663,1.7041222645607922e-05,4.9999999999999996e-06,6.082257631274089e-07,1.8274608845185187e-06,1.8367822302947233e-05,9.559999163123424e-05,7.723216932828701e-05,0.8078679507232704,True,device spread,True,5.376435176567001,5.358583780748927,1
4,4,100,20.0,0.03,403.4,202.0276,0.0002390131937503831,2,0.9000640267224773,0.0002655513237438603,0.0047802638750076626,0.0002521672074054986,20.465334677163185,True,5.112520660568942e-06,2,0.1536393000018314,2.5562603302844707e-05,4.9999999999999996e-06,6.082257631274089e-07,1.8274608845185187e-06,2.6655234950721427e-05,9.560527750015324e-05,6.895004254943181e-05,0.7211949418725477,True,device spread,True,3.666752829002545,3.653476248453942,1
4,4,100,50.0,0.01,403.4,202.0276,0.00020659587595054133,2,0.7779884996913631,0.0002655513237438603,0.010329793797527067,0.00023235159704291798,21.020480279595578,True,1.470851310151546e-06,2,0.1657876841110912,7.3542565507577305e-06,4.9999999999999996e-06,6.074079974688882e-07,1.8264069858135593e-06,9.500387780104345e-06,8.263835038021654e-05,7.31379626001122e-05,0.885036575193075,True,device spread,True,9.325889063591687,9.324596289037872,1
4,4,100,50.0,0.02,403.4,202.0276,0.00020659478310886285,2,0.77798438432239,0.0002655513237438603,0.010329739155443142,0.00023238953887011156,21.021944471501822,True,2.9417791839402027e-06,2,0.16342796834752857,1.4708895919701014e-05,4.9999999999999996e-06,6.074079974688882e-07,1.8264069858135593e-06,1.6142903457112174e-05,8.263791324354515e-05,6.649500978643297e-05,0.804654996435633,True,device spread,True,5.356824391298267,5.337339779250774,1
4,4,100,50.0,0.03,403.4,202.0276,0.0002065982219342782,2,0.7779973340805266,0.0002655513237438603,0.01032991109671391,0.00023243295842580218,21.023422609827456,True,4.412687832642329e-06,2,0.16105451917120572,2.2063439163211644e-05,4.9999999999999996e-06,6.074079974688882e-07,1.8264069858135593e-06,2.3230302323985585e-05,8.263928877371129e-05,5.940898644972571e-05,0.7188951808673423,True,device spread,True,3.6818607179794127,3.665080719301846,1
8,8,20,1.0,0.01,403.4,1016.0459,0.00012578095529035515,8,0.9948623995516609,0.00012643050470802686,0.00012578095529035515,0.00025535666518186883,26.15064618486594,True,6.537669377639752e-07,3,0.13856241052908116,3.2688346888198762e-06,4.9999999999999996e-06,1.206394980416553e-06,3.6419298490830134e-06,7.180110760635104e-06,5.031238211614206e-05,4.313227135550696e-05,0.8572893896365233,True,absolute signal (comparator noise),True,8.235070481607261,8.220452235950965,4
8,8,20,1.0,0.02,403.4,1016.0459,0.0001257757475628459,8,0.9948212091164784,0.00012643050470802686,0.0001257757475628459,0.00025536253526442575,26.151205482500743,True,1.3073483451964518e-06,3,0.13590568919703822,6.536741725982259e-06,4.9999999999999996e-06,1.206394980416553e-06,3.6419298490830134e-06,9.436157576761451e-06,5.031029902513836e-05,4.087414144837691e-05,0.812440836973628,True,device spread,True,5.9892001980904395,5.966754901747219,4
8,8,20,1.0,0.03,403.4,1016.0459,0.00012576914456769757,8,0.9947689828348261,0.00012643050470802686,0.00012576914456769757,0.00025536602581823436,26.151780214409442,True,1.9606734093756495e-06,3,0.133254546021074,9.803367046878247e-06,4.9999999999999996e-06,1.206394980416553e-06,3.6419298490830134e-06,1.2211212355358235e-05,5.030765782707903e-05,3.809644547172079e-05,0.7572693128085696,True,device spread,True,4.483262022651295,4.461926704245825,4
8,8,20,2.0,0.01,403.4,1016.0459,0.00012513997122665267,3,0.989792546629832,0.00012643050470802667,0.00025027994245330535,0.0002550074874731815,26.18313762989508,True,6.502713589708265e-07,3,0.13853535311277654,3.2513567948541324e-06,4.9999999999999996e-06,1.2062872902820739e-06,3.641790317044421e-06,7.170457057101604e-06,5.005598849066107e-05,4.2885531433559465e-05,0.856751264467799,True,absolute signal (comparator noise),True,8.204679766545127,8.190913371411039,4
8,8,20,2.0,0.02,403.4,1016.0459,0.00012513682540685986,3,0.9897676648198599,0.00012643050470802667,0.0002502736508137197,0.00025501921665511024,26.183755484226488,True,1.300358533446789e-06,3,0.1358466903215629,6.501792667233945e-06,4.9999999999999996e-06,1.2062872902820739e-06,3.641790317044421e-06,9.408318007592092e-06,5.0054730162743946e-05,4.0646412155151856e-05,0.8120393821522434,True,device spread,True,5.97743509106445,5.955941779729754,4
8,8,20,2.0,0.03,403.4,1016.0459,0.00012513216321259429,8,0.989730789270905,0.00012643050470802686,0.00025026432642518857,0.00025422219047428095,26.15689007966319,True,1.95019126947682e-06,3,0.1331636033229488,9.750956347384099e-06,4.9999999999999996e-06,1.2062872902820739e-06,3.641790317044421e-06,1.216444177398006e-05,5.0052865285037714e-05,3.788842351105766e-05,0.756968123508878,True,device spread,True,4.478288354132084,4.457735664314046,4
8,8,20,5.0,0.01,403.4,1016.0459,0.0001232484949087523,3,0.9748319457663895,0.00012643050470802667,0.0006162424745437615,0.00025277889013735147,26.23918356471208,True,6.399648435803887e-07,3,0.13845600331945582,3.199824217901944e-06,4.9999999999999996e-06,1.2059643131396474e-06,3.641371789638221e-06,7.1421983908585995e-06,4.929939796350093e-05,4.215719957264233e-05,0.8551260525301676,True,absolute signal (comparator noise),True,8.114074872183519,8.10061687722912,4
8,8,20,5.0,0.02,403.4,1016.0459,0.0001232453190106947,3,0.9748068260528762,0.00012643050470802667,0.0006162265950534735,0.00025279042004383763,26.23980356488824,True,1.2797494563156285e-06,3,0.13567340165837846,6.3987472815781425e-06,4.9999999999999996e-06,1.2059643131396474e-06,3.641371789638221e-06,9.326553378811155e-06,4.929812760427788e-05,3.9971574225466724e-05,0.8108132330364239,True,device spread,True,5.941967206626182,5.921966459054765,4
8,8,20,5.0,0.03,403.4,1016.0459,0.00012324074180861935,3,0.9747706227482551,0.00012643050470802667,0.0006162037090430968,0.00025279953052020806,26.240439186439982,True,1.9192852279454267e-06,3,0.13289636822859985,9.596426139727134e-06,4.9999999999999996e-06,1.2059643131396474e-06,3.641371789638221e-06,1.2026842034250732e-05,4.9296296723447744e-05,3.726945468919701e-05,0.7560295025461786,True,device spread,True,4.463197696358669,4.44437948066163,4
8,8,20,10.0,0.01,403.4,1016.0459,0.00012018281884608279,5,0.9505840313113336,0.00012643050470802694,0.001201828188460828,0.0002498920349990533,26.358200554458556,True,6.233666334944985e-07,3,0.13832953215232505,3.1168331674724924e-06,4.9999999999999996e-06,1.2054263285778003e-06,3.6406744729019667e-06,7.0973401936862e-06,4.8073127538433115e-05,4.0975787344746915e-05,0.8523636684962492,True,absolute signal (comparator noise),True,7.964989398444535,7.95002680803433,4
8,8,20,10.0,0.02,403.4,1016.0459,0.00012018713235961703,5,0.9506181489757707,0.00012643050470802694,0.0012018713235961704,0.0002498951690191707,26.357997745849065,True,1.2465593569413928e-06,3,0.1353963846351342,6.232796784706964e-06,4.9999999999999996e-06,1.2054263285778003e-06,3.6406744729019667e-06,9.195905398036243e-06,4.807485294384682e-05,3.8878947545810576e-05,0.8087169313075716,True,device spread,True,5.882316111359681,5.862401314977777,4
8,8,20,10.0,0.03,403.4,1016.0459,0.00012019020677098189,5,0.9506424659819549,0.00012643050470802694,0.0012019020677098188,0.0002498959718093309,26.357803465304595,True,1.8695121928470715e-06,3,0.1324687912502693,9.347560964235357e-06,4.9999999999999996e-06,1.2054263285778003e-06,3.6406744729019667e-06,1.180622327881209e-05,4.807608270839276e-05,3.626985942958067e-05,0.7544262632539517,True,device spread,True,4.437493656103796,4.419051740990636,4
8,8,20,20.0,0.01,403.4,1016.0459,0.00011439151866178771,5,0.9047778376425726,0.00012643050470802694,0.002287830373235754,0.00024361749814297954,26.566293062417373,True,5.921932920240651e-07,3,0.13809620450534316,2.9609664601203253e-06,4.9999999999999996e-06,1.2043515230302317e-06,3.6392806972741776e-06,7.0153172240095005e-06,4.5756607464715086e-05,3.874129024070559e-05,0.8466818758488747,True,absolute signal (comparator noise),True,7.6742244669661845,7.649808082567624,4
8,8,20,20.0,0.02,403.4,1016.0459,0.00011439555793554478,5,0.9048097862119974,0.00012643050470802694,0.0022879111587108957,0.00024362040608337678,26.566090039282525,True,1.1842243843073927e-06,3,0.13488271335350896,5.921121921536963e-06,4.9999999999999996e-06,1.2043515230302317e-06,3.6392806972741776e-06,8.954169895721658e-06,4.5758223174217914e-05,3.6804053278496254e-05,0.8043156120457314,True,device spread,True,5.76126963918753,5.736259997177927,4
8,8,20,20.0,0.03,403.4,1016.0459,0.00011439845392186999,5,0.9048326919682617,0.00012643050470802694,0.0022879690784373997,0.00024362106303296165,26.56589357644126,True,1.7760321928869849e-06,3,0.13167474297154552,8.880160964434925e-06,4.9999999999999996e-06,1.2043515230302317e-06,3.6392806972741776e-06,1.1395389681837891e-05,4.5759381568748e-05,3.436399188691011e-05,0.75097151029636,True,device spread,True,4.384106529421839,4.362339384624011,4
8,8,20,50.0,0.01,403.4,1016.0459,9.936483633339528e-05,5,0.785924540623041,0.00012643050470802694,0.004968241816669764,0.0002265955092354594,27.16037154089858,True,5.12350273462734e-07,3,0.137518822700778,2.56175136731367e-06,4.9999999999999996e-06,1.201136385926469e-06,3.6351062195141295e-06,6.819193885448297e-06,3.9745934533358115e-05,3.292674064790982e-05,0.8284304051342646,True,absolute signal (comparator noise),True,6.86327799001818,6.738223330724592,4
8,8,20,50.0,0.02,403.4,1016.0459,9.936820959018898e-05,5,0.7859512213422352,0.00012643050470802694,0.004968410479509449,0.00022659785790529117,27.160166704694852,True,1.0245672989966417e-06,3,0.13360083792790836,5.122836494983209e-06,4.9999999999999996e-06,1.201136385926469e-06,3.6351062195141295e-06,8.359589693333862e-06,3.97472838360756e-05,3.1387694142741736e-05,0.7896814854617438,True,device spread,True,5.389277174176415,5.318292432102988,4
8,8,20,50.0,0.03,403.4,1016.0459,9.937068563422014e-05,5,0.7859708055718234,0.00012643050470802694,0.004968534281711007,0.00022659817549057186,27.159962447118154,True,1.5366021754163944e-06,3,0.1296882388377854,7.683010877081971e-06,4.9999999999999996e-06,1.201136385926469e-06,3.6351062195141295e-06,1.0367850962990592e-05,3.974827425368806e-05,2.9380423290697466e-05,0.7391622364075692,True,device spread,True,4.210013956767065,4.15327569972832,4
8,8,40,1.0,0.01,403.4,505.79,0.0001866637199235756,3,0.9923860302973452,0.00018809587622635742,0.0001866637199235756,0.00037820859739237135,26.133429610903548,True,1.4264206237205883e-06,3,0.1412670426906091,7.132103118602941e-06,4.9999999999999996e-06,1.2132959358117888e-06,3.650853209577541e-06,9.923456376032497e-06,7.466548796943025e-05,6.474203159339775e-05,0.8670944683292583,True,device spread,True,8.46704873387883,8.43314765436394,4
8,8,40,1.0,0.02,403.4,505.79,0.00018665756569165054,1,0.9923533117069735,0.0001880958762263572,0.00018665756569165054,0.0003773347255920667,26.113623538276308,True,2.8526643585473056e-06,3,0.14162956244197006,1.4263321792736528e-05,4.9999999999999996e-06,1.2132959358117888e-06,3.650853209577541e-06,1.632760533330504e-05,7.466302627666022e-05,5.833542094335518e-05,0.7813160523013909,True,device spread,True,4.886366887440196,4.859811750864736,4
8,8,40,1.0,0.03,403.4,505.79,0.0001866514798731946,1,0.9923209568325443,0.0001880958762263572,0.0001866514798731946,0.00037735693372127046,26.11441793442981,True,4.2785046702548485e-06,3,0.14199868546115002,2.139252335127424e-05,4.9999999999999996e-06,1.2132959358117888e-06,3.650853209577541e-06,2.3182366360725397e-05,7.466059194927784e-05,5.147822558855244e-05,0.6894966172184276,True,device spread,True,3.363295620109926,3.343404758058216,4
8,8,40,2.0,0.01,403.4,505.79,0.00018525217570729808,3,0.9848816434676262,0.00018809587622635742,0.00037050435141459617,0.00037655596319383295,26.161324245148677,True,1.415153904415046e-06,3,0.14120300157286422,7.07576952207523e-06,4.9999999999999996e-06,1.2131872473928468e-06,3.6507129439144158e-06,9.877280640791185e-06,7.410087028291924e-05,6.422358964212806e-05,0.8667049306832776,True,device spread,True,8.445247740751402,8.412965974508124,4
8,8,40,2.0,0.02,403.4,505.79,0.00018525045944293701,3,0.984872519055143,0.00018809587622635742,0.00037050091888587403,0.00037659110533923024,26.162215289953338,True,2.830132238884892e-06,3,0.14149690300353132,1.415066119442446e-05,4.9999999999999996e-06,1.2131872473928468e-06,3.6507129439144158e-06,1.6221225501588173e-05,7.41001837771748e-05,5.787895827558663e-05,0.7810906171249629,True,device spread,True,4.882177323099595,4.857131373508756,4
8,8,40,2.0,0.03,403.4,505.79,0.00018524909914537294,3,0.984865287117945,0.00018809587622635742,0.0003704981982907459,0.000376627290795663,26.16311363059475,True,4.244710057584601e-06,3,0.14179744409492862,2.1223550287923003e-05,4.9999999999999996e-06,1.2131872473928468e-06,3.6507129439144158e-06,2.3017752980834927e-05,7.409963965814919e-05,5.108188667731426e-05,0.6893675450106791,True,device spread,True,3.3619331791537546,3.3430998721602334,4
8,8,40,5.0,0.01,403.4,505.79,0.00018111912533491225,5,0.9629085388185271,0.0001880958762263573,0.0009055956266745612,0.00037251568703724374,26.26360507742052,True,1.38221249003057e-06,3,0.141016853911648,6.911062450152849e-06,4.9999999999999996e-06,1.2128612766510198e-06,3.6502922162201957e-06,9.742971720831254e-06,7.24476501339649e-05,6.270467841313364e-05,0.8655170774646898,True,device spread,True,8.379261323921353,8.34840528266635,4
8,8,40,5.0,0.02,403.4,505.79,0.00018112436578007835,3,0.9629363993185611,0.00018809587622635742,0.0009056218289003918,0.000371726876501859,26.244941694222778,True,2.7642532796464e-06,3,0.14111077460224752,1.3821266398232001e-05,4.9999999999999996e-06,1.2128612766510198e-06,3.6502922162201957e-06,1.5910732035740478e-05,7.244974631203135e-05,5.653901427629087e-05,0.7803894030599487,True,device spread,True,4.869298067695959,4.845617622679321,4
8,8,40,5.0,0.03,403.4,505.79,0.0001811226442818887,3,0.9629272470807546,0.00018809587622635742,0.0009056132214094435,0.00037176207918086026,26.24584676789548,True,4.145902120930153e-06,3,0.14121144100872138,2.0729510604650762e-05,4.9999999999999996e-06,1.2128612766510198e-06,3.6502922162201957e-06,2.2536852692620226e-05,7.244905771275548e-05,4.991220502013526e-05,0.6889282841748768,True,device spread,True,3.3576974716760515,3.3402657420864257,4
8,8,40,10.0,0.01,403.4,505.79,0.00017452118133272782,5,0.9278309808488651,0.0001880958762263573,0.0017452118133272783,0.0003654615545517224,26.419871063436805,True,1.3300219199783825e-06,3,0.14072526996745513,6.650109599891913e-06,4.9999999999999996e-06,1.212318306932354e-06,3.649591234287323e-06,9.532411917618148e-06,6.980847253309113e-05,6.027606061547298e-05,0.863449068977988,True,device spread,True,8.26748296567062,8.234233575961307,4
8,8,40,10.0,0.02,403.4,505.79,0.00017453471532316654,5,0.9279029334653192,0.0001880958762263573,0.0017453471532316654,0.00036547679175248323,26.4195596386781,True,2.6598783064536514e-06,3,0.14050423457138841,1.3299391532268257e-05,4.9999999999999996e-06,1.212318306932354e-06,3.649591234287323e-06,1.5420548848719343e-05,6.981388612926662e-05,5.4393337280547274e-05,0.7791191737963586,True,device spread,True,4.846815295197057,4.822300482632704,4
8,8,40,10.0,0.03,403.4,505.79,0.00017454846079287346,5,0.9279760103981191,0.0001880958762263573,0.0017454846079287345,0.0003654928695031486,26.41925770298112,True,3.989356514674824e-06,3,0.14029011165008876,1.994678257337412e-05,4.9999999999999996e-06,1.212318306932354e-06,3.649591234287323e-06,2.177622199833933e-05,6.981938431714938e-05,4.804316231881005e-05,0.6881063588383642,True,device spread,True,3.350151573028081,3.332207569639043,4
8,8,40,20.0,0.01,403.4,505.79,0.000162389732224837,5,0.8633348879452032,0.0001880958762263573,0.00324779464449674,0.0003521514782917583,26.72341900352924,True,1.2347961595721724e-06,3,0.14020384611666506,6.173980797860862e-06,4.9999999999999996e-06,1.2112335467029042e-06,3.6481901355706753e-06,9.155919751478688e-06,6.49558928899348e-05,5.5799973138456115e-05,0.8590440475201683,True,device spread,True,8.038224635516968,7.985304958604448,4
8,8,40,20.0,0.02,403.4,505.79,0.00016240185322915972,5,0.8633993285090577,0.0001880958762263573,0.0032480370645831943,0.0003521653581382016,26.72311304292737,True,2.469438128697026e-06,3,0.1394136185273786,1.2347190643485128e-05,4.9999999999999996e-06,1.2112335467029042e-06,3.6481901355706753e-06,1.4532386529330447e-05,6.496074129166389e-05,5.042835476233344e-05,0.7762897060536573,True,device spread,True,4.7981653265024296,4.762824395524585,4
8,8,40,20.0,0.03,403.4,505.79,0.00016241408913741912,5,0.8634643799525283,0.0001880958762263573,0.003248281782748382,0.00035217987338929144,26.722816643303055,True,3.703727616374469e-06,3,0.13863060244895734,1.8518638081872344e-05,4.9999999999999996e-06,1.2112335467029042e-06,3.6481901355706753e-06,2.0392994581794876e-05,6.496563565496765e-05,4.457264107317278e-05,0.6860956661749293,True,device spread,True,3.3332917177559085,3.307930419002752,4
8,8,40,50.0,0.01,403.4,505.79,0.00013285234331814175,5,0.7063012011930836,0.0001880958762263573,0.0066426171659070875,0.00031760698290245757,27.570416462564673,True,1.0066339586841428e-06,3,0.1390116519454523,5.033169793420714e-06,4.9999999999999996e-06,1.2079886700806222e-06,3.6439937468114077e-06,8.302549838285651e-06,5.31409373272567e-05,4.483838748897105e-05,0.84376357934456,True,device spread,True,7.324245292806989,7.10780576325868,4
8,8,40,50.0,0.02,403.4,505.79,0.0001328613557398843,5,0.7063491151714406,0.0001880958762263573,0.0066430677869942145,0.00031761770116910094,27.570120367512025,True,2.0131411500008905e-06,3,0.13688129909102698,1.0065705750004452e-05,4.9999999999999996e-06,1.2079886700806222e-06,3.6439937468114077e-06,1.2447135979626515e-05,5.314454229595372e-05,4.06974063163272e-05,0.7657871261679075,True,device spread,True,4.625291051071454,4.50604881579082,4
8,8,40,50.0,0.03,403.4,505.79,0.00013287034252964727,5,0.7063968928789761,0.0001880958762263573,0.0066435171264823635,0.00031762862607413847,27.569831628873803,True,3.0193599117865546e-06,3,0.13475883105946435,1.5096799558932772e-05,4.9999999999999996e-06,1.2079886700806222e-06,3.6439937468114077e-06,1.711123855564152e-05,5.314813701185891e-05,3.603689845621739e-05,0.6780463151168685,True,device spread,True,3.269471283116527,3.1847059663260966,4
8,8,60,1.0,0.01,403.4,336.8506,0.00022238056817279014,3,0.990902522316407,0.00022442224453414136,0.00022238056817279014,0.00045017142465079627,26.125621770093144,True,2.016412515063685e-06,3,0.14290814055766374,1.0082062575318426e-05,4.9999999999999996e-06,1.215594840521506e-06,3.653817959300824e-06,1.2469393566846605e-05,8.895222726911607e-05,7.648283370226947e-05,0.8598192091455822,True,device spread,True,7.834120332805808,7.796492438299406,4
8,8,60,1.0,0.02,403.4,336.8506,0.00022237712667474052,1,0.9908871873924717,0.00022442224453414104,0.00022237712667474052,0.00044893170280877544,26.101803224131473,True,4.032892704803376e-06,3,0.14499885474425106,2.0164463524016877e-05,4.9999999999999996e-06,1.215594840521506e-06,3.653817959300824e-06,2.1990714315783428e-05,8.895085066989621e-05,6.696013635411278e-05,0.7527767958353457,True,device spread,True,4.247962069707975,4.2233230007942675,4
8,8,60,1.0,0.03,403.4,336.8506,0.0002223748925604908,1,0.990877232433442,0.00022442224453414104,0.0002223748925604908,0.00044897625829980637,26.102752500256372,True,6.049190417388715e-06,3,0.14708933787497017,3.0245952086943575e-05,4.9999999999999996e-06,1.215594840521506e-06,3.653817959300824e-06,3.187203980150298e-05,8.894995702419633e-05,5.7077917222693355e-05,0.6416857200635512,True,device spread,True,2.8798234476072375,2.8620855171670394,4
8,8,60,2.0,0.01,403.4,336.8506,0.00022037227028679719,3,0.9819537753231585,0.00022442224453414136,0.00044074454057359437,0.000447820356334161,26.158937707545427,True,1.997411004647346e-06,3,0.14281598343138854,9.987055023236731e-06,4.9999999999999996e-06,1.2154858186307071e-06,3.6536774493678165e-06,1.2384248867292722e-05,8.814890811471888e-05,7.576465924742615e-05,0.8595076316637343,True,device spread,True,7.8197359204167585,7.783846178289152,4
8,8,60,2.0,0.02,403.4,336.8506,0.00022037393010130175,3,0.9819611712678342,0.00022442224453414136,0.0004407478602026035,0.0004478779080621376,26.159988484055763,True,3.994887316211228e-06,3,0.14481041395559727,1.997443658105614e-05,4.9999999999999996e-06,1.2154858186307071e-06,3.6536774493678165e-06,2.1806214720994356e-05,8.81495720405207e-05,6.634335731952636e-05,0.7526225684797376,True,device spread,True,4.2457110986272255,4.2226973668857495,4
8,8,60,2.0,0.03,403.4,336.8506,0.00022037885573102008,3,0.9819831193137089,0.00022442224453414136,0.00044075771146204017,0.0004479422233982293,26.161041551389307,True,5.992179600852711e-06,3,0.14680467011588078,2.9960898004263555e-05,4.9999999999999996e-06,1.2154858186307071e-06,3.6536774493678165e-06,3.159072917933292e-05,8.815154229240804e-05,5.656081311307512e-05,0.6416315771930217,True,device spread,True,2.8791448271924214,2.8625792123196936,4
8,8,60,5.0,0.01,403.4,336.8506,0.0002145157432584842,5,0.9558577568982923,0.00022442224453414115,0.001072578716292421,0.0004420926066641186,26.28108163170743,True,1.942139483262372e-06,3,0.14254954367581904,9.71069741631186e-06,4.9999999999999996e-06,1.2151588478925704e-06,3.6532559890591065e-06,1.2137504947113462e-05,8.580629730339368e-05,7.366879235628021e-05,0.8585476202964718,True,device spread,True,7.775723026817661,7.741299145103987,4
8,8,60,5.0,0.02,403.4,336.8506,0.0002145338249266284,3,0.9559383267552668,0.00022442224453414136,0.001072669124633142,0.0004409843062156691,26.25854716328877,True,3.884337541523816e-06,3,0.1442650124898574,1.942168770761908e-05,4.9999999999999996e-06,1.2151588478925704e-06,3.6532559890591065e-06,2.1270132131651443e-05,8.581352997065136e-05,6.454339783899991e-05,0.752135448350325,True,device spread,True,4.238682857273378,4.216650886111603,4
8,8,60,5.0,0.03,403.4,336.8506,0.00021453779104830224,3,0.9559559993424119,0.00022442224453414136,0.0010726889552415111,0.0004410465410466568,26.259612315141844,True,5.82634745276596e-06,3,0.14598047343623463,2.9131737263829803e-05,4.9999999999999996e-06,1.2151588478925704e-06,3.6532559890591065e-06,3.077286708125887e-05,8.58151164193209e-05,5.504224933806203e-05,0.6414050535002188,True,device spread,True,2.8769767973174596,2.861435980542007,4
8,8,60,10.0,0.01,403.4,336.8506,0.00020525366357456777,5,0.914586983124762,0.00022442224453414115,0.0020525366357456777,0.0004321519000496234,26.46691018446596,True,1.855432472804918e-06,3,0.14213635308854353,9.27716236402459e-06,4.9999999999999996e-06,1.2146142129130936e-06,3.652553786752822e-06,1.1753387458811989e-05,8.210146542982712e-05,7.034807797101513e-05,0.856843146498308,True,device spread,True,7.6996108129813114,7.661357914770425,4
8,8,60,10.0,0.02,403.4,336.8506,0.00020527575764700258,5,0.9146854317989596,0.00022442224453414115,0.002052757576470026,0.0004321802349105431,26.466544749780883,True,3.7109134203979914e-06,3,0.14341730439876846,1.8554567101989956e-05,4.9999999999999996e-06,1.2146142129130936e-06,3.652553786752822e-06,2.043106446633524e-05,8.211030305880103e-05,6.16792385924658e-05,0.7511753859719152,True,device spread,True,4.2260693992167,4.2022195006830465,4
8,8,60,10.0,0.03,403.4,336.8506,0.00020530031558614053,5,0.9147948591829915,0.00022442224453414115,0.0020530031558614052,0.0004322145067536426,26.466194447838525,True,5.566200905397614e-06,3,0.14469851335109682,2.783100452698807e-05,4.9999999999999996e-06,1.2146142129130936e-06,3.652553786752822e-06,2.949119132155958e-05,8.212012623445622e-05,5.262893491289664e-05,0.640877423430146,True,device spread,True,2.8729352448301504,2.8561822248358397,4
8,8,60,20.0,0.01,403.4,336.8506,0.00018849502964249178,5,0.8399124161411557,0.00022442224453414115,0.0037699005928498357,0.00041360324992407614,26.825680793368907,True,1.6999165632472138e-06,3,0.14140955324594243,8.49958281623607e-06,4.9999999999999996e-06,1.2135261273999104e-06,3.6511502497271796e-06,1.1074708006366318e-05,7.539801185699672e-05,6.432330385063041e-05,0.8531167104595396,True,device spread,True,7.5378570168083465,7.4726138572326635,4
8,8,60,20.0,0.02,403.4,336.8506,0.0001885143043558756,5,0.839998302072044,0.00022442224453414115,0.0037702860871175123,0.0004136287282674014,26.825327698397817,True,3.3998648682407233e-06,3,0.14191947535705338,1.6999324341203615e-05,4.9999999999999996e-06,1.2135261273999104e-06,3.6511502497271796e-06,1.8932923071354797e-05,7.540572174235025e-05,5.647279867099545e-05,0.7489192778228994,True,device spread,True,4.197588833017922,4.15911997047646,4
8,8,60,20.0,0.03,403.4,336.8506,0.00018853553565661906,5,0.8400929063337005,0.00022442224453414115,0.0037707107131323813,0.00041365937971486695,26.824993144123717,True,5.099613606241551e-06,3,0.14243014207084012,2.5498068031207755e-05,4.9999999999999996e-06,1.2135261273999104e-06,3.6511502497271796e-06,2.719720318289186e-05,7.541421426264763e-05,4.821701107975577e-05,0.6393623742047986,True,device spread,True,2.863326961051341,2.8366306281189932,4
8,8,60,50.0,0.01,403.4,336.8506,0.00014914923492984335,5,0.664592029366115,0.00022442224453414115,0.007457461746492168,0.00036667139635703183,27.813120049418313,True,1.341091949797006e-06,3,0.13980248896911832,6.7054597489850295e-06,4.9999999999999996e-06,1.2102713166524913e-06,3.6469465654885872e-06,9.574671501080445e-06,5.965969397193734e-05,5.00850224708569e-05,0.8395118904635319,True,device spread,True,6.992587374721854,6.702733449830066,4
8,8,60,50.0,0.02,403.4,336.8506,0.00014916264452693447,5,0.6646517810057928,0.00022442224453414115,0.007458132226346724,0.00036669046021373835,27.812790742229566,True,2.682183683399894e-06,3,0.1385631307935225,1.341091841699947e-05,4.9999999999999996e-06,1.2102713166524913e-06,3.6469465654885872e-06,1.5522948661839017e-05,5.966505781077379e-05,4.4142109148934776e-05,0.7398318340515205,True,device spread,True,4.088031003177647,3.9461991023534924,4
8,8,60,50.0,0.03,403.4,336.8506,0.00014917709647630444,5,0.6647161772486875,0.00022442224453414115,0.007458854823815222,0.00036671305418390076,27.81248440415756,True,4.0230778530265525e-06,3,0.1373256691703316,2.011538926513276e-05,4.9999999999999996e-06,1.2102713166524913e-06,3.6469465654885872e-06,2.193776236809956e-05,5.967083859052178e-05,3.773307622242222e-05,0.6323537110205085,True,device spread,True,2.823445688623608,2.72512470778734,4
8,8,100,1.0,0.01,403.4,202.0276,0.00026268067033350376,3,0.9891898358160998,0.0002655513237424113,0.00026268067033350376,0.0005314897982138579,26.121336337940097,True,2.8038194902777242e-06,3,0.14477310493456147,1.401909745138862e-05,4.9999999999999996e-06,1.2174345565794942e-06,3.6561876995643266e-06,1.6101489560224533e-05,0.00010507226813340151,8.897077857317697e-05,0.8467579519670992,True,device spread,True,7.015246674877595,6.978018053249554,4
8,8,100,1.0,0.02,403.4,202.0276,0.00026268426688939286,1,0.9892033795478269,0.00026555132374241183,0.00026268426688939286,0.0005297571183693393,26.09285477915448,True,5.60838257630395e-06,3,0.1487834953164426,2.804191288151975e-05,4.9999999999999996e-06,1.2174345565794942e-06,3.6561876995643266e-06,2.970162101248417e-05,0.00010507370675575715,7.537208574327298e-05,0.7173258474498734,True,device spread,True,3.668397224239061,3.64636900180064,4
8,8,100,1.0,0.03,403.4,202.0276,0.00026269100608231034,1,0.9892287576661601,0.00026555132374241183,0.00026269100608231034,0.0005298396530883285,26.093985077176786,True,8.413604631171825e-06,3,0.15278128727569065,4.2068023155859125e-05,4.9999999999999996e-06,1.2174345565794942e-06,3.6561876995643266e-06,4.3581553480993576e-05,0.00010507640243292414,6.149484895193056e-05,0.5852393832305592,True,device spread,True,2.46743043250004,2.4518478370672034,4
8,8,100,2.0,0.01,403.4,202.0276,0.0002598638016127345,3,0.9785822113423401,0.0002655513237424113,0.000519727603225469,0.0005281910812731849,26.160905522527933,True,2.772432282133702e-06,3,0.14464305359652624,1.386216141066851e-05,4.9999999999999996e-06,1.2173252674958519e-06,3.656046994195963e-06,1.5953658562295722e-05,0.0001039455206450938,8.799186208279808e-05,0.8465190374410931,True,device spread,True,7.006681494280395,6.971114919285992,4
8,8,100,2.0,0.02,403.4,202.0276,0.00025987237304687445,3,0.9786144892237648,0.0002655513237424113,0.0005197447460937489,0.0005282833612913818,26.16213640417106,True,5.545593398089272e-06,3,0.14851971867536512,2.7727966990446362e-05,4.9999999999999996e-06,1.2173252674958519e-06,3.656046994195963e-06,2.9392494360569332e-05,0.00010394894921874979,7.455645485818045e-05,0.7172410632192551,True,device spread,True,3.6672835342091243,3.6467595802616692,4
8,8,100,2.0,0.03,403.4,202.0276,0.0002598897218746468,3,0.9786798205786527,0.0002655513237424113,0.0005197794437492935,0.0005283932950690352,26.163363874827734,True,8.319394278104524e-06,3,0.1523838481553194,4.159697139052262e-05,4.9999999999999996e-06,1.2173252674958519e-06,3.656046994195963e-06,4.3113721638352826e-05,0.00010395588874985872,6.084216711150589e-05,0.5852690775210037,True,device spread,True,2.4671477390770886,2.4528632524242835,4
8,8,100,5.0,0.01,403.4,202.0276,0.0002516887052355531,5,0.9477968390008654,0.0002655513237424115,0.0012584435261777654,0.000520186117002773,26.305900614410103,True,2.681691524904429e-06,3,0.14426974619938682,1.3408457624522145e-05,4.9999999999999996e-06,1.2169974955150709e-06,3.6556249477380683e-06,1.5527369114330778e-05,0.00010067548209422124,8.514811297989046e-05,0.8457681176058451,True,device spread,True,6.980100492367904,6.945609694434404,4
8,8,100,5.0,0.02,403.4,202.0276,0.00025172686642869596,5,0.9479405445286898,0.0002655513237424115,0.0012586343321434798,0.0005202391059544696,26.305468500725546,True,5.364069866661353e-06,3,0.1477619144597147,2.6820349333306765e-05,4.9999999999999996e-06,1.2169974955150709e-06,3.6556249477380683e-06,2.849943027488078e-05,0.00010069074657147838,7.21913162965976e-05,0.7169607809527005,True,device spread,True,3.6636915280736555,3.6438165502660183,4
8,8,100,5.0,0.03,403.4,202.0276,0.00025174602577775657,3,0.9480126938548193,0.0002655513237424113,0.001258730128888783,0.0005187603089224012,26.280082339445897,True,8.047033912176706e-06,3,0.15124173602260915,4.023516956088353e-05,4.9999999999999996e-06,1.2169974955150709e-06,3.6556249477380683e-06,4.17616502822026e-05,0.00010069841031110263,5.893676002890003e-05,0.5852799448056618,True,device spread,True,2.466170090538424,2.452426727122735,4
8,8,100,10.0,0.01,403.4,202.0276,0.00023890149444230822,5,0.8996433950148409,0.0002655513237424115,0.0023890149444230823,0.0005063918039197994,26.525356028457345,True,2.5409966851925285e-06,3,0.14369835517644114,1.2704983425962642e-05,4.9999999999999996e-06,1.2164515262548178e-06,3.6549217690370374e-06,1.4869898118745135e-05,9.55605977769233e-05,8.069069965817817e-05,0.8443929981114452,True,device spread,True,6.932927743771898,6.892398186885179,4
8,8,100,10.0,0.02,403.4,202.0276,0.00023893644308733164,5,0.8997750028883431,0.0002655513237424115,0.0023893644308733164,0.0005064415227190807,26.524938232107473,True,5.082616972599354e-06,3,0.14659993766112048,2.5413084862996772e-05,4.9999999999999996e-06,1.2164515262548178e-06,3.6549217690370374e-06,2.711673882685972e-05,9.557457723493267e-05,6.845783840807295e-05,0.7162766541963995,True,device spread,True,3.6568964521186156,3.6339631820839307,4
8,8,100,10.0,0.03,403.4,202.0276,0.00023897796126276947,5,0.899931349973542,0.0002655513237424115,0.0023897796126276945,0.00050650670226507,26.524546893005052,True,7.6247434027489835e-06,3,0.14948948637692888,3.8123717013744914e-05,4.9999999999999996e-06,1.2164515262548178e-06,3.6549217690370374e-06,3.966665047169727e-05,9.559118450510779e-05,5.5924534033410526e-05,0.5850386133715318,True,device spread,True,2.464129324531823,2.4483294214327525,4
8,8,100,20.0,0.01,403.4,202.0276,0.00021618967160901245,5,0.8141163394038263,0.0002655513237424115,0.004323793432180249,0.00048098266101021875,26.94588957794112,True,2.2936092033870674e-06,3,0.14271370990394128,1.1468046016935336e-05,4.9999999999999996e-06,1.2153607763815827e-06,3.6535162811753095e-06,1.3725999427007955e-05,8.647586864360499e-05,7.274986921659703e-05,0.8412736449797661,True,device spread,True,6.828388750529153,6.752133472787165,4
8,8,100,20.0,0.02,403.4,202.0276,0.0002162192612380227,5,0.814227766560706,0.0002655513237424115,0.004324385224760454,0.00048102668765296307,26.945495856297757,True,4.587736552333996e-06,3,0.14459031869423847,2.293868276166998e-05,4.9999999999999996e-06,1.2153607763815827e-06,3.6535162811753095e-06,2.4692651225676097e-05,8.648770449520908e-05,6.179505326953298e-05,0.7144952410311233,True,device spread,True,3.6404502290266483,3.5986045962721493,4
8,8,100,20.0,0.03,403.4,202.0276,0.0002162540130321024,5,0.8143586331426907,0.0002655513237424115,0.004325080260642048,0.00048108419115693165,26.945138208343685,True,6.882242566620467e-06,3,0.14645549682847384,3.441121283310234e-05,4.9999999999999996e-06,1.2153607763815827e-06,3.6535162811753095e-06,3.5987929974602574e-05,8.650160521284096e-05,5.0513675238238386e-05,0.583962287334984,True,device spread,True,2.4586346860247796,2.4300561583132785,4
8,8,100,50.0,0.01,403.4,202.0276,0.0001649856479808087,5,0.6212947676391442,0.0002655513237424115,0.008249282399040435,0.00041849752666224413,28.084934576834314,True,1.7462749335156242e-06,3,0.14061723560618244,8.73137466757812e-06,4.9999999999999996e-06,1.2120980060347127e-06,3.6493067600049762e-06,1.1273753117676382e-05,6.599425919232348e-05,5.47205060746471e-05,0.8291706997600822,True,device spread,True,6.444179294132681,6.049640594992839,4
8,8,100,50.0,0.02,403.4,202.0276,0.00016500476748741762,5,0.6213667669285451,0.0002655513237424115,0.008250238374370882,0.000418529298153659,28.084587453470938,True,3.492861043987364e-06,3,0.14026346667853537,1.746430521993682e-05,4.9999999999999996e-06,1.2120980060347127e-06,3.6493067600049762e-06,1.9378053990103166e-05,6.600190699496705e-05,4.662385300486389e-05,0.7064016045539286,True,device spread,True,3.5705838330826247,3.38547548992764,4
8,8,100,50.0,0.03,403.4,202.0276,0.0001650265621719001,5,0.6214488402700571,0.0002655513237424115,0.008251328108595005,0.0004185703819777258,28.08429283752284,True,5.239599397497079e-06,3,0.13989979885387405,2.6197996987485394e-05,4.9999999999999996e-06,1.2120980060347127e-06,3.6493067600049762e-06,2.7882963124292384e-05,6.601062486876005e-05,3.812766174446766e-05,0.5775988610965539,True,device spread,True,2.432567167024719,2.3114487705785858,4
16,16,20,1.0,0.01,403.4,1016.0459,0.0001251274432309096,6,0.9896934566583974,0.00012643050470737688,0.0001251274432309096,0.0005101208647718192,32.20641033332123,True,8.85917142161125e-07,9,0.228778162832287,4.429585710805625e-06,4.9999999999999996e-06,2.4125745805641478e-06,7.283580634088842e-06,9.092486972906832e-06,5.005097729236384e-05,4.095849031945701e-05,0.8183354758530549,True,absolute signal (comparator noise),True,7.146508466890776,7.130265213639595,10
16,16,20,1.0,0.02,403.4,1016.0459,0.0001251122633893889,6,0.9895733919512616,0.00012643050470737688,0.0001251122633893889,0.0005101122482444257,32.20731741045048,True,1.77177214820739e-06,9,0.22810350546211755,8.85886074103695e-06,4.9999999999999996e-06,2.4125745805641478e-06,7.283580634088842e-06,1.2585057740003917e-05,5.004490535575556e-05,3.745984761575164e-05,0.7485246969588577,True,device spread,True,4.699580263900137,4.680897561733633,10
16,16,20,1.0,0.03,403.4,1016.0459,0.0001250936808563169,15,0.9894264137112001,0.00012643050470737688,0.0001250936808563169,0.0005086736663759016,32.1840776680797,True,2.6574768619680475e-06,9,0.2274254489076453,1.3287384309840238e-05,4.9999999999999996e-06,2.4125745805641478e-06,7.283580634088842e-06,1.660956657877942e-05,5.003747234252677e-05,3.342790576374735e-05,0.6680574417292663,True,device spread,True,3.369129427125004,3.353014490847491,10
16,16,20,2.0,0.01,403.4,1016.0459,0.00012385982906763836,6,0.9796672832581952,0.00012643050470737688,0.0002477196581352767,0.0005072740105188669,32.246242721680495,True,8.768499789058108e-07,9,0.22862729239070467,4.3842498945290545e-06,4.9999999999999996e-06,2.412143913293639e-06,7.283022574647085e-06,9.062079787997846e-06,4.954393162705535e-05,4.0481851839057504e-05,0.8170900150554634,True,absolute signal (comparator noise),True,7.102695158493153,7.085528891645249,10
16,16,20,2.0,0.02,403.4,1016.0459,0.00012384479156076432,6,0.979548344344609,0.00012643050470737688,0.00024768958312152865,0.0005072654888036308,32.24715140165934,True,1.7536379293477838e-06,9,0.2279562801128375,8.768189646738919e-06,4.9999999999999996e-06,2.412143913293639e-06,7.283022574647085e-06,1.2505763169099732e-05,4.953791662430573e-05,3.7032153455206e-05,0.747551693303069,True,device spread,True,4.686448597762246,4.666836249345187,10
16,16,20,2.0,0.03,403.4,1016.0459,0.00012382838959386903,6,0.9794186132568999,0.00012643050470737688,0.00024765677918773806,0.0005072521501614042,32.24807343433203,True,2.6302769642014714e-06,9,0.2272819118259715,1.3151384821007357e-05,4.9999999999999996e-06,2.412143913293639e-06,7.283022574647085e-06,1.6481931499118193e-05,4.9531355837547617e-05,3.304942433842943e-05,0.6672424725627248,True,device spread,True,3.3639082255232515,3.3470155140492928,10
16,16,20,5.0,0.01,403.4,1016.0459,0.00012016704742946752,8,0.950459287555595,0.00012643050470737666,0.0006008352371473376,0.0005000456055038866,32.38448449036173,True,8.504883463729872e-07,9,0.22815904378864327,4.252441731864936e-06,4.9999999999999996e-06,2.4108526571556006e-06,7.281348945803933e-06,8.97463667880854e-06,4.806681897178701e-05,3.909218229297847e-05,0.8132883167476459,True,absolute signal (comparator noise),True,6.971796446174738,6.949880843124317,10
16,16,20,5.0,0.02,403.4,1016.0459,0.0001201590131098736,8,0.9503957402367537,0.00012643050470737666,0.000600795065549368,0.0005000351653428259,32.38488389527578,True,1.7009150564023316e-06,9,0.22750167862287768,8.504575282011657e-06,4.9999999999999996e-06,2.4108526571556006e-06,7.281348945803933e-06,1.2276337983656454e-05,4.8063605243949445e-05,3.578726726029299e-05,0.7445814162015681,True,device spread,True,4.646343516159803,4.6226726993991125,10
16,16,20,5.0,0.03,403.4,1016.0459,0.00012014972118799023,8,0.9503222459332635,0.00012643050470737666,0.0006007486059399511,0.0005000200550367859,32.38529312452234,True,2.5511969107218934e-06,9,0.22684108729747823,1.2755984553609466e-05,4.9999999999999996e-06,2.4108526571556006e-06,7.281348945803933e-06,1.6111770215185185e-05,4.805988847519609e-05,3.194811826001091e-05,0.6647563961056518,True,device spread,True,3.347795462195795,3.3276534278157257,10
16,16,20,10.0,0.01,403.4,1016.0459,0.00011436746022612815,8,0.9045875478456056,0.00012643050470737666,0.0011436746022612816,0.0004877357653224749,32.59764252982902,True,8.091801766678585e-07,9,0.2273321987948162,4.045900883339292e-06,4.9999999999999996e-06,2.4087030460604635e-06,7.278561394548355e-06,8.840601207397104e-06,4.5746984090451264e-05,3.690638288305416e-05,0.8067500758100817,True,absolute signal (comparator noise),True,6.754486468851509,6.715873968757019,8
16,16,20,10.0,0.02,403.4,1016.0459,0.00011435990218144523,8,0.9045277676153486,0.00012643050470737666,0.0011435990218144523,0.00048772576481527404,32.598038464384054,True,1.6182995669547952e-06,9,0.22670581847297738,8.091497834773975e-06,4.9999999999999996e-06,2.4087030460604635e-06,7.278561394548355e-06,1.1920397806204521e-05,4.574396087257809e-05,3.382356306637357e-05,0.7394104581496705,True,device spread,True,4.576506841487771,4.543074781932619,8
16,16,20,10.0,0.03,403.4,1016.0459,0.00011435119123878261,8,0.9044588685574607,0.00012643050470737666,0.0011435119123878261,0.00048771128420716723,32.59844221667876,True,2.4272806305434062e-06,9,0.22607642906906242,1.2136403152717031e-05,4.9999999999999996e-06,2.4087030460604635e-06,7.278561394548355e-06,1.5534718491932827e-05,4.574047649551305e-05,3.0205758003580222e-05,0.6603726134454083,True,device spread,True,3.318925577042766,3.2911788059668234,8
16,16,20,20.0,0.01,403.4,1016.0459,0.00010396851752935066,8,0.8223372814178488,0.00012643050470737666,0.002079370350587013,0.0004648649255009723,33.00849856018452,True,7.352814170241955e-07,9,0.22554203180001528,3.6764070851209777e-06,4.9999999999999996e-06,2.404413109852654e-06,7.272993144185388e-06,8.61053662260421e-06,4.158740701174027e-05,3.297687038913606e-05,0.7929532702009187,True,absolute signal (comparator noise),True,6.326356399249609,6.118701329657153,8
16,16,20,20.0,0.02,403.4,1016.0459,0.00010396180232578752,8,0.8222841676255825,0.00012643050470737666,0.0020792360465157504,0.0004648557259142631,33.00888769586796,True,1.4705042767024635e-06,9,0.22500325439359378,7.352521383512317e-06,4.9999999999999996e-06,2.404413109852654e-06,7.272993144185388e-06,1.1295958009081689e-05,4.158472093031501e-05,3.028876292123332e-05,0.7283627794927198,True,device spread,True,4.42391651908907,4.315674212572876,8
16,16,20,20.0,0.03,403.4,1016.0459,0.00010395411658377265,8,0.8222233773753763,0.00012643050470737666,0.002079082331675453,0.00046484239391195804,33.009280740789386,True,2.2056009729381362e-06,9,0.2244619020815902,1.1028004864690682e-05,4.9999999999999996e-06,2.404413109852654e-06,7.272993144185388e-06,1.4512959318858974e-05,4.158164663350906e-05,2.7068687314650085e-05,0.6509768012129771,True,device spread,True,3.2511838938895057,3.1807575567189015,8
16,16,20,50.0,0.01,403.4,1016.0459,8.00857581197481e-05,8,0.6334369882102941,0.00012643050470737666,0.0040042879059874045,0.00040761290008912217,34.133852578811705,True,5.662788696490489e-07,9,0.21962782301066563,2.8313943482452448e-06,4.9999999999999996e-06,2.3916171267729944e-06,7.256342993006474e-06,8.137641313571647e-06,3.2034303247899236e-05,2.389666193432759e-05,0.7459710220447732,True,absolute signal (comparator noise),True,5.165474155240844,4.019991604268895,8
16,16,20,50.0,0.02,403.4,1016.0459,8.008091256036939e-05,8,0.6333986623379905,0.00012643050470737666,0.004004045628018469,0.0004076056050579088,34.13422267887452,True,1.1325075773760534e-06,9,0.21948007552621027,5.662537886880267e-06,4.9999999999999996e-06,2.3916171267729944e-06,7.256342993006474e-06,9.94571107114213e-06,3.203236502414776e-05,2.2086653953005627e-05,0.6895105602210606,True,device spread,True,3.935512592964471,3.1207859062181322,8
16,16,20,50.0,0.03,403.4,1016.0459,8.00754830219187e-05,8,0.6333557174928105,0.00012643050470737666,0.004003774151095935,0.00040759501193312535,34.13458587026641,True,1.6986399516863115e-06,9,0.21933102715572797,8.493199758431557e-06,4.9999999999999996e-06,2.3916171267729944e-06,7.256342993006474e-06,1.2247297830642305e-05,3.2030193208767477e-05,1.9782895378125174e-05,0.6176327207639226,True,device spread,True,3.0192137243852994,2.42005233596686,8
16,16,40,1.0,0.01,403.4,505.79,0.0001852240744709175,6,0.9847322450037884,0.00018809587622491727,0.0001852240744709175,0.0007533466576732572,32.18594864858551,True,1.9287821673193533e-06,9,0.2306496825997981,9.643910836596766e-06,4.9999999999999996e-06,2.4263744947856936e-06,7.3014258878288316e-06,1.3289385873967276e-05,7.408962978836701e-05,6.080024391439973e-05,0.8206309585845187,True,device spread,True,6.6231487941277205,6.595024728244568,10
16,16,40,1.0,0.02,403.4,505.79,0.00018519574671884575,6,0.984581642275859,0.00018809587622491727,0.00018519574671884575,0.0007533470061074049,32.187281167895975,True,3.857271938134658e-06,9,0.23072732175240057,1.9286359690673288e-05,4.9999999999999996e-06,2.4263744947856936e-06,7.3014258878288316e-06,2.235032164684438e-05,7.40782986875383e-05,5.172797704069392e-05,0.6982878650990911,True,device spread,True,3.6139099541345727,3.5943883377923576,10
16,16,40,1.0,0.03,403.4,505.79,0.00018516777988146358,6,0.9844329583283772,0.00018809587622491727,0.00018516777988146358,0.0007533495048964679,32.18862175352031,True,5.78518044777975e-06,9,0.230804725999548,2.892590223889875e-05,4.9999999999999996e-06,2.4263744947856936e-06,7.3014258878288316e-06,3.1781234745420984e-05,7.406711195258543e-05,4.228587720716445e-05,0.5709130016333571,True,device spread,True,2.453424600311587,2.438679673705512,10
16,16,40,2.0,0.01,403.4,505.79,0.00018245199910707987,6,0.9699946791439027,0.00018809587622491727,0.00036490399821415974,0.0007471232774406626,32.24487282586437,True,1.899704491263796e-06,9,0.23038504157102857,9.49852245631898e-06,4.9999999999999996e-06,2.425939835631538e-06,7.3008648944746304e-06,1.3160087629154597e-05,7.298079964283195e-05,5.9820712013677354e-05,0.8196773988013276,True,device spread,True,6.600057613074886,6.569530662550437,10
16,16,40,2.0,0.02,403.4,505.79,0.00018242398569706675,6,0.9698457475959318,0.00018809587622491727,0.0003648479713941335,0.0007471236033828459,32.24621033623116,True,3.7991167686907118e-06,9,0.23043303109354382,1.899558384345356e-05,4.9999999999999996e-06,2.425939835631538e-06,7.3008648944746304e-06,2.2068551819623737e-05,7.29695942788267e-05,5.090104245920296e-05,0.6975651017696931,True,device spread,True,3.609769820405851,3.5886936498610305,10
16,16,40,2.0,0.03,403.4,505.79,0.00018239631272701419,6,0.9696986259757882,0.00018809587622491727,0.00036479262545402837,0.0007471260105828285,32.24755603551127,True,5.6979519203095e-06,9,0.23048081763412978,2.8489759601547502e-05,4.9999999999999996e-06,2.425939835631538e-06,7.3008648944746304e-06,3.1351126129827955e-05,7.295852509080568e-05,4.160739896097772e-05,0.5702883783518417,True,device spread,True,2.4519343591689555,2.436092745788218,10
16,16,40,5.0,0.01,403.4,505.79,0.00017448377379919108,8,0.9276321060359144,0.0001880958762249177,0.0008724188689959554,0.000731484285099357,32.44899909217417,True,1.816423834155238e-06,9,0.22956373267391783,9.08211917077619e-06,4.9999999999999996e-06,2.424636613864708e-06,7.299182468574646e-06,1.2792128530050627e-05,6.979350951967644e-05,5.700138098962581e-05,0.816714639827014,True,device spread,True,6.5286909808461004,6.4871962760948145,10
16,16,40,5.0,0.02,403.4,505.79,0.00017447093219778527,8,0.9275638344625894,0.0001880958762249177,0.0008723546609889263,0.0007314797052977828,32.44958399477866,True,3.632556770237625e-06,9,0.22953356558443597,1.8162783851188127e-05,4.9999999999999996e-06,2.424636613864708e-06,7.299182468574646e-06,2.1263073842705645e-05,6.978837287911412e-05,4.852529903640847e-05,0.6953206821494882,True,device spread,True,3.5966090575276657,3.5687771925738305,10
16,16,40,5.0,0.03,403.4,505.79,0.0001744583668422483,8,0.927497031533205,0.0001880958762249177,0.0008722918342112416,0.0007314770161414289,32.45017764083379,True,5.448125364459572e-06,9,0.22950330128432256,2.724062682229786e-05,4.9999999999999996e-06,2.424636613864708e-06,7.299182468574646e-06,3.0120335732531016e-05,6.978334673689933e-05,3.966301100436832e-05,0.5683735856623184,True,device spread,True,2.4470949235001678,2.4265324006243714,10
16,16,40,10.0,0.01,403.4,505.79,0.0001623276835323619,8,0.8630050099463998,0.0001880958762249177,0.001623276835323619,0.0007053399049394386,32.76011727559316,True,1.689621034401098e-06,9,0.2281199490740809,8.44810517200549e-06,4.9999999999999996e-06,2.4224670934058085e-06,7.2963802711413506e-06,1.2239313888444727e-05,6.493107341294477e-05,5.2691759524500044e-05,0.8115029793115253,True,device spread,True,6.395926919999605,6.322624820269745,8
16,16,40,10.0,0.02,403.4,505.79,0.0001623157228577991,8,0.8629414217657185,0.0001880958762249177,0.001623157228577991,0.0007053353941175827,32.76070174678982,True,3.378955424270038e-06,9,0.22799172126989561,1.6894777121350192e-05,4.9999999999999996e-06,2.4224670934058085e-06,7.2963802711413506e-06,2.0041590056257788e-05,6.492628914311964e-05,4.488469908686185e-05,0.6913177955992633,True,device spread,True,3.5673903000227116,3.527178981447746,8
16,16,40,10.0,0.03,403.4,505.79,0.0001623039659259359,8,0.8628789167703983,0.0001880958762249177,0.001623039659259359,0.0007053324993609048,32.761295262478704,True,5.067747592248858e-06,9,0.22786359990793836,2.533873796124429e-05,4.9999999999999996e-06,2.4224670934058085e-06,7.2963802711413506e-06,2.824980999716969e-05,6.492158637037436e-05,3.667177637320467e-05,0.5648626046195798,True,device spread,True,2.4342365897914795,2.4052787811400766,8
16,16,40,20.0,0.01,403.4,505.79,0.00014157612789082844,8,0.7526806580359967,0.0001880958762249177,0.0028315225578165685,0.0006583543541564746,33.349393640152336,True,1.4736576724658228e-06,9,0.22505198232146706,7.368288362329114e-06,4.9999999999999996e-06,2.418137463114584e-06,7.290782786726789e-06,1.132272467367267e-05,5.6630451156331374e-05,4.5307726482658704e-05,0.8000594301744889,True,device spread,True,6.111361294383896,5.728567676853843,8
16,16,40,20.0,0.02,403.4,505.79,0.0001415657030396992,8,0.7526252349648562,0.0001880958762249177,0.002831314060793984,0.0006583500261318305,33.349976141349565,True,2.947042156092612e-06,9,0.2248246780263517,1.473521078046306e-05,4.9999999999999996e-06,2.418137463114584e-06,7.290782786726789e-06,1.7978549949442664e-05,5.662628121587968e-05,3.8647731266437016e-05,0.6825051978797267,True,device spread,True,3.501321629994582,3.3038359086659055,8
16,16,40,20.0,0.03,403.4,505.79,0.00014155538764182155,8,0.7525703937951045,0.0001880958762249177,0.002831107752836431,0.0006583468822931364,33.35056759673315,True,4.4199293488683875e-06,9,0.22459795669153623,2.209964674434194e-05,4.9999999999999996e-06,2.418137463114584e-06,7.290782786726789e-06,2.507634538485242e-05,5.662215505672862e-05,3.15458096718762e-05,0.5571283827023376,True,device spread,True,2.405210095867346,2.2719878304893997,8
16,16,40,50.0,0.01,403.4,505.79,9.87166657109763e-05,8,0.5248209992277277,0.0001880958762249177,0.004935833285548815,0.0005489801827043327,34.90332378705289,True,1.029112345001027e-06,9,0.21563570090658019,5.145561725005135e-06,4.9999999999999996e-06,2.405223386557436e-06,7.2740453971839895e-06,9.579957211992203e-06,3.948666628439052e-05,2.990670907239832e-05,0.7573875408221216,True,device spread,True,5.183038527994545,2.955198428708044,8
16,16,40,50.0,0.02,403.4,505.79,9.870950837973647e-05,8,0.5247829477223812,0.0001880958762249177,0.0049354754189868235,0.0005489765186583663,34.903895597470736,True,2.058003317134647e-06,9,0.2155736264587262,1.0290016585673235e-05,4.9999999999999996e-06,2.405223386557436e-06,7.2740453971839895e-06,1.3845697211248013e-05,3.948380335189459e-05,2.563810614064658e-05,0.6493322315520134,True,device spread,True,3.255626924549986,1.9037867013534147,8
16,16,40,50.0,0.03,403.4,505.79,9.870237069710538e-05,8,0.5247450006776382,0.0001880958762249177,0.004935118534855269,0.0005489733096016833,34.90447292294593,True,3.08651702885041e-06,9,0.21551377198057708,1.543258514425205e-05,4.9999999999999996e-06,2.405223386557436e-06,7.2740453971839895e-06,1.8627574764658857e-05,3.948094827884216e-05,2.08533735141833e-05,0.5281882635366847,True,device spread,True,2.2971302105764,1.3505664005946372,8
16,16,60,1.0,0.01,403.4,336.8506,0.00022033203594333138,6,0.9817744956731831,0.00022442224453208485,0.00022033203594333138,0.0008959758417365748,32.18437304811354,True,2.7227200526550835e-06,9,0.23130553739109408,1.3613600263275417e-05,4.9999999999999996e-06,2.4309716372614143e-06,7.307354898735633e-06,1.693373386134316e-05,8.813281437733255e-05,7.119908051598939e-05,0.8078611924402761,True,device spread,True,5.936287594258064,5.907136835512308,10
16,16,60,1.0,0.02,403.4,336.8506,0.00022029594027304705,6,0.9816136574712501,0.00022442224453208485,0.00022029594027304705,0.0008959921898927867,32.18595460471487,True,5.445079071828831e-06,9,0.2317971066776363,2.7225395359144153e-05,4.9999999999999996e-06,2.4309716372614143e-06,7.307354898735633e-06,3.0111689699871494e-05,8.811837610921883e-05,5.800668640934733e-05,0.6582813820519186,True,device spread,True,3.1118439538458817,3.0935705223762064,10
16,16,60,1.0,0.03,403.4,336.8506,0.0002202630387789429,6,0.9814670521551293,0.00022442224453208485,0.0002202630387789429,0.0008960221343865865,32.1875422326592,True,8.166764997480557e-06,9,0.23228490690427897,4.083382498740278e-05,4.9999999999999996e-06,2.4309716372614143e-06,7.307354898735633e-06,4.35697764704337e-05,8.810521551157717e-05,4.453543904114347e-05,0.5054801668953575,True,device spread,True,2.0942728350242357,2.0806565503792624,10
16,16,60,2.0,0.01,403.4,336.8506,0.00021640250992987868,6,0.9642649746288425,0.00022442224453208485,0.00043280501985975737,0.0008871463154595625,32.25465919108934,True,2.673837308229857e-06,9,0.23096223709007208,1.3369186541149286e-05,4.9999999999999996e-06,2.430535644638984e-06,7.30679292849706e-06,1.6704117842953716e-05,8.656100397195148e-05,6.985688612899776e-05,0.8070249064074351,True,device spread,True,5.922344153878756,5.890090472716405,10
16,16,60,2.0,0.02,403.4,336.8506,0.00021636680534417206,6,0.9641058790553129,0.00022442224453208485,0.0004327336106883441,0.0008871623072776184,32.25624897932458,True,5.347309679596406e-06,9,0.2313945766008321,2.673654839798203e-05,4.9999999999999996e-06,2.430535644638984e-06,7.30679292849706e-06,2.9630591163656506e-05,8.654672213766883e-05,5.6916130974012325e-05,0.6576347384188221,True,device spread,True,3.1096023378672304,3.089545514764204,10
16,16,60,2.0,0.03,403.4,336.8506,0.00021633416779330707,6,0.9639604498402499,0.00022442224453208485,0.00043266833558661415,0.0008871915670865941,32.25784575676335,True,8.020107639445859e-06,9,0.2318231074295527,4.0100538197229295e-05,4.9999999999999996e-06,2.430535644638984e-06,7.30679292849706e-06,4.284158813906736e-05,8.653366711732283e-05,4.369207897825547e-05,0.5049142193294259,True,device spread,True,2.0934760868561564,2.078636686856978,10
16,16,60,5.0,0.01,403.4,336.8506,0.0002051984648892161,8,0.9143410240684929,0.00022442224453208474,0.0010259923244460806,0.0008650890323874484,32.497733972192776,True,2.5351040707998827e-06,9,0.2298992658588306,1.2675520353999413e-05,4.9999999999999996e-06,2.429228425826187e-06,7.305107573505644e-06,1.6055262927641212e-05,8.207938595568645e-05,6.602412302804523e-05,0.8043934814971784,True,device spread,True,5.8776152631050325,5.831972398998003,8
16,16,60,5.0,0.02,403.4,336.8506,0.00020518388929135242,8,0.9142760768619713,0.00022442224453208474,0.001025919446456762,0.0008650972065624265,32.498433039769054,True,5.06983430715896e-06,9,0.23017328044281232,2.5349171535794802e-05,4.9999999999999996e-06,2.429228425826187e-06,7.305107573505644e-06,2.826680759940879e-05,8.207355571654098e-05,5.380674811713219e-05,0.6555917755405357,True,device spread,True,3.10158714600045,3.0742688370625033,8
16,16,60,5.0,0.03,403.4,336.8506,0.00020517194917783044,8,0.914222873073965,0.00022442224453208474,0.0010258597458891522,0.0008651177467553567,32.49914473453097,True,7.603889267024868e-06,9,0.23044340206314995,3.801944633512434e-05,4.9999999999999996e-06,2.429228425826187e-06,7.305107573505644e-06,4.0776044455705377e-05,8.206877967113218e-05,4.1292735215426805e-05,0.5031479130175441,True,device spread,True,2.0900992029940224,2.070510920762928,8
16,16,60,10.0,0.01,403.4,336.8506,0.00018840030784855817,8,0.8394903466069886,0.00022442224453208474,0.0018840030784855817,0.0008286273094104072,32.8655526863878,True,2.3274655820047625e-06,9,0.2280430451911324,1.1637327910023813e-05,4.9999999999999996e-06,2.427052254799821e-06,7.302300499454359e-06,1.5093046131532084e-05,7.536012313942327e-05,6.0267077007891184e-05,0.7997210526897821,True,device spread,True,5.787113808365784,5.693496500130568,8
16,16,60,10.0,0.02,403.4,336.8506,0.00018838664632180204,8,0.8394294723973726,0.00022442224453208474,0.0018838664632180205,0.0008286343719715428,32.86625658299657,True,4.654550029664412e-06,9,0.22811004848102795,2.327275014832206e-05,4.9999999999999996e-06,2.427052254799821e-06,7.302300499454359e-06,2.6230852360375916e-05,7.535465852872082e-05,4.912380616834491e-05,0.6519013837694158,True,device spread,True,3.0813331733265876,3.033181420874432,8
16,16,60,10.0,0.03,403.4,336.8506,0.00018837514755735345,8,0.8393782352106465,0.00022442224453208474,0.0018837514755735345,0.0008286525323162382,32.866977127253,True,6.980965823789488e-06,9,0.22817311372968982,3.490482911894744e-05,4.9999999999999996e-06,2.427052254799821e-06,7.302300499454359e-06,3.768817951730975e-05,7.535005902294139e-05,3.766187950563164e-05,0.49982548114746594,True,device spread,True,2.080428788373581,2.0482184949276885,8
16,16,60,20.0,0.01,403.4,336.8506,0.00016052901820909192,8,0.7152990495384771,0.00022442224453208474,0.0032105803641818385,0.0007643557676066347,33.55483994832451,True,1.983747222055158e-06,9,0.22416349803541388,9.918736110275791e-06,4.9999999999999996e-06,2.422709365139516e-06,7.296693281263512e-06,1.3530424072733014e-05,6.421160728363677e-05,5.068118321090376e-05,0.7892838281875401,True,device spread,True,5.587153803225398,5.084392071114261,8
16,16,60,20.0,0.02,403.4,336.8506,0.0001605170120449462,8,0.7152455514364029,0.00022442224453208474,0.003210340240898924,0.0007643611145713769,33.55555036201649,True,3.967117028076677e-06,9,0.2239830857726563,1.9835585140383384e-05,4.9999999999999996e-06,2.422709365139516e-06,7.296693281263512e-06,2.287877051731146e-05,6.420680481797848e-05,4.1328034300667024e-05,0.6436706267790295,True,device spread,True,3.0361774277332656,2.784387579842011,8
16,16,60,20.0,0.03,403.4,336.8506,0.0001605064918898877,8,0.71519867482183,0.00022442224453208474,0.003210129837797754,0.0007643755287612986,33.556283442311724,True,5.9498498560296425e-06,9,0.22379889440793976,2.9749249280148213e-05,4.9999999999999996e-06,2.422709365139516e-06,7.296693281263512e-06,3.258921119634956e-05,6.420259675595508e-05,3.161338555960552e-05,0.4924004192505381,True,device spread,True,2.059208879041714,1.8893336167039383,8
16,16,60,50.0,0.01,403.4,336.8506,0.00010619561809027174,8,0.4731955974849426,0.00022442224453208474,0.0053097809045135865,0.0006205910993182954,35.333978910813876,True,1.3155534926426534e-06,9,0.2128226820281193,6.577767463213267e-06,4.9999999999999996e-06,2.4097558417783636e-06,7.279926845190341e-06,1.0672141986234885e-05,4.24782472361087e-05,3.180610524987381e-05,0.7487621858097051,True,device spread,True,4.867313501055617,2.034369118893253,8
16,16,60,50.0,0.02,403.4,336.8506,0.00010618730273838543,8,0.47315854522257156,0.00022442224453208474,0.005309365136919272,0.0006205936226574963,35.33469437879818,True,2.6307925304218094e-06,9,0.21265459060690703,1.3153962652109047e-05,4.9999999999999996e-06,2.4097558417783636e-06,7.279926845190341e-06,1.6481953021077684e-05,4.247492109535418e-05,2.5992968074276494e-05,0.6119603616431333,True,device spread,True,2.8616766631336517,1.220841981739061,8
16,16,60,50.0,0.03,403.4,336.8506,0.00010617953397180285,8,0.4731239284821554,0.00022442224453208474,0.005308976698590142,0.0006206015541428651,35.33544087934145,True,3.945528639776623e-06,9,0.21248409578796365,1.9727643198883117e-05,4.9999999999999996e-06,2.4097558417783636e-06,7.279926845190341e-06,2.276116626421443e-05,4.247181358872114e-05,1.971064732450671e-05,0.46408772451716285,True,device spread,True,1.9794597317761382,0.8493840938569106,8
16,16,100,1.0,0.01,403.4,202.0276,0.0002598070788267135,6,0.9783686074996379,0.00026555132373951365,0.0002598070788267135,0.0010568539383403893,32.18727980478336,True,3.779586069433051e-06,9,0.23189592097502995,1.8897930347165255e-05,4.9999999999999996e-06,2.4346505349917037e-06,7.312093988391926e-06,2.1982841535856964e-05,0.00010392283153068541,8.193998999482844e-05,0.7884695671579535,True,device spread,True,5.2175269064492396,5.189264695064073,10
16,16,100,1.0,0.02,403.4,202.0276,0.00025976301257580096,6,0.9782026649982336,0.00026555132373951365,0.00025976301257580096,0.0010569013903629877,32.189143137701606,True,7.558960890292005e-06,9,0.23283309391379545,3.779480445146002e-05,4.9999999999999996e-06,2.4346505349917037e-06,7.312093988391926e-06,4.055875371820248e-05,0.00010390520503032039,6.33464513121179e-05,0.6096561889621688,True,device spread,True,2.6763589257344162,2.659484505087013,10
16,16,100,1.0,0.03,403.4,202.0276,0.00025972750070018993,6,0.9780689361389271,0.00026555132373951365,0.00025972750070018993,0.001056984208222911,32.1910112479319,True,1.1338047540794337e-05,9,0.2337579823922715,5.669023770397169e-05,4.9999999999999996e-06,2.4346505349917037e-06,7.312093988391926e-06,5.93449576061437e-05,0.00010389100028007598,4.454604267393228e-05,0.4287767232372604,True,device spread,True,1.7933092159470367,1.7807474507787122,10
16,16,100,2.0,0.01,403.4,202.0276,0.0002543151267149225,8,0.9576872867121841,0.00026555132373951246,0.000508630253429845,0.001046514681490335,32.287462650818775,True,3.6991531778111213e-06,9,0.2314520995901175,1.8495765889055605e-05,4.9999999999999996e-06,2.4342134739329183e-06,7.31153123656892e-06,2.1593893946810146e-05,0.000101726050685969,8.013215673915885e-05,0.7877250340380257,True,device spread,True,5.209688434936074,5.177702950807431,10
16,16,100,2.0,0.02,403.4,202.0276,0.0002542757572478844,6,0.9575390311264659,0.00026555132373951365,0.0005085515144957688,0.0010445508562229556,32.27249266118345,True,7.39807536068351e-06,9,0.23228738610933222,3.699037680341755e-05,4.9999999999999996e-06,2.4342134739329183e-06,7.31153123656892e-06,3.9760986386399e-05,0.00010171030289915376,6.194931651275475e-05,0.6090761186128586,True,device spread,True,2.6752519046733862,2.656373552501325,10
16,16,100,2.0,0.03,403.4,202.0276,0.0002542402579415326,6,0.9574053495998521,0.00026555132373951365,0.0005084805158830652,0.001044631565303844,32.27437648317255,True,1.109668087591105e-05,9,0.23311016233116638,5.548340437955525e-05,4.9999999999999996e-06,2.4342134739329183e-06,7.31153123656892e-06,5.814245488887305e-05,0.00010169610317661304,4.355364828773999e-05,0.4282725387432149,True,device spread,True,1.7929559395450678,1.7790386944565202,10
16,16,100,5.0,0.01,403.4,202.0276,0.0002388211361922952,8,0.8993407859136197,0.00026555132373951246,0.001194105680961476,0.0010138629463490674,32.55812982029618,True,3.473333003351468e-06,9,0.23008411817449353,1.736666501675734e-05,4.9999999999999996e-06,2.4329030525096357e-06,7.309843538074075e-06,2.050501011849016e-05,9.552845447691808e-05,7.502344435842792e-05,0.7853518071576815,True,device spread,True,5.18132860000554,5.13512596398653,8
16,16,100,5.0,0.02,403.4,202.0276,0.00023880613073831085,8,0.899284279119479,0.00026555132373951246,0.0011940306536915542,0.0010138965941898334,32.55896384404159,True,6.9463853257204965e-06,9,0.23064762482251952,3.473192662860248e-05,4.9999999999999996e-06,2.4329030525096357e-06,7.309843538074075e-06,3.7522883493293957e-05,9.552245229532435e-05,5.799956880203039e-05,0.6071825775862055,True,device spread,True,2.6694630833213693,2.6433772181648236,8
16,16,100,5.0,0.03,403.4,202.0276,0.00023879805181994796,8,0.8992538559295317,0.00026555132373951246,0.0011939902590997397,0.001013962169564943,32.559819452112635,True,1.0419049154009259e-05,9,0.2311980442220532,5.209524577004629e-05,4.9999999999999996e-06,2.4329030525096357e-06,7.309843538074075e-06,5.4767543892411516e-05,9.55192207279792e-05,4.075167683556768e-05,0.42663326317978245,True,device spread,True,1.7900501354214755,1.7715168007351996,8
16,16,100,10.0,0.01,403.4,202.0276,0.00021604783561651674,8,0.8135822204691578,0.00026555132373951246,0.002160478356165167,0.0009638717793954261,32.98938690288134,True,3.1420604728706712e-06,9,0.22772082163107313,1.5710302364353357e-05,4.9999999999999996e-06,2.4307215527631654e-06,7.307032562350619e-06,1.8917492018181997e-05,8.64191342466067e-05,6.75016422284247e-05,0.7810960248201653,True,device spread,True,5.121439520594111,5.00032583225313,8
16,16,100,10.0,0.02,403.4,202.0276,0.00021603337520262466,8,0.8135277661599553,0.00026555132373951246,0.002160333752026247,0.000963901452542404,32.990235676478065,True,6.2837827022341496e-06,9,0.22792863203049485,3.141891351117075e-05,4.9999999999999996e-06,2.4307215527631654e-06,7.307032562350619e-06,3.424499706270411e-05,8.641335008104987e-05,5.216835301834576e-05,0.6037071004586141,True,device spread,True,2.655078398597986,2.5949433809579725,8
16,16,100,10.0,0.03,403.4,202.0276,0.00021602447757729538,8,0.8134942599239329,0.00026555132373951246,0.0021602447757729537,0.0009639595585055414,32.991117011421295,True,9.425032858399827e-06,9,0.2281226668626316,4.7125164291999134e-05,4.9999999999999996e-06,2.4307215527631654e-06,7.307032562350619e-06,4.982039457915057e-05,8.640979103091816e-05,3.6589396451767585e-05,0.4234403996958584,True,device spread,True,1.7826377603294192,1.7420174097165873,8
16,16,100,20.0,0.01,403.4,202.0276,0.0001794545395611041,8,0.6757810017062338,0.00026555132373951246,0.0035890907912220823,0.0008776611318753431,33.78744833384963,True,2.6110891648629783e-06,9,0.22289264135350714,1.3055445824314892e-05,4.9999999999999996e-06,2.426368039174908e-06,7.301417556402571e-06,1.640652060170516e-05,7.178181582444165e-05,5.537529522273649e-05,0.7714390418622045,True,device spread,True,4.984717832950028,4.337417508000692,8
16,16,100,20.0,0.02,403.4,202.0276,0.0001794413591051902,8,0.6757313673992822,0.00026555132373951246,0.0035888271821038044,0.0008776846675972708,33.78831923390549,True,5.221785758939222e-06,9,0.22266324436386417,2.610892879469611e-05,4.9999999999999996e-06,2.426368039174908e-06,7.301417556402571e-06,2.9009749366735774e-05,7.177654364207608e-05,4.276679427534031e-05,0.5958324559148878,True,device spread,True,2.622757844768357,2.2941756839099745,8
16,16,100,20.0,0.03,403.4,202.0276,0.00017943184745560387,8,0.6756955489011764,0.00026555132373951246,0.003588636949112077,0.0008777311655809667,33.78923980805707,True,7.831930246790304e-06,9,0.2224193963039902,3.915965123395152e-05,4.9999999999999996e-06,2.426368039174908e-06,7.301417556402571e-06,4.190393489384214e-05,7.177273898224155e-05,2.9868804088399406e-05,0.4161580637989826,True,device spread,True,1.7663249861942134,1.5465227163251625,8
16,16,100,50.0,0.01,403.4,202.0276,0.00011239212657469874,8,0.4232406940849885,0.00026555132373951246,0.005619606328734937,0.0006929447396210267,35.79925427294729,True,1.6404716835496089e-06,9,0.20956682421869963,8.202358417748043e-06,4.9999999999999996e-06,2.4133829098543693e-06,7.284627881038374e-06,1.2019562359208945e-05,4.4956850629879497e-05,3.293728827067055e-05,0.7326422516078022,True,device spread,True,4.448660257905601,1.005006228976889,8
16,16,100,50.0,0.02,403.4,202.0276,0.00011238257207650272,8,0.4232047142297143,0.00026555132373951246,0.005619128603825136,0.0006929579427792227,35.80015819189691,True,3.2805718243816466e-06,9,0.20918724095900743,1.6402859121908234e-05,4.9999999999999996e-06,2.4133829098543693e-06,7.284627881038374e-06,1.9561379509258283e-05,4.495302883060109e-05,2.5391649321342806e-05,0.5648484647614629,True,device spread,True,2.4948797232513753,0.5708558864331147,8
16,16,100,50.0,0.03,403.4,202.0276,0.00011237418740569675,8,0.4231731396523863,0.00026555132373951246,0.005618709370284837,0.0006929846173355907,35.80114060150123,True,4.920144895763099e-06,9,0.20879372617299635,2.4600724478815496e-05,4.9999999999999996e-06,2.4133829098543693e-06,7.284627881038374e-06,2.751708074269549e-05,4.49496749622787e-05,1.7432594219583212e-05,0.3878247002723037,True,device spread,True,1.70467483242685,0.39118362415490104,8
32,32,20,1.0,0.01,403.4,1016.0459,0.00012385674005546972,18,0.9796428507772666,0.0001264305047060768,0.00012385674005546972,0.001015443750645106,38.27472452173635,True,1.2321194702496932e-06,0,0.1366762640138089,6.160597351248466e-06,4.9999999999999996e-06,4.824287826587278e-06,1.456604514929417e-05,1.2758577947587997e-05,4.954269602218789e-05,3.6784118074599894e-05,0.7424730793440466,True,device spread,True,5.649330596664099,5.6373233168982795,1
32,32,20,1.0,0.02,403.4,1016.0459,0.00012382846667901497,27,0.9794192229706692,0.00012643050470607649,0.00012382846667901497,0.0010112587389270599,38.24083584793775,True,2.464165343240743e-06,0,0.1343405947544106,1.2320826716203715e-05,4.9999999999999996e-06,4.824287826587278e-06,1.456604514929417e-05,1.8121008135397234e-05,4.9531386671605986e-05,3.141037853620875e-05,0.6341510029682824,True,device spread,True,3.373476434235433,3.3637737525537794,1
32,32,20,1.0,0.03,403.4,1016.0459,0.0001237977174745684,27,0.9791760126432403,0.00012643050470607649,0.0001237977174745684,0.001011237039029708,38.24280661782732,True,3.696021180643344e-06,0,0.1320071594047426,1.848010590321672e-05,4.9999999999999996e-06,4.824287826587278e-06,1.456604514929417e-05,2.396885139419324e-05,4.951908698982736e-05,2.555023559563412e-05,0.5159674208226592,True,device spread,True,2.3432580021197067,2.3362051504254637,1
32,32,20,2.0,0.01,403.4,1016.0459,0.00012137460839149237,18,0.9600104711569546,0.0001264305047060768,0.00024274921678298474,0.0010051169442985644,38.361775054222235,True,1.1893679727783914e-06,9,0.1365164587493953,5.946839863891957e-06,4.9999999999999996e-06,4.822565903282597e-06,1.4563813461057834e-05,1.2592051366733476e-05,4.854984335659695e-05,3.595779198986348e-05,0.7406366221566302,True,device spread,True,5.630143902284133,5.604930305637329,10
32,32,20,2.0,0.02,403.4,1016.0459,0.00012136021210295017,18,0.9598966039492292,0.0001264305047060768,0.00024272042420590034,0.001005084049628492,38.362521082446605,True,2.3786774853817075e-06,9,0.13410119748938637,1.1893387426908537e-05,4.9999999999999996e-06,4.822565903282597e-06,1.4563813461057834e-05,1.7724219459573203e-05,4.854408484118007e-05,3.0819865381606866e-05,0.6348840539983215,True,device spread,True,3.3905780135359764,3.3765601970739723,10
32,32,20,2.0,0.03,403.4,1016.0459,0.00012134449760731642,18,0.9597723104041683,0.0001264305047060768,0.00024268899521463284,0.0010050419580514556,38.36328209868516,True,3.567818371281322e-06,9,0.13168821771560782,1.783909185640661e-05,4.9999999999999996e-06,4.822565903282597e-06,1.4563813461057834e-05,2.3349119772292144e-05,4.853779904292657e-05,2.5188679270634427e-05,0.5189497621916827,True,device spread,True,2.3611478725881545,2.352144218150475,10
32,32,20,5.0,0.01,403.4,1016.0459,0.00011436479677767435,18,0.904566481353115,0.0001264305047060768,0.0005718239838883718,0.0009753739752106545,38.61757602080384,True,1.1165565858362176e-06,18,0.1360427125231845,5.582782929181088e-06,4.9999999999999996e-06,4.817406092120927e-06,1.455712278909671e-05,1.2311901754562515e-05,4.574591871106974e-05,3.343401695650722e-05,0.7308633840687684,True,device spread,True,5.483041814039681,5.336998446276781,17
32,32,20,5.0,0.02,403.4,1016.0459,0.00011435142339935513,18,0.904460704836994,0.0001264305047060768,0.0005717571169967757,0.0009753427524731391,38.61831372580333,True,2.2330090017336254e-06,18,0.13340644183230624,1.1165045008668127e-05,4.9999999999999996e-06,4.817406092120927e-06,1.455712278909671e-05,1.7050894149318065e-05,4.574056935974206e-05,2.8689675210423993e-05,0.6272260186528159,True,device spread,True,3.3652011799504113,3.276973075372154,9
32,32,20,5.0,0.03,403.4,1016.0459,0.00011433686439417792,18,0.9043455506247171,0.0001264305047060768,0.0005716843219708897,0.0009753028182183164,38.619064026360675,True,3.349252630125556e-06,18,0.13077260193987356,1.674626315062778e-05,4.9999999999999996e-06,4.817406092120927e-06,1.455712278909671e-05,2.229417151110146e-05,4.573474575767117e-05,2.344057424656971e-05,0.5125331705301539,True,device spread,True,2.3566238018218018,2.295369532570592,9
32,32,20,10.0,0.01,403.4,1016.0459,0.00010396042164566669,17,0.8222732471673067,0.00012643050470607616,0.001039604216456667,0.0009301661574623308,39.03385004258078,True,1.0148160511397838e-06,18,0.13526176430117226,5.074080255698919e-06,4.9999999999999996e-06,4.808826219705308e-06,1.4545986288370776e-05,1.1932469279353482e-05,4.158416865826668e-05,2.96516993789132e-05,0.7130525951495394,True,device spread,True,5.181353423576323,4.6822530628020935,17
32,32,20,10.0,0.02,403.4,1016.0459,0.00010395588704870615,17,0.8222373808471406,0.00012643050470607616,0.0010395588704870614,0.0009301367987967417,39.03395476077862,True,2.0295513551417046e-06,18,0.13230761965280427,1.0147756775708524e-05,4.9999999999999996e-06,4.808826219705308e-06,1.4545986288370776e-05,1.6121516774075575e-05,4.1582354819482466e-05,2.546083804540689e-05,0.6122990907065656,True,device spread,True,3.2690228344361247,2.9751310355224403,17
32,32,20,10.0,0.03,403.4,1016.0459,0.00010394891538361693,18,0.8221822385766422,0.0001264305047060768,0.0010394891538361693,0.000929504714859706,39.02863269681998,True,3.044113966967884e-06,18,0.12935616286011317,1.522056983483942e-05,4.9999999999999996e-06,4.808826219705308e-06,1.4545986288370776e-05,2.082961727686674e-05,4.157956615344677e-05,2.0749948876580032e-05,0.4990419765325028,True,device spread,True,2.309556445310193,2.1076631768625442,17
32,32,20,20.0,0.01,403.4,1016.0459,8.700765329826306e-05,17,0.6881856044198923,0.00012643050470607616,0.0017401530659652614,0.000850777200876635,39.8051677559846,True,8.496631216267171e-07,18,0.13367224705711003,4.248315608133585e-06,4.9999999999999996e-06,4.7917404026505146e-06,1.4523767934952617e-05,1.1352852008644686e-05,3.480306131930523e-05,2.3450209310660544e-05,0.6737973161473796,True,absolute signal (comparator noise),True,4.589974845431217,2.8878307425080214,17
32,32,20,20.0,0.02,403.4,1016.0459,8.700431547702578e-05,17,0.688159203977649,0.00012643050470607616,0.0017400863095405157,0.0008507523468804728,39.80524722676388,True,1.6992795706998294e-06,18,0.13022393895546044,8.496397853499147e-06,4.9999999999999996e-06,4.7917404026505146e-06,1.4523767934952617e-05,1.4650177220166002e-05,3.480172619081031e-05,2.015154897064431e-05,0.5790387769893293,True,device spread,True,3.0609411843666954,1.9626554592259045,17
32,32,20,20.0,0.03,403.4,1016.0459,8.700026832381983e-05,17,0.6881271930858524,0.00012643050470607616,0.0017400053664763965,0.0008507206976802521,39.805328141551925,True,2.548777102936867e-06,18,0.12677880313864498,1.2743885514684335e-05,4.9999999999999996e-06,4.7917404026505146e-06,1.4523767934952617e-05,1.8481394087509792e-05,3.4800107329527934e-05,1.6318713242018142e-05,0.468927095180873,True,device spread,True,2.2057849947532877,1.4254606281982911,17
32,32,20,50.0,0.01,403.4,1016.0459,5.522778142583335e-05,17,0.4368232299177015,0.00012643050470607616,0.0027613890712916674,0.0006774884956787513,41.77488655088364,True,5.413268387468131e-07,18,0.1279079874385266,2.7066341937340658e-06,4.9999999999999996e-06,4.7410670640226846e-06,1.4457546610355341e-05,1.0426651348745798e-05,2.209111257033334e-05,1.1664461221587542e-05,0.5280160147865081,True,absolute signal (comparator noise),True,3.0607665724602753,-2.7507030403941903,16
32,32,20,50.0,0.02,403.4,1016.0459,5.522633462343916e-05,17,0.43681178645793245,0.00012643050470607616,0.0027613167311719583,0.0006774723321893612,41.774906868119345,True,1.0826548105707238e-06,18,0.12361705739864938,5.413274052853619e-06,4.9999999999999996e-06,4.7410670640226846e-06,1.4457546610355341e-05,1.2110160357725665e-05,2.2090533849375666e-05,9.980373491650001e-06,0.4517941286390447,True,device spread,True,2.370014059081986,-2.195727567616752,17
32,32,20,50.0,0.03,403.4,1016.0459,5.5224614193959945e-05,17,0.4367981787492294,0.00012643050470607616,0.0027612307096979974,0.0006774517182356591,41.77491316207507,True,1.6239449289543374e-06,18,0.11933011769487162,8.119724644771686e-06,4.9999999999999996e-06,4.7410670640226846e-06,1.4457546610355341e-05,1.4276785616230099e-05,2.208984567758398e-05,7.81306006135388e-06,0.35369464211704776,True,device spread,True,1.833461838129925,-1.732993348729276,17
32,32,40,1.0,0.01,403.4,505.79,0.0001824416593269728,18,0.9699397083623947,0.00018809587622203817,0.0001824416593269728,0.0014962093182538999,38.27736683237664,True,2.645999860341143e-06,0,0.1402287967622054,1.3229999301705715e-05,4.9999999999999996e-06,4.851879671263076e-06,1.4601729788949261e-05,1.8995177784614633e-05,7.297666373078912e-05,5.398148594617449e-05,0.7397088765980337,True,device spread,True,4.8313656697795215,4.817685982280448,7
32,32,40,1.0,0.02,403.4,505.79,0.00018240177259107706,27,0.9697276530175543,0.00018809587622203774,0.00018240177259107706,0.001487073898504334,38.2260699266705,True,5.291613722262353e-06,0,0.1404183674184824,2.6458068611311765e-05,4.9999999999999996e-06,4.851879671263076e-06,1.4601729788949261e-05,3.177824954618088e-05,7.296070903643082e-05,4.1182459490249946e-05,0.564447084384647,True,device spread,True,2.5385505803044475,2.531020329561105,7
32,32,40,1.0,0.03,403.4,505.79,0.00018234256233821055,27,0.9694128653993686,0.00018809587622203774,0.00018234256233821055,0.0014870873071231743,38.22896826818438,True,7.936463714764007e-06,0,0.14060826143776,3.968231857382004e-05,4.9999999999999996e-06,4.851879671263076e-06,1.4601729788949261e-05,4.4847959571600096e-05,7.293702493528422e-05,2.8089065363684126e-05,0.3851139443733423,True,device spread,True,1.7090490726148846,1.7039439837908705,1
32,32,40,2.0,0.01,403.4,505.79,0.00017706935607768388,18,0.941378193048007,0.00018809587622203817,0.00035413871215536776,0.0014737954751824428,38.40587621742649,True,2.545772548178612e-06,10,0.14000926745649367,1.272886274089306e-05,4.9999999999999996e-06,4.8501417904472585e-06,1.4599486369744515e-05,1.8525811670803963e-05,7.082774243107356e-05,5.23019307602696e-05,0.7384384842022536,True,device spread,True,4.829408544947131,4.784872052291268,9
32,32,40,2.0,0.02,403.4,505.79,0.00017704297677342704,18,0.9412379491214166,0.00018809587622203817,0.0003540859535468541,0.0014737601050631819,38.40696185558089,True,5.09116817881222e-06,10,0.1400307124023096,2.54558408940611e-05,4.9999999999999996e-06,4.8501417904472585e-06,1.4599486369744515e-05,3.079238216447343e-05,7.081719070937082e-05,4.0024808544897385e-05,0.5651849239425017,True,device spread,True,2.5460593688391717,2.5235057180540874,9
32,32,40,2.0,0.03,403.4,505.79,0.00017701692985014488,18,0.9410994722775574,0.00018809587622203817,0.00035403385970028976,0.0014737287186849576,38.408054851716706,True,7.635826426079517e-06,10,0.14005255599166042,3.817913213039759e-05,4.9999999999999996e-06,4.8501417904472585e-06,1.4599486369744515e-05,4.3355285995220176e-05,7.080677194005795e-05,2.7451485944837774e-05,0.3876957696656056,True,device spread,True,1.7154433281040355,1.7008861172849898,9
32,32,40,5.0,0.01,403.4,505.79,0.00016232317672117027,17,0.8629810497788667,0.00018809587622203817,0.0008116158836058514,0.0014111884025995234,38.784089305784526,True,2.332842906128171e-06,18,0.13939257493389215,1.1664214530640853e-05,4.9999999999999996e-06,4.844934186811617e-06,1.4592760542282701e-05,1.7535635531371467e-05,6.492927068846812e-05,4.739363515709665e-05,0.7299271138357956,True,device spread,True,4.764856238479525,4.528084816025359,17
32,32,40,5.0,0.02,403.4,505.79,0.0001623012030107501,18,0.8628642279172632,0.00018809587622203817,0.0008115060150537504,0.001410444056849176,38.78068252544852,True,4.665397022171839e-06,18,0.1389616113471527,2.3326985110859195e-05,4.9999999999999996e-06,4.844934186811617e-06,1.4592760542282701e-05,2.870176202209279e-05,6.492048120430003e-05,3.621871918220725e-05,0.5578935724186882,True,device spread,True,2.536434860298962,2.4138411978476033,17
32,32,40,5.0,0.03,403.4,505.79,0.00016227753530657997,18,0.8627384000434922,0.00018809587622203817,0.0008113876765328998,0.0014104143687434657,38.78176641551577,True,6.997322300959408e-06,18,0.13853133393800313,3.498661150479704e-05,4.9999999999999996e-06,4.844934186811617e-06,1.4592760542282701e-05,4.018701936281102e-05,6.4911014122632e-05,2.4723994759820977e-05,0.38089059451623425,True,device spread,True,1.7122085401164207,1.6307416940149575,17
32,32,40,10.0,0.01,403.4,505.79,0.00014155221252061084,17,0.7525535134726464,0.00018809587622203817,0.0014155221252061083,0.0013175554608840674,39.37704486808612,True,2.0353309738075263e-06,18,0.1384675105543299,1.0176654869037631e-05,4.9999999999999996e-06,4.836274926229168e-06,1.4581565573453577e-05,1.6174894962349405e-05,5.662088500824434e-05,4.044599004589493e-05,0.7143298809265478,True,device spread,True,4.595468877912792,3.717954975428324,17
32,32,40,10.0,0.02,403.4,505.79,0.00014154655574746786,17,0.7525234395908762,0.00018809587622203817,0.0014154655574746787,0.0013175245175959971,39.37718799065081,True,4.070438880447568e-06,18,0.13741992583511878,2.035219440223784e-05,4.9999999999999996e-06,4.836274926229168e-06,1.4581565573453577e-05,2.5793655893002693e-05,5.661862229898715e-05,3.0824966405984454e-05,0.54443158724715,True,device spread,True,2.4884277133446657,2.025193015830651,17
32,32,40,10.0,0.03,403.4,505.79,0.00014154102602565065,17,0.7524940411695589,0.00018809587622203817,0.0014154102602565064,0.0013174963909798197,39.37734189514653,True,6.105024935851358e-06,18,0.13637361033426218,3.052512467925679e-05,4.9999999999999996e-06,4.836274926229168e-06,1.4581565573453577e-05,3.5768187842894566e-05,5.661641041026026e-05,2.0848222567365695e-05,0.3682363897020835,True,device spread,True,1.68611488209191,1.3753316018833006,17
32,32,40,20.0,0.01,403.4,505.79,0.00011045587585419687,17,0.5872317781374908,0.00018809587622203817,0.0022091175170839373,0.0011634232836127702,40.450978547425066,True,1.5911954368471355e-06,18,0.13682157500323294,7.955977184235677e-06,4.9999999999999996e-06,4.819031323464746e-06,1.4559230748205625e-05,1.4215710149309473e-05,4.418235034167875e-05,2.9966640192369275e-05,0.6782491189496703,True,device spread,True,4.216197569239168,1.1778006020661693,17
32,32,40,20.0,0.02,403.4,505.79,0.00011045206017034465,17,0.5872114922921611,0.00018809587622203817,0.002209041203406893,0.0011633983645012577,40.451092562351946,True,3.1822564473841046e-06,18,0.13488397840059851,1.591128223692052e-05,4.9999999999999996e-06,4.819031323464746e-06,1.4559230748205625e-05,2.149742760197254e-05,4.4180824068137866e-05,2.2683396466165327e-05,0.5134217603361554,True,device spread,True,2.37839973321892,0.6741859217635818,17
32,32,40,20.0,0.03,403.4,505.79,0.00011044827405502256,17,0.5871913636460784,0.00018809587622203817,0.002208965481100451,0.0011633753535763075,40.45121850507138,True,4.772947894843617e-06,18,0.13294883491031195,2.3864739474218086e-05,4.9999999999999996e-06,4.819031323464746e-06,1.4559230748205625e-05,2.920193086745465e-05,4.4179309622009026e-05,1.4977378754554378e-05,0.33901341788041484,True,device spread,True,1.627192880095059,0.46345155185975173,17
32,32,40,50.0,0.01,403.4,505.79,6.0707419538913165e-05,17,0.3227472114659811,0.00018809587622203817,0.0030353709769456584,0.0008617227014454617,43.04251522687412,True,8.811865081773706e-07,18,0.13182599296741526,4.405932540886853e-06,4.9999999999999996e-06,4.767892420629938e-06,1.449266368123937e-05,1.1432143432922743e-05,2.4282967815565268e-05,1.2850824382642524e-05,0.5292114407204052,True,absolute signal (comparator noise),True,2.9493024258881455,-7.118772483267865,16
32,32,40,50.0,0.02,403.4,505.79,6.0706062107818215e-05,17,0.3227399947681874,0.00018809587622203817,0.003035303105390911,0.0008617081672698772,43.04256294634176,True,1.7623478493213923e-06,18,0.1285037889086815,8.811739246606962e-06,4.9999999999999996e-06,4.767892420629938e-06,1.449266368123937e-05,1.4899365588446818e-05,2.4282424843127287e-05,9.383059254680469e-06,0.3864136022369355,True,device spread,True,1.9473315936653095,-4.762828515365183,17
32,32,40,50.0,0.03,403.4,505.79,6.070468014836754e-05,17,0.32273264766691945,0.00018809587622203817,0.003035234007418377,0.0008616943631643166,43.042621536422274,True,2.6433544477805193e-06,18,0.12518613711449086,1.3216772238902595e-05,4.9999999999999996e-06,4.767892420629938e-06,1.449266368123937e-05,1.8898818378083197e-05,2.4281872059347017e-05,5.38305368126382e-06,0.22169022504142868,True,device spread,True,1.3972625715151326,-3.4361850637715503,17
32,32,60,1.0,0.01,403.4,336.8506,0.00021638475674594317,18,0.9641858684778154,0.00022442224452797182,0.00021638475674594317,0.001777074795545042,38.28958087385412,True,3.7078382247966824e-06,6,0.14192043973368032,1.8539191123983413e-05,4.9999999999999996e-06,4.861071289277968e-06,1.461358585699412e-05,2.406267558505454e-05,8.655390269837727e-05,6.249122711332272e-05,0.7219920207537253,True,device spread,True,4.258845286422163,4.242403848886848,7
32,32,60,1.0,0.02,403.4,336.8506,0.0002163474492569259,27,0.9640196305494152,0.00022442224452797182,0.0002163474492569259,0.0017641541426334463,38.2276949926396,True,7.415185246539961e-06,6,0.1435549215900855,3.7075926232699805e-05,4.9999999999999996e-06,4.861071289277968e-06,1.461358585699412e-05,4.227262439807843e-05,8.653897970277037e-05,4.426635530469194e-05,0.5115192651534675,True,device spread,True,2.1856632036492596,2.1792563545980017,7
32,32,60,1.0,0.03,403.4,336.8506,0.00021627022444433352,27,0.963675525566619,0.00022442224452797182,0.00021627022444433352,0.0017642226385052532,38.23113319384004,True,1.1121640508027488e-05,6,0.14518646758881165,5.560820254013744e-05,4.9999999999999996e-06,4.861071289277968e-06,1.461358585699412e-05,6.0693608306190857e-05,8.650808977773342e-05,2.581448147154256e-05,0.29840540390925413,True,device spread,True,1.4643016630589247,1.4614947346959237,7
32,32,60,2.0,0.01,403.4,336.8506,0.0002088170329303252,18,0.9304649517677308,0.00022442224452797182,0.0004176340658606504,0.0017454066429613059,38.4426140788139,True,3.562117013278786e-06,18,0.14164486597140055,1.781058506639393e-05,4.9999999999999996e-06,4.8593280779500765e-06,1.4611338531813137e-05,2.335843455386546e-05,8.352681317213008e-05,6.0168378618264627e-05,0.7203480694788517,True,device spread,True,4.263820083033631,4.207413429529763,9
32,32,60,2.0,0.02,403.4,336.8506,0.00020878372603929814,18,0.9303165400490213,0.00022442224452797182,0.0004175674520785963,0.0017453862674793896,38.44389821489906,True,7.123915142322583e-06,18,0.14304671853362505,3.5619575711612916e-05,4.9999999999999996e-06,4.8593280779500765e-06,1.4611338531813137e-05,4.082812252362652e-05,8.351349041571926e-05,4.268536789209274e-05,0.5111194332749182,True,device spread,True,2.19333941431162,2.1651907390034526,9
32,32,60,2.0,0.03,403.4,336.8506,0.00020875331538990272,18,0.9301810336536576,0.00022442224452797182,0.00041750663077980545,0.0017453909944801277,38.445186984762294,True,1.0684989932169278e-05,18,0.14444568727545676,5.342494966084639e-05,4.9999999999999996e-06,4.8593280779500765e-06,1.4611338531813137e-05,5.851774071067683e-05,8.35013261559611e-05,2.4983585445284266e-05,0.29919986418683614,True,device spread,True,1.4704333514290253,1.452191530435431,9
32,32,60,5.0,0.01,403.4,336.8506,0.00018839193258520981,17,0.8394530274013394,0.00022442224452797204,0.000941959662926049,0.0016579510195830964,38.890187897557034,True,3.2141405917271153e-06,18,0.14089260649056415,1.6070702958635576e-05,4.9999999999999996e-06,4.854104509599642e-06,1.4604600998908718e-05,2.168465689461358e-05,7.535677303408393e-05,5.367211613947035e-05,0.7122401076701415,True,device spread,True,4.21841068974469,3.93229173632365,17
32,32,60,5.0,0.02,403.4,336.8506,0.00018836931366716066,18,0.8393522400747687,0.00022442224452797182,0.0009418465683358033,0.0016569570158339697,38.8860217370204,True,6.428015927664752e-06,18,0.14168062228234835,3.214007963832376e-05,4.9999999999999996e-06,4.854104509599642e-06,1.4604600998908718e-05,3.738078154795992e-05,7.534772546686427e-05,3.796694391890435e-05,0.503889715099643,True,device spread,True,2.183524783543294,2.0383650486763374,17
32,32,60,5.0,0.03,403.4,336.8506,0.0001883417216841094,18,0.8392292933360919,0.00022442224452797182,0.0009417086084205471,0.0016569597733558084,38.887308578120006,True,9.641245230005784e-06,18,0.14246606318615382,4.8206226150028926e-05,4.9999999999999996e-06,4.854104509599642e-06,1.4604600998908718e-05,5.3318939592654786e-05,7.533668867364377e-05,2.2017749080988986e-05,0.2922579883537117,True,device spread,True,1.4653942132284672,1.3691536092561285,17
32,32,60,10.0,0.01,403.4,336.8506,0.00016049136280602193,17,0.7151312613577316,0.00022442224452797204,0.0016049136280602192,0.00152982952674752,39.58382747967183,True,2.740532942231925e-06,18,0.13981868151004762,1.3702664711159625e-05,4.9999999999999996e-06,4.845418730279032e-06,1.4593386562527025e-05,1.9431817195508864e-05,6.419654512240877e-05,4.47647279268999e-05,0.6973074305095914,True,device spread,True,4.09752239900445,3.010881866227257,17
32,32,60,10.0,0.02,403.4,336.8506,0.00016048605577447255,17,0.7151076138286707,0.00022442224452797204,0.0016048605577447255,0.001529810114239422,39.584004485379715,True,5.480870275234535e-06,18,0.13979626437224454,2.7404351376172676e-05,4.9999999999999996e-06,4.845418730279032e-06,1.4593386562527025e-05,3.270216790078953e-05,6.419442230978902e-05,3.1492254408999485e-05,0.49057617898677197,True,device spread,True,2.1465934961900612,1.586029078616742,17
32,32,60,10.0,0.03,403.4,336.8506,0.0001604822998301555,17,0.7150908777679253,0.00022442224452797204,0.001604822998301555,0.0015298094353042176,39.584203913629146,True,8.220668946985442e-06,18,0.13977204805818202,4.110334473492721e-05,4.9999999999999996e-06,4.845418730279032e-06,1.4593386562527025e-05,4.6251758201406744e-05,6.41929199320622e-05,1.7941161730655462e-05,0.2794881701851742,True,device spread,True,1.4441402872150082,1.0689533810952656,17
32,32,60,20.0,0.01,403.4,336.8506,0.00012062755916673384,17,0.5375026857094766,0.00022442224452797204,0.0024125511833346766,0.0013255230306707011,40.81881475415116,True,2.065423368535619e-06,18,0.13803845393739797,1.0327116842678095e-05,4.9999999999999996e-06,4.828122421962015e-06,1.457101295716844e-05,1.6301977148353034e-05,4.825102366669354e-05,3.1949046518340505e-05,0.6621423565857759,True,device spread,True,3.8140175680768484,0.11342626689706169,17
32,32,60,20.0,0.02,403.4,336.8506,0.00012062399125763187,17,0.5374867875122659,0.00022442224452797204,0.0024124798251526375,0.0013255073021920844,40.81896860205588,True,4.130741177784676e-06,18,0.13689358502646132,2.065370588892338e-05,4.9999999999999996e-06,4.828122421962015e-06,1.457101295716844e-05,2.607842987729424e-05,4.8249596503052754e-05,2.2171166625758515e-05,0.45950988676880944,True,device spread,True,2.0611172250051792,0.06264549139307052,17
32,32,60,20.0,0.03,403.4,336.8506,0.00012062118788276522,17,0.5374742959926638,0.00022442224452797204,0.0024124237576553043,0.0013255052251983995,40.81915685945571,True,6.195675129287393e-06,18,0.13574861445406133,3.0978375646436965e-05,4.9999999999999996e-06,4.828122421962015e-06,1.457101295716844e-05,3.6207411096050194e-05,4.824847515310609e-05,1.20410640570559e-05,0.24956361872258528,True,device spread,True,1.3959190417054876,0.04302569460635838,17
32,32,60,50.0,0.01,403.4,336.8506,6.178069008990451e-05,17,0.2752877292527219,0.00022442224452797204,0.0030890345044952256,0.0009473415612716544,43.71307671607235,True,1.0885533644515125e-06,6,0.13315066702598144,5.442766822257562e-06,4.9999999999999996e-06,4.776828013504939e-06,1.450433077579763e-05,1.216761353883766e-05,2.4712276035961805e-05,1.2544662497124145e-05,0.5076287784609114,True,device spread,True,2.751951462859208,-9.240054375382586,16
32,32,60,50.0,0.02,403.4,336.8506,6.177939286052577e-05,17,0.275281948946133,0.00022442224452797204,0.003088969643026289,0.0009473323966181625,43.713175070100014,True,2.17696067399536e-06,6,0.13034887268707082,1.08848033699768e-05,4.9999999999999996e-06,4.776828013504939e-06,1.450433077579763e-05,1.6755097688339376e-05,2.4711757144210312e-05,7.956659455870936e-06,0.3219787006418964,True,device spread,True,1.7129984866711578,-5.752319400820561,17
32,32,60,50.0,0.03,403.4,336.8506,6.177815210840419e-05,17,0.2752764202957793,0.00022442224452797204,0.0030889076054202097,0.0009473297925798931,43.71332563980871,True,3.2650687596370193e-06,6,0.12755008553874977,1.6325343798185098e-05,4.9999999999999996e-06,4.776828013504939e-06,1.450433077579763e-05,2.1850692547609123e-05,2.471126084336168e-05,2.860568295752555e-06,0.11575970622806181,True,device spread,True,1.2045093131793643,-4.046080844662829,17
32,32,100,1.0,0.01,403.4,202.0276,0.0002542895422418351,18,0.9575909419936777,0.0002655513237337138,0.0002542895422418351,0.002092892026015004,38.30836646608473,True,5.119552685853489e-06,10,0.1436891601078406,2.5597763429267447e-05,4.9999999999999996e-06,4.8684269478658365e-06,1.462306247313784e-05,3.094994324927634e-05,0.00010171581689673404,7.07658736474577e-05,0.6957214306139039,True,device spread,True,3.7151930667365383,3.6982677498136622,9
32,32,100,1.0,0.02,403.4,202.0276,0.00025424765021576207,18,0.9574331870802998,0.0002655513237337138,0.00025424765021576207,0.0020929106861373075,38.30987495257419,True,1.0238676437350829e-05,10,0.14692418293485407,5.1193382186754144e-05,4.9999999999999996e-06,4.8684269478658365e-06,1.462306247313784e-05,5.6305401778420135e-05,0.00010169906008630483,4.5393658307884696e-05,0.4463527811305463,True,device spread,True,1.8839917903934236,1.8766344996006696,9
32,32,100,1.0,0.03,403.4,202.0276,0.0002541715761576425,27,0.9571467111665238,0.00026555132373371534,0.0002541715761576425,0.0020750751616431047,38.23813699844743,True,1.5357256431045674e-05,10,0.1501515668930971,7.678628215522837e-05,4.9999999999999996e-06,4.8684269478658365e-06,1.462306247313784e-05,8.181732640212928e-05,0.00010166863046305701,1.9851304060927732e-05,0.1952549569175227,True,device spread,True,1.259522884801825,1.2554236607554858,9
32,32,100,2.0,0.01,403.4,202.0276,0.00024379914276217632,18,0.9180867160980531,0.0002655513237337138,0.00048759828552435264,0.0020488119787440166,38.489398608269624,True,4.8965067324940395e-06,18,0.14333519060045477,2.44825336624702e-05,4.9999999999999996e-06,4.866679465492189e-06,1.4620812022868995e-05,2.985456562126748e-05,9.751965710487053e-05,6.766509148360305e-05,0.693861048043242,True,device spread,True,3.7263946373200003,3.6566998059382447,9
32,32,100,2.0,0.02,403.4,202.0276,0.00024375881903591803,18,0.9179348670103087,0.0002655513237337138,0.00048751763807183606,0.002048829074899135,38.49090782844879,True,9.793064258318982e-06,18,0.14625273626555482,4.896532129159491e-05,4.9999999999999996e-06,4.866679465492189e-06,1.4620812022868995e-05,5.4086621452344605e-05,9.750352761436721e-05,4.341690616202261e-05,0.44528549093874115,True,device spread,True,1.8922978863063862,1.8577762697868794,9
32,32,100,2.0,0.03,403.4,202.0276,0.00024372609988466542,18,0.9178116548538314,0.0002655513237337138,0.00048745219976933083,0.0020489108825058277,38.49242060405057,True,1.468953684296047e-05,18,0.1491626050902897,7.344768421480235e-05,4.9999999999999996e-06,4.866679465492189e-06,1.4620812022868995e-05,7.848435612346155e-05,9.749043995386617e-05,1.9006083830404628e-05,0.19495330864645363,True,device spread,True,1.2654139928856811,1.2429446486031637,9
32,32,100,5.0,0.01,403.4,202.0276,0.00021603323641421863,17,0.8135272435352173,0.00026555132373371664,0.001080166182071093,0.001928677323932232,39.01478004956366,True,4.33980578971158e-06,18,0.14239855800075096,2.16990289485579e-05,4.9999999999999996e-06,4.861443105526331e-06,1.4614065124701238e-05,2.7129084590657928e-05,8.641329456568746e-05,5.9284209975029534e-05,0.6860542729332507,True,device spread,True,3.6895387010018306,3.344630176472932,17
32,32,100,5.0,0.02,403.4,202.0276,0.0002160140921318894,18,0.8134551509466444,0.0002655513237337138,0.001080070460659447,0.0019273831412409215,39.00971943437752,True,8.67966546094059e-06,18,0.14449827332953186,4.339832730470295e-05,4.9999999999999996e-06,4.861443105526331e-06,1.4614065124701238e-05,4.854685042703502e-05,8.640563685275576e-05,3.7858786425720744e-05,0.43815181282948096,True,device spread,True,1.880936071512831,1.7080299431817074,17
32,32,100,5.0,0.03,403.4,202.0276,0.00021598398639636587,18,0.8133417802614592,0.0002655513237337138,0.0010799199319818293,0.001927453207496187,39.01124581804878,True,1.3019406132038172e-05,18,0.14659054261457857,6.509703066019086e-05,4.9999999999999996e-06,4.861443105526331e-06,1.4614065124701238e-05,7.015021243665884e-05,8.639359455854636e-05,1.6243382121887518e-05,0.18801604684800866,True,device spread,True,1.258482208335697,1.143859683609846,17
32,32,100,10.0,0.01,403.4,202.0276,0.0001793975063718732,17,0.6755662289665905,0.00026555132373371664,0.001793975063718732,0.0017567617289861964,39.817929194555724,True,3.6080421517974063e-06,18,0.14112817507814682,1.804021075898703e-05,4.9999999999999996e-06,4.852736078349816e-06,1.4602835112805142e-05,2.3573024650609363e-05,7.175900254874929e-05,4.818597789813992e-05,0.6714973200108921,True,device spread,True,3.601390316745424,2.2815810476889085,17
32,32,100,10.0,0.02,403.4,202.0276,0.00017939353619690756,17,0.6755512782786789,0.00026555132373371664,0.0017939353619690756,0.0017567691459422288,39.81815809195057,True,7.21614463020361e-06,18,0.1421870860949443,3.608072315101805e-05,4.9999999999999996e-06,4.852736078349816e-06,1.4602835112805142e-05,4.1278257119241046e-05,7.175741447876302e-05,3.0479157359521976e-05,0.4247527252886521,True,device spread,True,1.8513418791692644,1.1778856450159418,17
32,32,100,10.0,0.03,403.4,202.0276,0.00017939337970895633,17,0.6755506889841161,0.00026555132373371664,0.0017939337970895633,0.0017568233359381222,39.81843359305409,True,1.0824104267855036e-05,18,0.14323950820416112,5.412052133927518e-05,4.9999999999999996e-06,4.852736078349816e-06,1.4602835112805142e-05,5.920373266567046e-05,7.175735188358253e-05,1.2553619217912073e-05,0.17494540821794505,True,device spread,True,1.2406972657950872,0.7906920126661814,17
32,32,100,20.0,0.01,403.4,202.0276,0.0001296331011726778,17,0.4881659008511223,0.00026555132373371664,0.002592662023453556,0.0014919630504950784,41.220843140324355,True,2.6160474290425295e-06,18,0.13916491172665882,1.3080237145212647e-05,4.9999999999999996e-06,4.835397540647445e-06,1.4580430480553696e-05,1.8838704427772385e-05,5.185324046907112e-05,3.301453604129874e-05,0.6366918584575424,True,device spread,True,3.3879690178180972,-0.989164276866744,17
32,32,100,20.0,0.02,403.4,202.0276,0.00012963012601758855,17,0.48815469715969495,0.00026555132373371664,0.002592602520351771,0.0014919667916355878,41.22106426892461,True,5.232164837673442e-06,18,0.13884458275741235,2.616082418836721e-05,4.9999999999999996e-06,4.835397540647445e-06,1.4580430480553696e-05,3.1469749836407504e-05,5.185205040703542e-05,2.038230057062792e-05,0.393085720055969,True,device spread,True,1.7822903626767694,-0.525583998277011,17
32,32,100,20.0,0.03,403.4,202.0276,0.00012962888131869406,17,0.48815000993435187,0.00026555132373371664,0.002592577626373881,0.0014920037047410732,41.22136256760012,True,7.848142871569827e-06,18,0.13852008484035697,3.924071435784913e-05,4.9999999999999996e-06,4.835397540647445e-06,1.4580430480553696e-05,4.43933760445385e-05,5.185155252747763e-05,7.458176482939132e-06,0.14383709106852355,True,device spread,True,1.200032708609806,-0.3540394548805235,17
32,32,100,50.0,0.01,403.4,202.0276,6.19274967604609e-05,17,0.2332034948639876,0.00026555132373371664,0.003096374838023045,0.0010291014024150606,44.41149289540208,True,1.3452094551172649e-06,6,0.13428905447191364,6.726047275586325e-06,4.9999999999999996e-06,4.783978538935819e-06,1.451365620039292e-05,1.3164892090179634e-05,2.477099870418436e-05,1.1606106614004726e-05,0.4685360793323283,True,device spread,True,2.5121841844838397,-11.100249257787306,16
32,32,100,50.0,0.02,403.4,202.0276,6.192615586223699e-05,17,0.2331984453759826,0.00026555132373371664,0.0030963077931118496,0.0010291017672745383,44.4116840500116,True,2.690254559809016e-06,6,0.13203830549268117,1.345127279904508e-05,4.9999999999999996e-06,4.783978538935819e-06,1.451365620039292e-05,1.913447469462082e-05,2.47704623448948e-05,5.635987650273979e-06,0.2275285609045387,True,device spread,True,1.4936064198611612,-6.526446945656818,17
32,32,100,50.0,0.03,403.4,202.0276,6.192484253983079e-05,17,0.2331934997316238,0.00026555132373371664,0.0030962421269915396,0.0010291174041541188,44.41200023963394,True,4.034999461659683e-06,6,0.12978775304122908,2.0174997308298415e-05,4.9999999999999996e-06,4.783978538935819e-06,1.451365620039292e-05,2.556932232704402e-05,2.4769937015932316e-05,-7.993853111117051e-07,-0.03227239982877353,False,device spread,False,1.0359600539287432,-4.513453467617168,17
64,64,20,1.0,0.01,403.4,1016.0459,0.0001213779001747166,37,0.9600365074820462,0.00012643050470347505,0.0001213779001747166,0.0020098594973491273,44.380521568341045,True,1.7269032395847447e-06,18,0.14056910263959646,8.634516197923723e-06,4.9999999999999996e-06,9.645131806565194e-06,2.912762692211567e-05,1.9622850482305014e-05,4.855116006988664e-05,2.892830958758163e-05,0.5958314805648509,True,ReRAM HRS leakage residual,True,3.907802139454793,3.856659970358685,19
64,64,20,1.0,0.02,403.4,1016.0459,0.0001213573339061871,23,0.9598738389189603,0.00012643050470347592,0.0001213573339061871,0.0020072317058627293,44.37062963017883,True,3.4538907620504737e-06,18,0.14134694771971487,1.7269453810252367e-05,4.9999999999999996e-06,9.645131806565194e-06,2.912762692211567e-05,2.7623842408397575e-05,4.854293356247484e-05,2.0919091154077265e-05,0.430939986911882,True,device spread,True,2.1693409830753563,2.1395836272542024,19
64,64,20,1.0,0.03,403.4,1016.0459,0.00012133459459288823,23,0.9596939826939757,0.00012643050470347592,0.00012133459459288823,0.002007195492525633,44.372100592706985,True,5.180801023545598e-06,18,0.1421147825931915,2.590400511772799e-05,4.9999999999999996e-06,9.645131806565194e-06,2.912762692211567e-05,3.602727503146787e-05,4.85338378371553e-05,1.2506562805687429e-05,0.2576874890391003,True,device spread,True,1.478219751718001,1.4575264258874268,19
64,64,20,2.0,0.01,403.4,1016.0459,0.0001166344048534265,33,0.9225179091626287,0.00012643050470347592,0.000233268809706853,0.001970878262337255,44.55666243723903,True,1.6508460783332418e-06,27,0.14477173721507158,8.254230391666209e-06,4.9999999999999996e-06,9.638250073757022e-06,2.9118704562695365e-05,1.9288758835408195e-05,4.66537619413706e-05,2.7365003105962407e-05,0.5865551236865267,True,ReRAM HRS leakage residual,True,3.8378827280152294,3.678003892080838,26
64,64,20,2.0,0.02,403.4,1016.0459,0.00011662550838047479,30,0.9224475426559651,0.00012643050470347592,0.00023325101676094958,0.0019704608489169526,44.55548520811868,True,3.3013441611177266e-06,27,0.1455492973681992,1.6506720805588632e-05,4.9999999999999996e-06,9.638250073757022e-06,2.9118704562695365e-05,2.6885621808420035e-05,4.665020335218992e-05,1.9764581543769885e-05,0.4236762141111239,True,device spread,True,2.1474559179988204,2.05730915887514,26
64,64,20,2.0,0.03,403.4,1016.0459,0.00011661388591117905,37,0.9223556149260063,0.00012643050470347505,0.0002332277718223581,0.00196934935701667,44.55144996100454,True,4.951341960323958e-06,27,0.14631701598839095,2.475670980161979e-05,4.9999999999999996e-06,9.638250073757022e-06,2.9118704562695365e-05,3.4894827042966794e-05,4.664555436447162e-05,1.175072732150483e-05,0.25191526784500967,True,device spread,True,1.4663378174918897,1.4042172440927372,26
64,64,20,5.0,0.01,403.4,1016.0459,0.00010395708996229927,33,0.822246895289355,0.00012643050470347592,0.0005197854498114964,0.001860582539097641,45.05589654018999,True,1.468949942144238e-06,27,0.15627290857481024,7.34474971072119e-06,4.9999999999999996e-06,9.617652439410616e-06,2.909197257674155e-05,1.8502771927247512e-05,4.158283598491971e-05,2.30800640576722e-05,0.5550382389994356,True,ReRAM HRS leakage residual,True,3.6031653940380552,2.725477783676255,26
64,64,20,5.0,0.02,403.4,1016.0459,0.00010395181070531798,33,0.8222051390929871,0.00012643050470347592,0.0005197590535265899,0.0018605505500187954,45.05618830909201,True,2.937602512839157e-06,27,0.1570008269945903,1.4688012564195785e-05,4.9999999999999996e-06,9.617652439410616e-06,2.909197257674155e-05,2.5133377143270672e-05,4.158072428212719e-05,1.644734713885652e-05,0.3955522041237302,True,device spread,True,2.063535287624935,1.5715538629282726,26
64,64,20,5.0,0.03,403.4,1016.0459,0.00010394555595674613,33,0.8221556672619087,0.00012643050470347592,0.0005197277797837306,0.0018605027973772285,45.05648801838906,True,4.405827098505543e-06,27,0.15771947847285891,2.2029135492527715e-05,4.9999999999999996e-06,9.617652439410616e-06,2.909197257674155e-05,3.220709268365182e-05,4.157822238269845e-05,9.37112969904663e-06,0.2253855302612973,True,device spread,True,1.4172537009560782,1.080596009360317,26
64,64,20,10.0,0.01,403.4,1016.0459,8.699963032926983e-05,33,0.6881221468925922,0.00012643050470347592,0.0008699963032926983,0.001701919309591053,45.82843116920596,True,1.227694232407351e-06,27,0.17158562917256479,6.138471162036755e-06,4.9999999999999996e-06,9.583480805301029e-06,2.9047535869905234e-05,1.7500603275438575e-05,3.479985213170793e-05,1.7299248856269357e-05,0.4971069644433093,True,ReRAM HRS leakage residual,True,3.1970464077336787,0.14213685248969504,28
64,64,20,10.0,0.02,403.4,1016.0459,8.699548004424921e-05,33,0.688089320281401,0.00012643050470347592,0.0008699548004424922,0.0017018923791691882,45.82870809344466,True,2.4551552022266103e-06,27,0.17210987166764063,1.2275776011133052e-05,4.9999999999999996e-06,9.583480805301029e-06,2.9047535869905234e-05,2.2838467665932375e-05,3.479819201769969e-05,1.1959724351767314e-05,0.34368809579773973,True,device spread,True,1.9103231501906937,0.08514831690680492,26
64,64,20,10.0,0.03,403.4,1016.0459,8.699063327216284e-05,33,0.6880509848172047,0.00012643050470347592,0.0008699063327216284,0.0017018521382354743,45.828986644488225,True,3.6822797148772354e-06,27,0.1726259567187242,1.8411398574386176e-05,4.9999999999999996e-06,9.583480805301029e-06,2.9047535869905234e-05,2.8661730134443084e-05,3.479625330886514e-05,6.134523174422054e-06,0.17629838247151583,True,device spread,True,1.327167538331835,0.0583512268876199,26
64,64,20,20.0,0.01,403.4,1016.0459,6.352820290468282e-05,33,0.502475277257485,0.00012643050470347592,0.0012705640580936565,0.00145407609618647,47.192411298715946,True,8.969094894940115e-07,27,0.1937692481110525,4.484547447470057e-06,4.9999999999999996e-06,9.51572325815853e-06,2.8959096953198784e-05,1.6232207889914206e-05,2.541128116187313e-05,9.179073271958923e-06,0.3612204049645134,True,ReRAM HRS leakage residual,True,2.3742576969245817,-6.159377833783394,31
64,64,20,20.0,0.02,403.4,1016.0459,6.352548578505845e-05,33,0.5024537862444518,0.00012643050470347592,0.0012705097157011689,0.0014540562564954456,47.19266429193438,True,1.7936669038046794e-06,27,0.19373497611790896,8.968334519023397e-06,4.9999999999999996e-06,9.51572325815853e-06,2.8959096953198784e-05,1.9783684304301365e-05,2.541019431402338e-05,5.626510009722016e-06,0.22142727206996826,True,ReRAM HRS leakage residual,True,1.5565814349353915,-4.167146515851395,31
64,64,20,20.0,0.03,403.4,1016.0459,6.352240224289378e-05,33,0.5024293970183557,0.00012643050470347592,0.0012704480448578756,0.001454026566452151,47.192908560301376,True,2.690203822276947e-06,27,0.1936932604360026,1.3451019111384735e-05,4.9999999999999996e-06,9.51572325815853e-06,2.8959096953198784e-05,2.386598162290017e-05,2.5408960897157515e-05,1.5429792742573467e-06,0.06072579199529402,True,device spread,True,1.114748707927007,-3.021141934813809,31
64,64,20,50.0,0.01,403.4,1016.0459,3.080605239759098e-05,33,0.2436599653686587,0.00012643050470347592,0.001540302619879549,0.0010122046509723442,50.332645574917535,True,4.6736256310017504e-07,11,0.2112988638322605,2.3368128155008754e-06,4.9999999999999996e-06,9.317022155838368e-06,2.8697201874051384e-05,1.4836142931350452e-05,1.2322420959036394e-05,-2.5137219723140585e-06,-0.20399578789512723,False,ReRAM HRS leakage residual,False,0.5514520307182247,-18.819787776171687,33
64,64,20,50.0,0.02,403.4,1016.0459,3.0805016701818125e-05,33,0.2436517735499573,0.00012643050470347592,0.0015402508350909063,0.0010121948900229944,50.33285383772251,True,9.348049881829173e-07,11,0.20943099683612346,4.674024940914586e-06,4.9999999999999996e-06,9.317022155838368e-06,2.8697201874051384e-05,1.6161473130773583e-05,1.232200668072725e-05,-3.839466450046333e-06,-0.31159425161257304,False,ReRAM HRS leakage residual,False,0.45401320056536365,-15.36061132033454,33
64,64,20,50.0,0.03,403.4,1016.0459,3.080393368988053e-05,33,0.24364320748482818,0.00012643050470347592,0.0015401966844940263,0.001012180245623334,50.33303354485145,True,1.4022927818695247e-06,11,0.20755975442862556,7.011463909347624e-06,4.9999999999999996e-06,9.317022155838368e-06,2.8697201874051384e-05,1.7928678567475113e-05,1.2321573475952211e-05,-5.607105091522902e-06,-0.4550640470120303,False,ReRAM HRS leakage residual,False,0.36621372571076527,-12.31367154768176,33
64,64,40,1.0,0.01,403.4,505.79,0.00017707806525459285,37,0.9414244948729392,0.00018809587621627846,0.00017707806525459285,0.0029467823516009977,44.42366583857532,True,3.6956147180621642e-06,18,0.14204514444292393,1.847807359031082e-05,4.9999999999999996e-06,9.700283580894517e-06,2.919897273948903e-05,2.8842885379211857e-05,7.083122610183715e-05,4.198834072262529e-05,0.5927942100318413,True,device spread,True,3.200059616018678,3.1223415203372937,26
64,64,40,1.0,0.02,403.4,505.79,0.000177048327490722,23,0.9412663959051624,0.00018809587621628062,0.000177048327490722,0.002941179405939671,44.408593757915696,True,7.390625340795295e-06,18,0.1420347322243174,3.695312670397648e-05,4.9999999999999996e-06,9.700283580894517e-06,2.919897273948903e-05,4.699014243286846e-05,7.081933099628881e-05,2.382918856342035e-05,0.33647858894161375,True,device spread,True,1.6427042380333126,1.6020788143947213,26
64,64,40,1.0,0.03,403.4,505.79,0.00017700659576364844,23,0.9410445317797331,0.00018809587621628062,0.00017700659576364844,0.002941219547068181,44.41075987784417,True,1.1084516737361289e-05,18,0.1420157173653381,5.542258368680645e-05,4.9999999999999996e-06,9.700283580894517e-06,2.919897273948903e-05,6.534795004159225e-05,7.080263830545938e-05,5.454688263867129e-06,0.07704074868417063,True,device spread,True,1.1006704589106053,1.0730550967512837,26
64,64,40,2.0,0.01,403.4,505.79,0.00016702611766104245,33,0.8879839421306134,0.00018809587621627802,0.0003340522353220849,0.002863390919364435,44.6819251364161,True,3.4776380857542277e-06,27,0.148224908812294,1.7388190428771137e-05,4.9999999999999996e-06,9.693338098132678e-06,2.91900034936083e-05,2.7786131314969272e-05,6.681044706441699e-05,3.902431574944772e-05,0.5841049935172778,True,device spread,True,3.1601839028496603,2.907587353887636,26
64,64,40,2.0,0.02,403.4,505.79,0.0001670140147667422,30,0.8879195978475507,0.0001880958762162802,0.0003340280295334844,0.0028625824478096078,44.68010176185709,True,6.954849824936411e-06,27,0.14830761531777198,3.4774249124682054e-05,4.9999999999999996e-06,9.693338098132678e-06,2.91900034936083e-05,4.4825209699080026e-05,6.680560590669688e-05,2.1980396207616855e-05,0.3290202357915213,True,device spread,True,1.6273733957754053,1.4970790002617216,26
64,64,40,2.0,0.03,403.4,505.79,0.00016699897609630645,30,0.8878396456936903,0.0001880958762162802,0.0003339979521926129,0.0028626277758198454,44.68102144945555,True,1.0431147658833695e-05,27,0.14838205629593879,5.2155738294168474e-05,4.9999999999999996e-06,9.693338098132678e-06,2.91900034936083e-05,6.208819506911592e-05,6.679959043852259e-05,4.711395369406664e-06,0.07053030323206375,True,device spread,True,1.091076486111534,1.003351393715248,26
64,64,40,5.0,0.01,403.4,505.79,0.00014154328235579927,33,0.7525060368311783,0.00018809587621627802,0.0007077164117789964,0.00263559908933473,45.39980172483788,True,2.9431298244489914e-06,27,0.16418164523069234,1.4715649122244956e-05,4.9999999999999996e-06,9.672549852458336e-06,2.9163131146907155e-05,2.5214439347916368e-05,5.661731294231971e-05,3.140287359440334e-05,0.5546514301446237,True,device spread,True,3.0290985557336145,1.5719696449988823,26
64,64,40,5.0,0.02,403.4,505.79,0.00014153588578438625,33,0.7524667134203635,0.00018809587621627802,0.0007076794289219313,0.0026355911941692753,45.400229612428674,True,5.885927881625652e-06,27,0.1644226734398236,2.942963940812826e-05,4.9999999999999996e-06,9.672549852458336e-06,2.9163131146907155e-05,3.9523909548332424e-05,5.66143543137545e-05,1.7090444765422077e-05,0.30187476255063356,True,device spread,True,1.5770237737924884,0.8205984594514494,26
64,64,40,5.0,0.03,403.4,505.79,0.0001415286397177886,33,0.7524281901590172,0.00018809587621627802,0.000707643198588943,0.002635589367054595,45.400668284869276,True,8.827977208553638e-06,27,0.1646565450739592,4.413988604276819e-05,4.9999999999999996e-06,9.672549852458336e-06,2.9163131146907155e-05,5.409472381849203e-05,5.661145588711544e-05,2.5167320686234144e-06,0.04445623291585782,True,device spread,True,1.0596375860866105,0.5509686988239213,26
64,64,40,10.0,0.01,403.4,505.79,0.00011043667967230079,33,0.5871297228511142,0.00018809587621627802,0.001104366796723008,0.002327487124713261,46.47547892609719,True,2.296403489093152e-06,27,0.18229953919251735,1.148201744546576e-05,4.9999999999999996e-06,9.638062646929492e-06,2.911846149641125e-05,2.2161509641187105e-05,4.417467186892032e-05,2.2013162227733218e-05,0.49832089965609616,True,device spread,True,2.774372953756865,-2.256397641374423,31
64,64,40,10.0,0.02,403.4,505.79,0.00011043102857616521,33,0.5870996791507989,0.00018809587621627802,0.001104310285761652,0.0023274805991733948,46.47589904594241,True,4.592581143159678e-06,27,0.18252468886186787,2.296290571579839e-05,4.9999999999999996e-06,9.638062646929492e-06,2.911846149641125e-05,3.313902090212935e-05,4.417241143046609e-05,1.1033390528336741e-05,0.24978012680391992,True,device spread,True,1.4793718507941929,-1.221332853828473,28
64,64,40,10.0,0.03,403.4,505.79,0.00011042543129243575,33,0.5870699215407861,0.00018809587621627802,0.0011042543129243575,0.002327478538461,46.47633161791808,True,6.888203956400283e-06,27,0.18274464944438842,3.444101978200141e-05,4.9999999999999996e-06,9.638062646929492e-06,2.911846149641125e-05,4.444012930430219e-05,4.4170172516974304e-05,-2.699567873278873e-07,-0.0061117440106022835,False,device spread,False,0.9989806395199398,-0.8288894614766208,28
64,64,40,20.0,0.01,403.4,505.79,7.26589767108874e-05,33,0.3862869201201521,0.00018809587621627802,0.001453179534217748,0.0018870435171713133,48.28985276709166,True,1.5165840677300098e-06,27,0.20721325844027813,7.582920338650048e-06,4.9999999999999996e-06,9.569681778847858e-06,2.9029560374732588e-05,1.865267032129976e-05,2.906359068435496e-05,1.0410920363055201e-05,0.3582117734908591,True,ReRAM HRS leakage residual,True,2.1597541037075696,-11.415218915635945,31
64,64,40,20.0,0.02,403.4,505.79,7.26553889972647e-05,33,0.3862678462643352,0.00018809587621627802,0.001453107779945294,0.0018870388743415763,48.290260294049396,True,3.033053373381194e-06,27,0.20700526013854642,1.516526686690597e-05,4.9999999999999996e-06,9.569681778847858e-06,2.9029560374732588e-05,2.5537941519485724e-05,2.906215559890588e-05,3.524214079420158e-06,0.12126471718267298,True,device spread,True,1.2309232429033088,-6.597030314604457,31
64,64,40,20.0,0.03,403.4,505.79,7.265178818142896e-05,33,0.3862487027514194,0.00018809587621627802,0.001453035763628579,0.0018870369093169437,48.290681734315015,True,4.549188361473258e-06,27,0.20679433658447566,2.2745941807366287e-05,4.9999999999999996e-06,9.569681778847858e-06,2.9029560374732588e-05,3.2858689243832136e-05,2.9060715272571583e-05,-3.7979739712605537e-06,-0.1306910010864461,False,device spread,False,0.8445170386180861,-4.543185506594581,33
64,64,40,50.0,0.01,403.4,505.79,2.964644888946177e-05,33,0.15761349736010924,0.00018809587621627802,0.0014823224444730884,0.0012044394476444897,52.17624581740604,True,7.765403399184754e-07,58,0.20172219843914008,3.882701699592377e-06,4.9999999999999996e-06,9.369171238882189e-06,2.876630748328856e-05,1.5699682473215284e-05,1.1858579555784708e-05,-3.8411029174305755e-06,-0.32390919159933074,False,ReRAM HRS leakage residual,False,0.42382145132228854,-28.558099159886204,33
64,64,40,50.0,0.02,403.4,505.79,2.9645084794829322e-05,33,0.15760624523603353,0.00018809587621627802,0.0014822542397414662,0.0012044373275863795,52.17663019346331,True,1.5529334596925332e-06,58,0.19979141216418256,7.764667298462666e-06,4.9999999999999996e-06,9.369171238882189e-06,2.876630748328856e-05,1.8604432916594168e-05,1.185803391793173e-05,-6.746398998662438e-06,-0.5689306545548437,False,ReRAM HRS leakage residual,False,0.3135687793412542,-20.12172035248983,33
64,64,40,50.0,0.03,403.4,505.79,2.9643696042556915e-05,33,0.15759886202115214,0.00018809587621627802,0.0014821848021278458,0.0012044361306380255,52.17702846989236,True,2.329067657578876e-06,58,0.19786234218714754,1.164533828789438e-05,4.9999999999999996e-06,9.369171238882189e-06,2.876630748328856e-05,2.204252532686927e-05,1.1857478417022766e-05,-1.0185046909846502e-05,-0.8589555512261952,False,device spread,False,0.23673148429660734,-14.83950512609574,33
64,64,60,1.0,0.01,403.4,336.8506,0.00020882918990069597,30,0.9305191218793045,0.00022442224451974533,0.00020882918990069597,0.003491368957933608,44.464090849888535,True,5.1640687328253835e-06,27,0.14289259525170575,2.5820343664126918e-05,4.9999999999999996e-06,9.718656155900153e-06,2.9222677063626273e-05,3.601865894931482e-05,8.353167596027839e-05,4.751301701096357e-05,0.5688023910062252,True,device spread,True,2.808651701457627,2.719844840329387,26
64,64,60,1.0,0.02,403.4,336.8506,0.0002088012587708704,23,0.9303946639411668,0.0002244222445197449,0.0002088012587708704,0.003481863994200623,44.44157381077912,True,1.032802760184385e-05,27,0.14245891891542822,5.164013800921925e-05,4.9999999999999996e-06,9.718656155900153e-06,2.9222677063626273e-05,6.160028926060506e-05,8.352050350834816e-05,2.1920214247743102e-05,0.2624530902828202,True,device spread,True,1.4236422145859755,1.378149820830838,26
64,64,60,1.0,0.03,403.4,336.8506,0.0002087485010993733,23,0.9301595817566444,0.0002244222445197449,0.0002087485010993733,0.003482017069706909,44.44415060105045,True,1.549130571231261e-05,27,0.14201717726045496,7.745652856156305e-05,4.9999999999999996e-06,9.718656155900153e-06,2.9222677063626273e-05,8.733639779277228e-05,8.349940043974932e-05,-3.836997353022959e-06,-0.04595239406289656,False,device spread,False,0.9515125146621869,0.9208021317520132,26
64,64,60,2.0,0.01,403.4,336.8506,0.00019484953536443765,33,0.868227371049642,0.00022442224451974446,0.0003896990707288753,0.003372868538050777,44.76600079616298,True,4.81441478087967e-06,27,0.1502071347883883,2.407207390439835e-05,4.9999999999999996e-06,9.711689377919254e-06,2.9213692206329737e-05,3.429755405782864e-05,7.793981414577506e-05,4.364226008794642e-05,0.5599482185872285,True,device spread,True,2.778642698109129,2.474049214111991,26
64,64,60,2.0,0.02,403.4,336.8506,0.00019483798623247162,30,0.8681759094309798,0.00022442224451974533,0.00038967597246494323,0.0033718069925821603,44.76378149502654,True,9.6287407603451e-06,27,0.14994650198488424,4.814370380172549e-05,4.9999999999999996e-06,9.711689377919254e-06,2.9213692206329737e-05,5.811433616245241e-05,7.793519449298865e-05,1.9820858330536248e-05,0.2543248715741565,True,device spread,True,1.4112755305102405,1.256296308463949,26
64,64,60,2.0,0.03,403.4,336.8506,0.00019482207308599975,30,0.8681050022599641,0.00022442224451974533,0.0003896441461719995,0.0033719606508178417,44.764886752894164,True,1.4442430419760065e-05,27,0.14967811172253884,7.221215209880033e-05,4.9999999999999996e-06,9.711689377919254e-06,2.9213692206329737e-05,8.209673555971204e-05,7.79288292343999e-05,-4.167906325312139e-06,-0.05348349726614797,False,device spread,False,0.9436068183786486,0.8396472507271929,26
64,64,60,5.0,0.01,403.4,336.8506,0.0001604777384068339,33,0.7150705526105512,0.00022442224451974446,0.0008023886920341696,0.0030603055763015583,45.606999967402324,True,3.960974282162619e-06,27,0.16837809359609326,1.9804871410813095e-05,4.9999999999999996e-06,9.690837460558065e-06,2.918677312505405e-05,3.011711787572034e-05,6.419109536273356e-05,3.407397748701322e-05,0.5308209385502249,True,device spread,True,2.6777225112332186,0.9097903986756644,26
64,64,60,5.0,0.02,403.4,336.8506,0.00016046991234480238,33,0.7150356805681283,0.00022442224451974446,0.0008023495617240119,0.003060339785914701,45.607520659540015,True,7.921907450557945e-06,27,0.16845275481428323,3.960953725278972e-05,4.9999999999999996e-06,9.690837460558065e-06,2.918677312505405e-05,4.961470803168552e-05,6.418796493792095e-05,1.4573256906235432e-05,0.22704033256592385,True,device spread,True,1.3699068819523375,0.4653300145484631,26
64,64,60,5.0,0.03,403.4,336.8506,0.00016046367217261034,33,0.7150078750704808,0.00022442224451974446,0.0008023183608630517,0.0030604120953658205,45.60806366019099,True,1.1882317240217112e-05,27,0.16852061992700795,5.941158620108556e-05,4.9999999999999996e-06,9.690837460558065e-06,2.918677312505405e-05,6.931244910372836e-05,6.418546886904413e-05,-5.126980234684226e-06,-0.07987758483379882,False,device spread,False,0.9172204793853882,0.3107851236664181,26
64,64,60,10.0,0.01,403.4,336.8506,0.00012060020099260992,33,0.5373807808164918,0.00022442224451974446,0.001206002009926099,0.0026518472861739605,46.84400957649782,True,2.9794196639219946e-06,27,0.18793756104120096,1.4897098319609973e-05,4.9999999999999996e-06,9.65624484392403e-06,2.914202591433688e-05,2.537004573181001e-05,4.824008039704397e-05,2.2870034665233957e-05,0.4740878223460709,True,device spread,True,2.47141005064954,-3.481115131910015,31
64,64,60,10.0,0.02,403.4,336.8506,0.00012059403799771532,33,0.5373533192121049,0.00022442224451974446,0.0012059403799771532,0.002651872565784495,46.84453626089884,True,5.958843999392032e-06,27,0.18821369412586383,2.979421999696016e-05,4.9999999999999996e-06,9.65624484392403e-06,2.914202591433688e-05,3.9867096292158e-05,4.823761519908613e-05,8.37051890692813e-06,0.17352679796423087,True,device spread,True,1.2863732922126092,-1.829059300111056,31
64,64,60,10.0,0.03,403.4,336.8506,0.00012058867264152004,33,0.5373294117950539,0.00022442224451974446,0.0012058867264152003,0.002651926154720175,46.84509823624508,True,8.937880807950578e-06,27,0.1884837995826183,4.4689404039752886e-05,4.9999999999999996e-06,9.65624484392403e-06,2.914202591433688e-05,5.462448734269511e-05,4.823546905660802e-05,-6.389018286087084e-06,-0.1324547767658086,False,device spread,False,0.8643241850274899,-1.2328335843982632,30
64,64,60,20.0,0.01,403.4,336.8506,7.533478436359253e-05,33,0.33568323195771554,0.00022442224451974446,0.0015066956872718507,0.0020943363998014173,48.88101782767784,True,1.888027970354105e-06,18,0.21068190885312205,9.440139851770526e-06,4.9999999999999996e-06,9.587655774414509e-06,2.9052970901230404e-05,2.0270176095995276e-05,3.0133913745437012e-05,9.863737649441736e-06,0.3273301215622992,True,ReRAM HRS leakage residual,True,1.9526207839171201,-13.631937518456583,31
64,64,60,20.0,0.02,403.4,336.8506,7.533071305484247e-05,33,0.3356650906689196,0.00022442224451974446,0.0015066142610968493,0.0020943517859522533,48.88155106196204,True,3.775726794752555e-06,18,0.21057763682450328,1.8878633973762774e-05,4.9999999999999996e-06,9.587655774414509e-06,2.9052970901230404e-05,2.9117192909618458e-05,3.0132285221936986e-05,1.0150923123185283e-06,0.0336878635271751,True,device spread,True,1.0713810299914297,-7.526779428370542,31
64,64,60,20.0,0.03,403.4,336.8506,7.532681557634904e-05,33,0.33564772394797904,0.00022442224451974446,0.0015065363115269808,0.0020943845509578036,48.8821363512302,True,5.662832123900961e-06,18,0.21046944671786633,2.8314160619504805e-05,4.9999999999999996e-06,9.587655774414509e-06,2.9052970901230404e-05,3.833990249683807e-05,3.0130726230539617e-05,-8.209176266298455e-06,-0.2724519881627637,False,device spread,False,0.7282418037683432,-5.124837534419721,33
64,64,60,50.0,0.01,403.4,336.8506,2.8451293510733678e-05,33,0.12677572836693807,0.00022442224451974446,0.001422564675536684,0.0012855343133191441,53.09963314610944,True,9.91921621784907e-07,58,0.19569919312892106,4.959608108924535e-06,4.9999999999999996e-06,9.386540907225377e-06,2.8789265948052627e-05,1.6429105255111025e-05,1.1380517404293471e-05,-5.048587850817554e-06,-0.4436167242196649,False,ReRAM HRS leakage residual,False,0.32617959090560256,-32.47646936567591,33
64,64,60,50.0,0.02,403.4,336.8506,2.8449652169205567e-05,33,0.1267684147357442,0.00022442224451974446,0.0014224826084602783,0.0012855398717315615,53.10017180148446,True,1.9837421178952473e-06,58,0.19388696407494732,9.918710589476236e-06,4.9999999999999996e-06,9.386540907225377e-06,2.8789265948052627e-05,2.04942328257919e-05,1.1379860867682228e-05,-9.114371958109673e-06,-0.8009212119625875,False,device spread,False,0.23097189469376292,-21.491242303737494,33
64,64,60,50.0,0.03,403.4,336.8506,2.8447909851263433e-05,33,0.12676065116513266,0.00022442224451974446,0.0014223954925631716,0.001285551803370609,53.100784377393055,True,2.9753247631326694e-06,58,0.192074882880092,1.4876623815663347e-05,4.9999999999999996e-06,9.386540907225377e-06,2.8789265948052627e-05,2.5080932776704164e-05,1.1379163940505374e-05,-1.370176883619879e-05,-1.2041103290045634,False,device spread,False,0.17067073304569402,-15.445193900309835,33
64,64,100,1.0,0.01,403.4,202.0276,0.00024381500115626658,30,0.9181464348918129,0.00026555132372212045,0.00024381500115626658,0.0040983906733016735,44.51105863386544,True,7.0972864538446465e-06,27,0.14388593082238743,3.548643226922323e-05,4.9999999999999996e-06,9.733358930984377e-06,2.924162404573799e-05,4.5570307394799874e-05,9.752600046250663e-05,5.195569306770676e-05,0.532736837574723,True,device spread,True,2.4518674700163747,2.349084289563559,26
64,64,100,1.0,0.02,403.4,202.0276,0.00024378643917456484,37,0.9180388775981742,0.00026555132372212045,0.00024378643917456484,0.004096175999487948,44.507381292893406,True,1.4195589260167e-05,27,0.14300737475951655,7.0977946300835e-05,4.9999999999999996e-06,9.733358930984377e-06,2.924162404573799e-05,8.088719832903947e-05,9.751457566982594e-05,1.6627377340786467e-05,0.1705117130087815,True,device spread,True,1.2347828246407384,1.1826629144722822,26
64,64,100,1.0,0.03,403.4,202.0276,0.0002437353446393736,23,0.9178464683325185,0.00026555132372212045,0.0002437353446393736,0.004085714085770296,44.486989200781665,True,2.129469065684203e-05,27,0.14212075505778837,0.00010647345328421016,4.9999999999999996e-06,9.733358930984377e-06,2.924162404573799e-05,0.00011632414771812528,9.749413785574944e-05,-1.8830009862375843e-05,-0.1931399187327179,False,device spread,False,0.8242155354784844,0.7891806471329059,26
64,64,100,2.0,0.01,403.4,202.0276,0.0002247236535460228,33,0.846253185245565,0.00026555132372212305,0.0004494473070920456,0.003935090613699309,44.86611900721528,True,6.535710590570528e-06,27,0.1524644195647638,3.267855295285264e-05,4.9999999999999996e-06,9.726375090352707e-06,2.9232626698092422e-05,4.278522901925342e-05,8.988946141840913e-05,4.710423239915571e-05,0.5240239696164081,True,device spread,True,2.4286170631175836,2.064006512378527,26
64,64,100,2.0,0.02,403.4,202.0276,0.00022471574808553601,33,0.8462234152546797,0.00026555132372212305,0.00044943149617107203,0.003935230901167625,44.866734219640364,True,1.3072362092387638e-05,27,0.15187093166201693,6.536181046193819e-05,4.9999999999999996e-06,9.726375090352707e-06,2.9232626698092422e-05,7.527914975979239e-05,8.98862992342144e-05,1.460714947442202e-05,0.1625069626724819,True,device spread,True,1.2246602214226778,1.0404575951827213,26
64,64,100,2.0,0.03,403.4,202.0276,0.00022470120592697133,30,0.8461686531154493,0.00026555132372212045,0.00044940241185394266,0.003934085097771466,44.864766933281615,True,1.9609703430267846e-05,27,0.1512695144040516,9.804851715133923e-05,4.9999999999999996e-06,9.726375090352707e-06,2.9232626698092422e-05,0.00010790229737059647,8.988048237078854e-05,-1.802181499980794e-05,-0.2005086591042272,False,device spread,False,0.8176526399687194,0.6943436262567122,26
64,64,100,5.0,0.01,403.4,202.0276,0.00017937736974952715,33,0.6754903995026978,0.00026555132372212305,0.0008968868487476357,0.003514358805822999,45.841568961183754,True,5.21240248839087e-06,27,0.1727751528045911,2.606201244195435e-05,4.9999999999999996e-06,9.705472156699632e-06,2.9205670225610283e-05,3.6242775948241515e-05,7.175094789981086e-05,3.550817195156934e-05,0.4948808760150602,True,device spread,True,2.34846727687897,0.24993059831329864,26
64,64,100,5.0,0.02,403.4,202.0276,0.00017936983451942277,33,0.6754620237070184,0.00026555132372212305,0.0008968491725971138,0.003514470358344351,45.84220954556421,True,1.042557024309114e-05,27,0.172758420532555,5.21278512154557e-05,4.9999999999999996e-06,9.705472156699632e-06,2.9205670225610283e-05,6.207256938712367e-05,7.174793380776911e-05,9.675364420645439e-06,0.1348521679602397,True,device spread,True,1.1899829410798786,0.12529469816185387,26
64,64,100,5.0,0.03,403.4,202.0276,0.000179366167666318,33,0.6754482152535211,0.00026555132372212305,0.0008968308383315901,0.0035146764411404614,45.84289642424256,True,1.5639202271816908e-05,27,0.1727340181452669,7.819601135908454e-05,4.9999999999999996e-06,9.705472156699632e-06,2.9205670225610283e-05,8.80611751557161e-05,7.17464670665272e-05,-1.6314708089188893e-05,-0.2273938878977973,False,device spread,False,0.7952145806346352,0.08268687137964288,26
64,64,100,10.0,0.01,403.4,202.0276,0.0001295956245262909,33,0.4880247731768106,0.00026555132372212305,0.001295956245262909,0.0029849003729569396,47.24679002694273,True,3.7722804489198414e-06,27,0.1952884427401626,1.8861402244599206e-05,4.9999999999999996e-06,9.67079508129489e-06,2.9160860961107392e-05,2.9183675305202686e-05,5.183824981051636e-05,2.2654574505313677e-05,0.4370242936079561,True,device spread,True,2.176360904739055,-4.65043212017608,31
64,64,100,10.0,0.02,403.4,202.0276,0.00012958908005179088,33,0.48800012831943124,0.00026555132372212305,0.0012958908005179088,0.0029849804871050875,47.24746179290642,True,7.545135061047359e-06,27,0.19567784436039323,3.7725675305236795e-05,4.9999999999999996e-06,9.67079508129489e-06,2.9160860961107392e-05,4.772636730450753e-05,5.1835632020716355e-05,4.109264716208823e-06,0.07927490330525026,True,device spread,True,1.1165754108083732,-2.400120446283992,31
64,64,100,10.0,0.03,403.4,202.0276,0.0001295843103270806,33,0.487982166726759,0.00026555132372212305,0.001295843103270806,0.002985128521773451,47.24821224645999,True,1.1318257453049967e-05,27,0.1960587681400914,5.659128726524984e-05,4.9999999999999996e-06,9.67079508129489e-06,2.9160860961107392e-05,6.648253501537919e-05,5.1833724130832245e-05,-1.464881088454694e-05,-0.28261158406392395,False,device spread,False,0.7481780344158552,-1.6114776042794583,31
64,64,100,20.0,0.01,403.4,202.0276,7.687553044555536e-05,33,0.2894940585044836,0.00026555132372212305,0.001537510608911107,0.0022960529012581695,49.50387529146414,True,2.3087807152963445e-06,18,0.21212864207095614,1.1543903576481723e-05,4.9999999999999996e-06,9.602039196968636e-06,2.9071682824795275e-05,2.218225023586252e-05,3.0750212178222144e-05,8.567961942359624e-06,0.27863098611162135,True,device spread,True,1.7336045505141922,-15.476142700227534,31
64,64,100,20.0,0.02,403.4,202.0276,7.687081487111885e-05,33,0.28947630082822573,0.00026555132372212305,0.001537416297422377,0.0022960999576995276,49.50458611468282,True,4.616970973082745e-06,18,0.21225579110657675,2.3084854865413722e-05,4.9999999999999996e-06,9.602039196968636e-06,2.9071682824795275e-05,3.3222168835842674e-05,3.0748325948447545e-05,-2.473842887395129e-06,-0.08045455520221684,False,device spread,False,0.9273121846590249,-8.285126032892302,31
64,64,100,20.0,0.03,403.4,202.0276,7.686637417292942e-05,33,0.2894595782673016,0.00026555132372212305,0.0015373274834585885,0.0022961869456882933,49.50541695807974,True,6.924336781747069e-06,18,0.21237441138110447,3.462168390873534e-05,4.9999999999999996e-06,9.602039196968636e-06,2.9071682824795275e-05,4.458290534800017e-05,3.074654966917177e-05,-1.3836355678828398e-05,-0.45001328043977273,False,device spread,False,0.6266303971953104,-5.601687778225759,33
64,64,100,50.0,0.01,403.4,202.0276,2.701411639347349e-05,33,0.10172841925556159,0.00026555132372212305,0.0013507058196736744,0.001358647893943242,54.03032306355165,True,1.243737931387453e-06,59,0.19450646772112382,6.218689656937266e-06,4.9999999999999996e-06,9.40044015350968e-06,2.8807616200836935e-05,1.7379920152187447e-05,1.0805646557389397e-05,-6.57427359479805e-06,-0.6084109414352684,False,ReRAM HRS leakage residual,False,0.22082252163989102,-35.63126503506538,33
64,64,100,50.0,0.02,403.4,202.0276,2.701207641992278e-05,33,0.10172073722437411,0.00026555132372212305,0.001350603820996139,0.0013586641426068114,54.03108288182168,True,2.487405440277088e-06,59,0.19609156737998393,1.2437027201385441e-05,4.9999999999999996e-06,9.40044015350968e-06,2.8807616200836935e-05,2.2804903798430404e-05,1.0804830567969112e-05,-1.2000073230461292e-05,-1.1106211388483473,False,device spread,False,0.1505838978809558,-22.37025683805545,33
64,64,100,50.0,0.03,403.4,202.0276,2.7009770488009943e-05,33,0.1017120536603816,0.00026555132372212305,0.0013504885244004972,0.0013586942062212958,54.03201659268576,True,3.730887786632669e-06,59,0.1976730880328733,1.8654438933163343e-05,4.9999999999999996e-06,9.40044015350968e-06,2.8807616200836935e-05,2.8713339778141926e-05,1.0803908195203978e-05,-1.7909431582937947e-05,-1.6576808372814775,False,device spread,False,0.10944409460256573,-15.7824661699379,33
128,128,20,1.0,0.01,403.4,1016.0459,0.000116626948130682,67,0.9224589303745067,0.00012643050469827739,0.000116626948130682,0.003941627604867729,50.5775335915033,True,2.281918128596039e-06,72,0.21965340414582046,1.1409590642980196e-05,4.9999999999999996e-06,1.9276500147514045e-05,5.823740912539073e-05,3.1733576796567034e-05,4.6650779252272805e-05,1.4917202455705771e-05,0.31976319998939806,True,ReRAM HRS leakage residual,True,2.199135300475036,1.9566546429697937,71
128,128,20,1.0,0.02,403.4,1016.0459,0.00011661273856972858,67,0.9223465400855703,0.00012643050469827739,0.00011661273856972858,0.00394158635139029,50.57850101704513,True,4.5635411466370725e-06,72,0.22014929614505596,2.2817705733185363e-05,4.9999999999999996e-06,1.9276500147514045e-05,5.823740912539073e-05,4.2635603189502626e-05,4.664509542789144e-05,4.009492238388811e-06,0.08595742385364133,True,device spread,True,1.1727897559840683,1.0480617759232975,71
128,128,20,1.0,0.03,403.4,1016.0459,0.00011659550351754118,71,0.9222102197234604,0.00012643050469827175,0.00011659550351754118,0.00394020707348657,50.576744881098705,True,6.844656760897669e-06,72,0.22063982106127747,3.422328380448835e-05,4.9999999999999996e-06,1.9276500147514045e-05,5.823740912539073e-05,5.386310383105826e-05,4.6638201407016475e-05,-7.224902424041788e-06,-0.1549138304238902,False,device spread,False,0.7920375876338316,0.7097884376035443,71
128,128,20,2.0,0.01,403.4,1016.0459,0.0001079368429605576,67,0.8537246862863171,0.00012643050469827739,0.0002158736859211152,0.0037916342183080976,50.913134454550566,True,2.11062122562925e-06,72,0.2153896483595288,1.0553106128146251e-05,4.9999999999999996e-06,1.9249020806797086e-05,5.820175479242032e-05,3.0926693903434016e-05,4.3174737184223045e-05,1.224804328078903e-05,0.28368541604613917,True,ReRAM HRS leakage residual,True,2.0505506664046873,1.0744987816409493,71
128,128,20,2.0,0.02,403.4,1016.0459,0.00010792380972380556,67,0.8536216001143276,0.00012643050469827739,0.00021584761944761112,0.0037915957342098895,50.91409516806182,True,4.2209790797042155e-06,72,0.21587701085745373,2.110489539852108e-05,4.9999999999999996e-06,1.9249020806797086e-05,5.820175479242032e-05,4.093811045533965e-05,4.3169523889522224e-05,2.2314134341825726e-06,0.05168955395230023,True,device spread,True,1.1040348334374306,0.5838146877602362,71
128,128,20,2.0,0.03,403.4,1016.0459,0.00010790979423483187,67,0.8535107448345268,0.00012643050469827739,0.00021581958846966375,0.0037915242071277335,50.91505937371331,True,6.330881753883046e-06,72,0.21635966212420793,3.1654408769415234e-05,4.9999999999999996e-06,1.9249020806797086e-05,5.820175479242032e-05,5.1295886403002155e-05,4.3163917693932753e-05,-8.131968709069402e-06,-0.18839737316551447,False,device spread,False,0.7471576186351305,0.3973076828543402,71
128,128,20,5.0,0.01,403.4,1016.0459,8.699921852857501e-05,65,0.688118889790079,0.00012643050469827305,0.00043499609264287503,0.003404028888537372,51.849557710369645,True,1.7000110079121345e-06,72,0.20130933637997891,8.500055039560672e-06,4.9999999999999996e-06,1.9166961610602058e-05,5.809507173981047e-05,2.9028550512780084e-05,3.479968741143001e-05,5.771136898649924e-06,0.16583875683763716,True,ReRAM HRS leakage residual,True,1.5888714619005178,-3.6752867508027065,71
128,128,20,5.0,0.02,403.4,1016.0459,8.69922200882845e-05,67,0.6880635357415429,0.00012643050469827739,0.00043496110044142247,0.0034033158003484304,51.84843671177055,True,3.3998307915254955e-06,72,0.201678238484246,1.6999153957627477e-05,4.9999999999999996e-06,1.9166961610602058e-05,5.809507173981047e-05,3.688619509501447e-05,3.47968880353138e-05,-2.0893070597006707e-06,-0.060042928482004675,False,ReRAM HRS leakage residual,False,0.8841619838552139,-2.096507459980694,71
128,128,20,5.0,0.03,403.4,1016.0459,8.698132807259939e-05,67,0.687977385522408,0.00012643050469827739,0.00043490664036299694,0.0034032573327177408,51.84937509066553,True,5.099314418917849e-06,72,0.20204412995807777,2.5496572094589246e-05,4.9999999999999996e-06,1.9166961610602058e-05,5.809507173981047e-05,4.5149170688634414e-05,3.4792531229039756e-05,-1.0356639459594658e-05,-0.2976684677356972,False,device spread,False,0.6029144628512098,-1.4401139345746994,71
128,128,20,10.0,0.01,403.4,1016.0459,6.352524952213052e-05,65,0.5024519175473815,0.00012643050469827305,0.0006352524952213053,0.0029083795717768763,53.21409411866458,True,1.2425930245842015e-06,72,0.1887171824724028,6.212965122921007e-06,4.9999999999999996e-06,1.903144651631706e-05,5.791819390639757e-05,2.7006465990815717e-05,2.5410099808852212e-05,-1.5963661819635048e-06,-0.06282408152554256,False,ReRAM HRS leakage residual,False,0.8040270019303841,-14.327023084687879,67
128,128,20,10.0,0.02,403.4,1016.0459,6.352341226593346e-05,65,0.502437385799672,0.00012643050469827305,0.0006352341226593347,0.0029083537093840613,53.21426809421213,True,2.4850671997237014e-06,72,0.1884801615626879,1.2425335998618507e-05,4.9999999999999996e-06,1.903144651631706e-05,5.791819390639757e-05,3.242506345419329e-05,2.5409364906373388e-05,-7.015698547819903e-06,-0.2761068044664181,False,ReRAM HRS leakage residual,False,0.47907326049705284,-8.861564394868772,67
128,128,20,10.0,0.03,403.4,1016.0459,6.352121331397399e-05,65,0.5024199932252714,0.00012643050469827305,0.0006352121331397399,0.002908308091269246,53.214432532661434,True,3.7273256440968745e-06,72,0.1882388809064458,1.863662822048437e-05,4.9999999999999996e-06,1.903144651631706e-05,5.791819390639757e-05,3.832714322383592e-05,2.5408485325589597e-05,-1.2918657898246326e-05,-0.5084387255951689,False,ReRAM HRS leakage residual,False,0.33249990783984495,-6.222505045753795,67
128,128,20,20.0,0.01,403.4,1016.0459,3.8127744448409963e-05,65,0.3015707683790553,0.00012643050469827305,0.0007625548889681993,0.002252734638010838,55.42937845309412,True,7.59725851911432e-07,87,0.18588653426326343,3.79862925955716e-06,4.9999999999999996e-06,1.8765012762122536e-05,5.756787182069779e-05,2.504431083209531e-05,1.5251097779363985e-05,-9.793213052731323e-06,-0.6421316809064304,False,ReRAM HRS leakage residual,False,-0.5714839566113008,-32.09702906677936,64
128,128,20,20.0,0.02,403.4,1016.0459,3.8126791517626365e-05,65,0.3015632311886765,0.00012643050469827305,0.0007625358303525274,0.002252718878672333,55.429534779534364,True,1.5195062972536176e-06,87,0.1868954848264492,7.597531486268088e-06,4.9999999999999996e-06,1.8765012762122536e-05,5.756787182069779e-05,2.786020295721109e-05,1.5250716607050546e-05,-1.2609486350160544e-05,-0.8268127114978363,False,ReRAM HRS leakage residual,False,-0.4024555768939647,-22.639801997208007,64
128,128,20,20.0,0.03,403.4,1016.0459,3.8125740680664024e-05,65,0.30155491961098524,0.00012643050469827305,0.0007625148136132804,0.0022526911364564193,55.42966721288681,True,2.27928741523581e-06,87,0.1879376744496499,1.139643707617905e-05,4.9999999999999996e-06,1.8765012762122536e-05,5.756787182069779e-05,3.1210043016457334e-05,1.525029627226561e-05,-1.5959746744191724e-05,-1.046520438636745,False,ReRAM HRS leakage residual,False,-0.29669496757524677,-16.70429559320113,64
128,128,20,50.0,0.01,403.4,1016.0459,1.3581418666750557e-05,65,0.1074220078387148,0.00012643050469827305,0.0006790709333375279,0.0013441302573903966,59.9099244065644,True,4.037258140584549e-07,13,0.229857250919026,2.0186290702922745e-06,4.9999999999999996e-06,1.8000738218400692e-05,5.6543532296006796e-05,2.3392849430479784e-05,5.432567466700223e-06,-1.796028196377956e-05,-3.3060393771213947,False,ReRAM HRS leakage residual,False,-2.4333105188137902,-48.86216495999973,64
128,128,20,50.0,0.02,403.4,1016.0459,1.3581157430538352e-05,65,0.10741994159518578,0.00012643050469827305,0.0006790578715269176,0.0013441245374150002,59.91005451666899,True,8.072969422319195e-07,13,0.22561594814459632,4.0364847111595975e-06,4.9999999999999996e-06,1.8000738218400692e-05,5.6543532296006796e-05,2.4426717429651314e-05,5.432462972215341e-06,-1.8994254457435972e-05,-3.4964351445344826,False,ReRAM HRS leakage residual,False,-2.2318611665349684,-42.39939695810159,64
128,128,20,50.0,0.03,403.4,1016.0459,1.358092233232475e-05,65,0.10741808208972732,0.00012643050469827305,0.0006790461166162375,0.0013441144944941555,59.91013997730943,True,1.2106808838517983e-06,13,0.22137114932898794,6.053404419258991e-06,4.9999999999999996e-06,1.8000738218400692e-05,5.6543532296006796e-05,2.585208874318968e-05,5.4323689329299e-06,-2.041971981025978e-05,-3.7588978330392195,False,ReRAM HRS leakage residual,False,-1.9847139411201282,-35.68789215380545,64
128,128,40,1.0,0.01,403.4,505.79,0.00016701073226521384,67,0.8879021466871633,0.0001880958762047651,0.00016701073226521384,0.005726513399937189,50.7029180217007,True,4.810410635891317e-06,72,0.21783813316708864,2.4052053179456586e-05,4.9999999999999996e-06,1.9386676196265357e-05,5.83800069872166e-05,4.395293887798819e-05,6.680429290608554e-05,2.2851354028097354e-05,0.34206415537130413,True,device spread,True,1.9330633659890637,1.5422571312471554,71
128,128,40,1.0,0.02,403.4,505.79,0.00016698448955097535,67,0.8877626289328775,0.0001880958762047651,0.00016698448955097535,0.005726562466546589,50.70435738249052,True,9.620184517944136e-06,72,0.21792060204146366,4.810092258972068e-05,4.9999999999999996e-06,1.9386676196265357e-05,5.83800069872166e-05,6.774677084032392e-05,6.679379582039015e-05,-9.529750199337693e-07,-0.014267418226931408,False,device spread,False,0.9819809832230387,0.7868507339281852,71
128,128,40,1.0,0.03,403.4,505.79,0.00016695850635865453,67,0.8876244909106886,0.0001880958762047651,0.00016695850635865453,0.005726626864777063,50.70580671007036,True,1.4428640094115371e-05,72,0.2179997495680582,7.214320047057686e-05,4.9999999999999996e-06,1.9386676196265357e-05,5.83800069872166e-05,9.170293559992811e-05,6.678340254346182e-05,-2.4919533056466287e-05,-0.3731396141466281,False,device spread,False,0.6566707901783346,0.5281156643466949,71
128,128,40,2.0,0.01,403.4,505.79,0.0001493331658760242,67,0.7939204669934231,0.0001880958762047651,0.0002986663317520484,0.005414208856977076,51.18757465405096,True,4.299934443067696e-06,72,0.21122346154051524,2.1499672215338483e-05,4.9999999999999996e-06,1.9358942494744277e-05,5.834416540719152e-05,4.1432363284621805e-05,5.973326635040968e-05,1.8300903065787878e-05,0.30637706899251727,True,device spread,True,1.8322549312616472,0.2956455641532244,71
128,128,40,2.0,0.02,403.4,505.79,0.00014930966066128417,67,0.793795502984566,0.0001880958762047651,0.00029861932132256835,0.005414252006981077,51.18901115510832,True,8.599307322246487e-06,72,0.21140749782698326,4.299653661123243e-05,4.9999999999999996e-06,1.9358942494744277e-05,5.834416540719152e-05,6.264522393079571e-05,5.972386426451367e-05,-2.9213596662820354e-06,-0.04891444487489115,False,device spread,False,0.9343443010001633,0.15026874218182537,71
128,128,40,2.0,0.03,403.4,505.79,0.00014928634316115465,67,0.7936715369487336,0.0001880958762047651,0.0002985726863223093,0.00541430869671432,51.19045867021714,True,1.2897504843031815e-05,72,0.21158861128008832,6.448752421515908e-05,4.9999999999999996e-06,1.9358942494744277e-05,5.834416540719152e-05,8.404001220915708e-05,5.971453726446186e-05,-2.432547494469522e-05,-0.40736269690851534,False,device spread,False,0.6252735053508782,0.09999086899199554,71
128,128,40,5.0,0.01,403.4,505.79,0.00011043478667014444,65,0.5871196588591014,0.00018809587620476336,0.0005521739333507222,0.004655310061719359,52.49685430809029,True,3.1822534469502582e-06,72,0.19099529844129481,1.5911267234751293e-05,4.9999999999999996e-06,1.9276125293858984e-05,5.82369229928225e-05,3.5954507260215015e-05,4.417391466805778e-05,8.219407407842763e-06,0.18606925534236676,True,ReRAM HRS leakage residual,True,1.499133299061986,-6.59178375243651,71
128,128,40,5.0,0.02,403.4,505.79,0.00011042912722419024,67,0.5870895707674888,0.0001880958762047651,0.0005521456361209512,0.004654150982284352,52.49513656214823,True,6.364110446967014e-06,72,0.1910197019483377,3.182055223483507e-05,4.9999999999999996e-06,1.9276125293858984e-05,5.82369229928225e-05,5.1487110136453705e-05,4.41716508896761e-05,-7.315459246777604e-06,-0.1656143499152618,False,device spread,False,0.7762047243550427,-3.4525417543439705,71
128,128,40,5.0,0.03,403.4,505.79,0.00011041175964032225,67,0.5869972370905447,0.0001880958762047651,0.0005520587982016113,0.004654191275241885,52.49657792761914,True,9.545109329628615e-06,72,0.1910449136074938,4.7725546648143074e-05,4.9999999999999996e-06,1.9276125293858984e-05,5.82369229928225e-05,6.726287141051165e-05,4.4164703856128904e-05,-2.309816755438275e-05,-0.5230006212569074,False,device spread,False,0.5209994752602267,-2.3240307833649307,71
128,128,40,10.0,0.01,403.4,505.79,7.265284416212732e-05,65,0.3862543168306177,0.00018809587620476336,0.0007265284416212732,0.0037744296352128013,54.31197426060437,True,2.1040628003823846e-06,75,0.18982810410124043,1.0520314001911923e-05,4.9999999999999996e-06,1.9139363557695716e-05,5.8059120749465176e-05,3.078741089185538e-05,2.906113766485093e-05,-1.7262732270044506e-06,-0.059401433175562006,False,ReRAM HRS leakage residual,False,0.861081809540592,-21.411226454211977,67
128,128,40,10.0,0.02,403.4,505.79,7.265059345838898e-05,65,0.38624235110450106,0.00018809587620476336,0.0007265059345838898,0.0037744453586281024,54.312279527269936,True,4.20786028823659e-06,75,0.1891061967483253,2.1039301441182948e-05,4.9999999999999996e-06,1.9139363557695716e-05,5.8059120749465176e-05,4.0764631304777204e-05,2.906023738335559e-05,-1.1704393921421614e-05,-0.402763190369717,False,device spread,False,0.46420354337763636,-11.711561489616704,67
128,128,40,10.0,0.03,403.4,505.79,7.26483464398283e-05,65,0.3862304049704017,0.00018809587620476336,0.000726483464398283,0.0037744672236328805,54.31259849469509,True,6.3110822646161975e-06,75,0.18897490547302406,3.155541132308099e-05,4.9999999999999996e-06,1.9139363557695716e-05,5.8059120749465176e-05,5.1088447797605125e-05,2.905933857593132e-05,-2.2029109221673805e-05,-0.7580733182936115,False,device spread,False,0.3141778363496439,-7.956146092828773,67
128,128,40,20.0,0.01,403.4,505.79,3.83068902006886e-05,65,0.20365619371148397,0.00018809587620476336,0.000766137804013772,0.002739257515572726,57.08711930018454,True,1.2498341461123994e-06,18,0.20869772474601417,6.249170730561998e-06,4.9999999999999996e-06,1.8870497489269222e-05,5.770697878978775e-05,2.687375525218757e-05,1.5322756080275438e-05,-1.1550999171912132e-05,-0.7538460516761352,False,ReRAM HRS leakage residual,False,-0.4865332703384213,-45.023116706797204,64
128,128,40,20.0,0.02,403.4,505.79,3.830561697079634e-05,65,0.20364942466413458,0.00018809587620476336,0.0007661123394159268,0.002739265492760664,57.08743329805324,True,2.499408362426772e-06,18,0.20768415917873503,1.249704181213386e-05,4.9999999999999996e-06,1.8870497489269222e-05,5.770697878978775e-05,3.233066294346115e-05,1.5322246788318537e-05,-1.7008416155142614e-05,-1.1100471353920227,False,ReRAM HRS leakage residual,False,-0.30236513728748354,-27.119778652878697,64
128,128,40,20.0,0.03,403.4,505.79,3.830431912909831e-05,65,0.20364252476965405,0.00018809587620476336,0.0007660863825819661,0.002739276550092563,57.08776265315865,True,3.748533658819335e-06,18,0.20665986980587503,1.8742668294096675e-05,4.9999999999999996e-06,1.8870497489269222e-05,5.770697878978775e-05,3.826863180116986e-05,1.5321727651639322e-05,-2.2946904149530538e-05,-1.497670802618357,False,ReRAM HRS leakage residual,False,-0.21262297351612627,-18.889950836653277,64
128,128,40,50.0,0.01,403.4,505.79,1.1552112199855535e-05,65,0.0614160843551922,0.00018809587620476336,0.0005776056099927768,0.0015033996772812553,62.28826108709625,False,7.091945363664323e-07,7,0.2358122330767343,3.5459726818321615e-06,4.9999999999999996e-06,1.809938284760707e-05,5.667740114093686e-05,2.4229139960274745e-05,4.620844879942215e-06,-1.960829508033253e-05,-4.243443696940924,False,ReRAM HRS leakage residual,False,-2.5632766599745116,-65.12574960943694,64
128,128,40,50.0,0.02,403.4,505.79,1.1551701312543903e-05,65,0.061413899898414503,0.00018809587620476336,0.0005775850656271951,0.0015034019654614702,62.288583253603406,False,1.4182232240615888e-06,7,0.23270445472218387,7.0911161203079445e-06,4.9999999999999996e-06,1.809938284760707e-05,5.667740114093686e-05,2.6776013981387692e-05,4.620680525017562e-06,-2.215533345637013e-05,-4.794820446125936,False,ReRAM HRS leakage residual,False,-2.2590833234290497,-50.7974413810098,64
128,128,40,50.0,0.03,403.4,505.79,1.1551275455137029e-05,65,0.061411635854058684,0.00018809587620476336,0.0005775637727568515,0.0015034051231687232,62.28892171139091,False,2.126974447388871e-06,7,0.22958504930147047,1.0634872236944355e-05,4.9999999999999996e-06,1.809938284760707e-05,5.667740114093686e-05,2.985100007657304e-05,4.620510182054812e-06,-2.523048989451823e-05,-5.460541996532911,False,ReRAM HRS leakage residual,False,-1.9286823705508518,-39.67606917477649,64
128,128,60,1.0,0.01,403.4,336.8506,0.0001948285915949213,67,0.8681340480580624,0.0002244222445032945,0.0001948285915949213,0.006745367455912189,50.78705843853837,True,6.661181860572924e-06,72,0.21650151133270806,3.330590930286462e-05,4.9999999999999996e-06,1.9423378755838508e-05,5.8427384412659475e-05,5.310250574111893e-05,7.793143663796852e-05,2.4828930896849588e-05,0.31859968156615287,True,device spread,True,1.7402134483145393,1.2614916959585531,71
128,128,60,1.0,0.02,403.4,336.8506,0.00019479509922995639,67,0.8679848098885616,0.0002244222445032945,0.00019479509922995639,0.006745546109423989,50.78878177652339,True,1.332184141178397e-05,72,0.2163800477622599,6.660920705891985e-05,4.9999999999999996e-06,1.9423378755838508e-05,5.8427384412659475e-05,8.621998394665684e-05,7.791803969198257e-05,-8.301944254674275e-06,-0.10654713962893127,False,device spread,False,0.8774360371323078,0.6392472776494162,71
128,128,60,1.0,0.03,403.4,336.8506,0.00019476392266168689,67,0.8678458906457811,0.0002244222445032945,0.00019476392266168689,0.006745819717389194,50.79052435077745,True,1.998122049540536e-05,72,0.21625435269749396,9.990610247702678e-05,4.9999999999999996e-06,1.9423378755838508e-05,5.8427384412659475e-05,0.00011945452046755835,7.790556906467476e-05,-4.154895140288359e-05,-0.5333245350969833,False,device spread,False,0.5859236601590683,0.428820377880159,71
128,128,60,2.0,0.01,403.4,336.8506,0.00017082381774098274,67,0.7611715056101538,0.0002244222445032945,0.0003416476354819655,0.00631485403552598,51.35629785675099,True,5.839809422286584e-06,72,0.20848721233062734,2.9199047111432922e-05,4.9999999999999996e-06,1.9395560087571984e-05,5.839148048669349e-05,4.9019610320713286e-05,6.83295270963931e-05,1.930991677567982e-05,0.28259988904122135,True,device spread,True,1.6552836455464812,-0.19743557417221846,71
128,128,60,2.0,0.02,403.4,336.8506,0.0001707940485817714,67,0.7610388576220846,0.0002244222445032945,0.0003415880971635428,0.006315009812343555,51.358025926641744,True,1.16791467665936e-05,72,0.2085577751549476,5.8395733832967997e-05,4.9999999999999996e-06,1.9395560087571984e-05,5.839148048669349e-05,7.80049597593895e-05,6.831761943270857e-05,-9.68734032668093e-06,-0.14179856393009652,False,device spread,False,0.8366652845974689,-0.10102880025479907,71
128,128,60,2.0,0.03,403.4,336.8506,0.00017076601468488887,67,0.7609139417656169,0.0002244222445032945,0.00034153202936977774,0.00631524875543891,51.35978037810325,True,1.751731529663691e-05,72,0.2086241333969809,8.758657648318455e-05,4.9999999999999996e-06,1.9395560087571984e-05,5.839148048669349e-05,0.00010712473642044734,6.830640587395554e-05,-3.8818330546491796e-05,-0.5682970733099688,False,device spread,False,0.558953755092757,-0.06834358141210956,71
128,128,60,5.0,0.01,403.4,336.8506,0.00012059706909187783,65,0.5373668254623901,0.00022442224450329104,0.0006029853454593892,0.0053041157262242985,52.86552475765704,True,4.129364432132583e-06,72,0.19128320707049484,2.0646822160662916e-05,4.9999999999999996e-06,1.931248968784806e-05,5.828405182867376e-05,4.0556106737071136e-05,4.823882763675113e-05,7.682720899679997e-06,0.15926425404722844,True,device spread,True,1.3688566366882897,-8.0231258612849,71
128,128,60,5.0,0.02,403.4,336.8506,0.0001205939989284623,65,0.5373531451633523,0.00022442224450329104,0.0006029699946423115,0.005304216694684042,52.86591122797895,True,8.258381941997352e-06,72,0.19139706086465513,4.129190970998676e-05,4.9999999999999996e-06,1.931248968784806e-05,5.828405182867376e-05,6.0906020524959e-05,4.8237599571384924e-05,-1.2668420953574076e-05,-0.262625442935372,False,device spread,False,0.6991141539039406,-4.127781763522584,71
128,128,60,5.0,0.03,403.4,336.8506,0.00012057309879937025,67,0.537260016564892,0.0002244222445032945,0.0006028654939968513,0.00530290794861772,52.86527331470306,True,1.2386507784647849e-05,72,0.1915099236208778,6.193253892323925e-05,4.9999999999999996e-06,1.931248968784806e-05,5.828405182867376e-05,8.144653331514264e-05,4.8229239519748106e-05,-3.321729379539453e-05,-0.6887376646648817,False,device spread,False,0.46798197871985797,-2.768419005477168,71
128,128,60,10.0,0.01,403.4,336.8506,7.532676436448847e-05,65,0.33564749577836006,0.00022442224450329104,0.0007532676436448847,0.004189069859408831,54.90336580223658,True,2.6064601684476928e-06,87,0.18886969958192776,1.3032300842238464e-05,4.9999999999999996e-06,1.9175311548829017e-05,5.810594180246081e-05,3.313385249129895e-05,3.013070574579539e-05,-3.003146745503561e-06,-0.09967064066936557,False,ReRAM HRS leakage residual,False,0.7979806738476908,-24.06026136676332,67
128,128,60,10.0,0.02,403.4,336.8506,7.532424275852251e-05,65,0.33563625978893513,0.00022442224450329104,0.0007532424275852251,0.004189132504569903,54.90378646373927,True,5.212538538031543e-06,87,0.1888132892159444,2.6062692690157714e-05,4.9999999999999996e-06,1.9175311548829017e-05,5.810594180246081e-05,4.571328340542726e-05,3.0129697103409007e-05,-1.5583586302018253e-05,-0.5172168259286967,False,device spread,False,0.42013484783577704,-12.760683160370306,67
128,128,60,10.0,0.03,403.4,336.8506,7.532191565481481e-05,65,0.335625890479454,0.00022442224450329104,0.0007532191565481481,0.004189231533723197,54.90426014195747,True,7.817863662001064e-06,87,0.1887566136632717,3.908931831000532e-05,4.9999999999999996e-06,1.9175311548829017e-05,5.810594180246081e-05,5.858311288233298e-05,3.0128766261925924e-05,-2.845434662040706e-05,-0.9444245533666326,False,device spread,False,0.2828991528924215,-8.60970912489193,67
128,128,60,20.0,0.01,403.4,336.8506,3.744428453518474e-05,65,0.16684747368987143,0.00022442224450329104,0.0007488856907036949,0.0029509655310835815,57.93157199974725,True,1.577520267846976e-06,18,0.22275590239222895,7.887601339234881e-06,4.9999999999999996e-06,1.890563310109417e-05,5.7753193937567626e-05,2.824449035916916e-05,1.4977713814073899e-05,-1.326677654509526e-05,-0.8857677953913804,False,ReRAM HRS leakage residual,False,-0.4942555360171893,-49.11690884624906,64
128,128,60,20.0,0.02,403.4,336.8506,3.7442703995305314e-05,65,0.16684043098390916,0.00022442224450329104,0.0007488540799061062,0.002950996379966374,57.93202944305642,True,3.1547946762865983e-06,18,0.22254010964325813,1.577397338143299e-05,4.9999999999999996e-06,1.890563310109417e-05,5.7753193937567626e-05,3.5453087172284596e-05,1.4977081598122127e-05,-2.0476005574162468e-05,-1.367155906844349,False,ReRAM HRS leakage residual,False,-0.29475762154523016,-28.108951749252707,64
128,128,60,20.0,0.03,403.4,336.8506,3.7441038423347345e-05,65,0.16683300938467482,0.00022442224450329104,0.0007488207684669468,0.0029510451791999828,57.93255946123881,True,4.731596652610512e-06,18,0.22230780854830906,2.3657983263052563e-05,4.9999999999999996e-06,1.890563310109417e-05,5.7753193937567626e-05,4.308620737208441e-05,1.4976415369338939e-05,-2.810979200274547e-05,-1.8769372583171242,False,device spread,False,-0.204723856193098,-19.305089335086652,64
128,128,60,50.0,0.01,403.4,336.8506,1.0548622237486794e-05,65,0.04700346109109565,0.00022442224450329104,0.0005274311118743397,0.0015649833282403638,63.426279510427136,False,9.192275319168757e-07,5,0.23662147993973695,4.5961376595843785e-06,4.9999999999999996e-06,1.8132234344422904e-05,5.672187248803606e-05,2.4923735017017274e-05,4.219448894994718e-06,-2.0704286122022556e-05,-4.906869744668036,False,ReRAM HRS leakage residual,False,-2.6235966386241243,-71.42402234619792,64
128,128,60,50.0,0.02,403.4,336.8506,1.054807729403109e-05,65,0.0470010328850285,0.00022442224450329104,0.0005274038647015545,0.001564991906387377,63.42677584627749,False,1.8383625028244601e-06,5,0.23423770275096564,9.1918125141223e-06,4.9999999999999996e-06,1.8132234344422904e-05,5.672187248803606e-05,2.85959534392178e-05,4.219230917612436e-06,-2.4376722521605366e-05,-5.77752746829974,False,ReRAM HRS leakage residual,False,-2.272525624215548,-53.01709329935771,64
128,128,60,50.0,0.03,403.4,336.8506,1.0547452596426888e-05,65,0.046998249303545375,0.00022442224450329104,0.0005273726298213444,0.0015650054857563648,63.4273656399902,False,2.7572700987514495e-06,5,0.23183401260050554,1.3786350493757247e-05,4.9999999999999996e-06,1.8132234344422904e-05,5.672187248803606e-05,3.279727644926259e-05,4.218981038570755e-06,-2.8578295410691832e-05,-6.773743505700412,False,ReRAM HRS leakage residual,False,-1.9097752098665113,-40.69008607291177,64
128,128,100,1.0,0.01,403.4,202.0276,0.00022469581757523225,67,0.8461483620016763,0.00026555132369893673,0.00022469581757523225,0.007869682202745882,50.88724412335203,True,9.044806943788354e-06,72,0.2148886305756273,4.5224034718941764e-05,4.9999999999999996e-06,1.9452750180705414e-05,5.8465253396184844e-05,6.49523470608982e-05,8.98783270300929e-05,2.4925979969194696e-05,0.27733026184220166,True,device spread,True,1.5508066604277506,0.9699470422135804,71
128,128,100,1.0,0.02,403.4,202.0276,0.000224654468450007,67,0.8459926515173553,0.00026555132369893673,0.000224654468450007,0.007870093997311797,50.88929716320327,True,1.808987677934013e-05,72,0.21457184884926386,9.044938389670064e-05,4.9999999999999996e-06,1.9452750180705414e-05,5.8465253396184844e-05,0.00011004022750120888,8.98617873800028e-05,-2.0178440121206077e-05,-0.22454973030835176,False,device spread,False,0.7789509123427897,0.49028575670809244,71
128,128,100,1.0,0.03,403.4,202.0276,0.0002246190645047833,67,0.8458593290969262,0.00026555132369893673,0.0002246190645047833,0.007870747529496807,50.89138735132374,True,2.7134888710326184e-05,72,0.2142478764178409,0.00013567444355163093,4.9999999999999996e-06,1.9452750180705414e-05,5.8465253396184844e-05,0.0001552192947822555,8.984762580191332e-05,-6.537166898034217e-05,-0.7275837107200452,False,device spread,False,0.5197686064263033,0.3291211121325333,71
128,128,100,2.0,0.01,403.4,202.0276,0.00019279129950984964,67,0.7260039107484275,0.00026555132369893673,0.0003855825990196993,0.007287192004415912,51.54945563695123,True,7.760435572264123e-06,72,0.20528990693034502,3.8802177861320614e-05,4.9999999999999996e-06,1.9424863433627204e-05,5.8429299588705005e-05,5.854786187165033e-05,7.711651980393987e-05,1.8568657932289537e-05,0.24078703213654187,True,device spread,True,1.4782374147266328,-0.7256148253952681,71
128,128,100,2.0,0.02,403.4,202.0276,0.00019275463170511303,67,0.7258658289485485,0.00026555132369893673,0.00038550926341022606,0.007287544403308754,51.55152782859368,True,1.5521020094193222e-05,72,0.20528643380432704,7.760510047096611e-05,4.9999999999999996e-06,1.9424863433627204e-05,5.8429299588705005e-05,9.719086898302357e-05,7.710185268204522e-05,-2.0089016300978352e-05,-0.26055166772479516,False,device spread,False,0.7436913513378981,-0.36682844427388667,71
128,128,100,2.0,0.03,403.4,202.0276,0.00019272222818060613,67,0.725743805363595,0.00026555132369893673,0.00038544445636121225,0.007288104336428164,51.55365546398105,True,2.328137590950544e-05,72,0.20527530875567773,0.0001164068795475272,4.9999999999999996e-06,1.9424863433627204e-05,5.8429299588705005e-05,0.0001359390754680074,7.708889127224246e-05,-5.8850184195764944e-05,-0.763406805111948,False,device spread,False,0.49638542678486375,-0.2457957150536062,71
128,128,100,5.0,0.01,403.4,202.0276,0.00012959086254055876,65,0.48800684076979206,0.0002655513236989454,0.0006479543127027938,0.005970314332596628,53.26845633055114,True,5.228364803643314e-06,72,0.19135018317658958,2.614182401821657e-05,4.9999999999999996e-06,1.934159016258978e-05,5.8321721922214784e-05,4.595728032834361e-05,5.183634501622351e-05,5.879064687879899e-06,0.113415880036293,True,device spread,True,1.2287910169547833,-9.397964998748309,71
128,128,100,5.0,0.02,403.4,202.0276,0.00012958808596002472,65,0.48799638486057134,0.0002655513236989454,0.0006479404298001236,0.0059705404478570135,53.26897139090285,True,1.045673158949184e-05,72,0.19157302170387736,5.22836579474592e-05,4.9999999999999996e-06,1.934159016258978e-05,5.8321721922214784e-05,7.186378440813624e-05,5.183523438400989e-05,-2.0028550024126348e-05,-0.38638872307877026,False,device spread,False,0.6226728718319835,-4.784499415712395,71
128,128,100,5.0,0.03,403.4,202.0276,0.0001295669793877319,67,0.48791690277780636,0.00026555132369893673,0.0006478348969386595,0.005969127640421664,53.26833063153017,True,1.5684691034506287e-05,72,0.19178876126003855,7.842345517253144e-05,4.9999999999999996e-06,1.934159016258978e-05,5.8321721922214784e-05,9.792427477693754e-05,5.1826791755092764e-05,-4.6097483021844774e-05,-0.8894527610290482,False,device spread,False,0.4161663461016869,-3.202103483064616,71
128,128,100,10.0,0.01,403.4,202.0276,7.686551596866584e-05,65,0.28945634650952823,0.0002655513236989454,0.0007686551596866585,0.004592553242786601,55.526453062562666,True,3.18870404409556e-06,100,0.18825827606658765,1.59435202204778e-05,4.9999999999999996e-06,1.920407839393727e-05,5.814336564959055e-05,3.59132326819551e-05,3.0746206387466335e-05,-5.167026294488762e-06,-0.16805410818406188,False,ReRAM HRS leakage residual,False,0.7144189211631219,-26.127486772059207,67
128,128,100,10.0,0.02,403.4,202.0276,7.686254047426687e-05,65,0.2894451415403437,0.0002655513236989454,0.0007686254047426687,0.0045926870562166995,55.52704238074935,True,6.376784589050613e-06,100,0.1882897636041003,3.188392294525307e-05,4.9999999999999996e-06,1.920407839393727e-05,5.814336564959055e-05,5.147766732325895e-05,3.074501618970675e-05,-2.0732651133552198e-05,-0.6743418512328956,False,device spread,False,0.37049976082354785,-13.585803298390026,67
128,128,100,10.0,0.03,403.4,202.0276,7.685985880765053e-05,65,0.28943504305324524,0.0002655513236989454,0.0007685985880765052,0.004592903595483161,55.527754947937105,True,9.56394300722588e-06,100,0.18831554833074576,4.78197150361294e-05,4.9999999999999996e-06,1.920407839393727e-05,5.814336564959055e-05,6.728448132628196e-05,3.074394352306021e-05,-3.654053780322175e-05,-1.1885442664768644,False,device spread,False,0.24868604664017444,-9.128391447505477,67
128,128,100,20.0,0.01,403.4,202.0276,3.614946025719673e-05,65,0.13612984395505875,0.0002655513236989454,0.0007229892051439347,0.00314526480793624,58.79110796809606,True,1.980663652643563e-06,13,0.23206917883915273,9.903318263217816e-06,4.9999999999999996e-06,1.8933749075111025e-05,5.779013302915307e-05,3.0027698445041626e-05,1.4459784102878694e-05,-1.5567914342162932e-05,-1.076635323971651,False,ReRAM HRS leakage residual,False,-0.5182492833816086,-51.8055549692199,64
128,128,100,20.0,0.02,403.4,202.0276,3.614740496363394e-05,65,0.13612210423252918,0.0002655513236989454,0.0007229480992726788,0.0031453274686693527,58.79177486292462,True,3.961465351850135e-06,13,0.23290540223287157,1.9807326759250675e-05,4.9999999999999996e-06,1.8933749075111025e-05,5.779013302915307e-05,3.9362410150857715e-05,1.4458961985453577e-05,-2.4903448165404136e-05,-1.722353803160851,False,device spread,False,-0.2995920281750063,-28.577384048547973,64
128,128,100,20.0,0.03,403.4,202.0276,3.614509113820201e-05,65,0.1361133909435133,0.0002655513236989454,0.0007229018227640401,0.00314542891890788,58.7926110242378,True,5.94223529366596e-06,13,0.23371711940559484,2.9711176468329797e-05,4.9999999999999996e-06,1.8933749075111025e-05,5.779013302915307e-05,4.906270536523555e-05,1.4458036455280803e-05,-3.460466890995475e-05,-2.3934556408809846,False,device spread,False,-0.20631997740186808,-19.449311400738264,64
128,128,100,50.0,0.01,403.4,202.0276,9.587934736385382e-06,65,0.03610576894451933,0.0002655513236989454,0.0004793967368192691,0.0016179479987729509,64.54478979958417,False,1.1796922866820285e-06,5,0.2369934827800321,5.898461433410142e-06,4.9999999999999996e-06,1.8158520464240822e-05,5.675741650991678e-05,2.589103928293288e-05,3.835173894554153e-06,-2.2055865388378726e-05,-5.750942719884874,False,ReRAM HRS leakage residual,False,-2.67950878136595,-76.5752086958581,64
128,128,100,50.0,0.02,403.4,202.0276,9.587208407438052e-06,65,0.036103033771004794,0.0002655513236989454,0.0004793604203719026,0.001617964506663179,64.54553644100596,False,2.3593601123895233e-06,5,0.2353756730855357,1.1796800561947616e-05,4.9999999999999996e-06,1.8158520464240822e-05,5.675741650991678e-05,3.097119011183447e-05,3.834883362975221e-06,-2.713630674885925e-05,-7.07617525238266,False,ReRAM HRS leakage residual,False,-2.2850251255436316,-54.76252073732902,64
128,128,100,50.0,0.03,403.4,202.0276,9.586303332805084e-06,65,0.036099625485855394,0.0002655513236989454,0.00047931516664025424,0.0016179912472613948,64.5465000190808,False,3.538891253717972e-06,5,0.23372654521064676,1.769445626858986e-05,4.9999999999999996e-06,1.8158520464240822e-05,5.675741650991678e-05,3.65458471497881e-05,3.834521333122034e-06,-3.2711325816666065e-05,-8.530745554630357,False,ReRAM HRS leakage residual,False,-1.8947998968894764,-41.39734872893821,64
